,test_id,headline,impressions,impressions,clicks,CTR,ini_CTR
12,4,"Thousands Of Protesters Are About To Descend On Washington, D.C. Here's Why.",2654.0,2654.0,53.0,0.019969856819894497,0.00220168870875442
13,4,The Protest That Could Literally Save The World ,2636.0,2636.0,45.0,0.01707132018209408,0.01145821641313437
14,4,WATCH: The Protest That Could Literally Save The World ,2707.0,2707.0,50.0,0.01847063169560399,0.011755279202240251
15,4,Could This Be The Most Important Protest Of 2013? ,2606.0,2606.0,42.0,0.016116653875671526,0.016657932371758652
20,6,Creationism Has Nothing To Do With Christianity According To Christian Dude,2551.0,2551.0,39.0,0.01528812230497844,0.008515459685616424
21,6,The One Where A Creationist Picks A Fight And Loses To A Priest,2629.0,2629.0,68.0,0.025865348041080257,0.018070188290423762
22,6,"Creationism Shouldn't Be Taught In Science Classes, According To This Guy.",2539.0,2539.0,49.0,0.01929893658920835,0.005144799698409798
23,6,God Finds Out About Creationism And Sends A Representative To Put A Stop To It,2661.0,2661.0,63.0,0.02367531003382187,0.014651774970579366
32,9,I Wouldn't Mind Getting Sent To This Principal's Office,2827.0,2827.0,29.0,0.010258224266006368,0.008915952981502717
33,9,This Elementary School Principal Has A Message For Any Administrators Who Let Bullying Slide,2747.0,2747.0,26.0,0.009464870768110666,0.013522578673868923
34,9,A Dispatch From The Front Lines In The Fight Against Bullying,2817.0,2817.0,22.0,0.007809726659566915,0.014465077357639357
35,9,"If Teachers Won't Stand Up To Bullying, Then Who Will? ",2945.0,2945.0,29.0,0.009847198641765705,0.015394321745688753
53,15,"Bail Out The Bankers? Iceland ARRESTED Them, And Look What Happened.",5284.0,5284.0,111.0,0.021006813020439063,0.011798944733756284
54,15,"In America, Bankers Get Bailouts. In Iceland, They Get Solitary Confinement.",5293.0,5293.0,58.0,0.010957868883430947,0.01132997870864538
55,15,Why Do Bankers Get Treated Like Diplomats? It's Time To End The Ridiculousness.,5451.0,5451.0,48.0,0.008805723720418272,0.00917382681520645
56,15, Iceland's Economy Is Kicking Ass. What's Their Secret? ARRESTING BANKERS!,5377.0,5377.0,74.0,0.013762320996838386,0.01
57,16,Jon Stewart Finds And Exploits Bill O'Reilly's Only Weakness: Facts,5129.0,5129.0,164.0,0.03197504386820043,0.025393595269661097
58,16,I Almost Feel Bad For Bill O'Reilly In This Clip. Almost.,5248.0,5248.0,246.0,0.046875,0.020061680798444295
59,16,Note To Fox News: Don't Let Jon Stewart See ANYTHING You Do,5188.0,5188.0,178.0,0.034309946029298384,0.02500750661021245
60,16,What Happens When Jon Stewart Debates Bill O'Reilly On The Subject Of Racism?,5257.0,5257.0,171.0,0.03252805782765836,0.025105903147271715
113,31,"Mr. President, I'm Not Mad. I'm Just Disappointed. ",5210.0,5210.0,103.0,0.019769673704414587,0.01832073146215118
114,31,"Mr. President, I'm Not Mad. I'm Just Disappointed. No, Wait. I'm A Little Mad Too.",5363.0,5363.0,89.0,0.016595189259742682,0.019950652392384475
115,32,The First Gangnam Style Video That Actually Makes The World A Better Place,3577.0,3577.0,93.0,0.025999440872239307,0.01219088559777325
116,32,"What Do You Get With 2 Guys, 1 Girl, And 200 Condoms?",3487.0,3487.0,115.0,0.032979638657872096,0.012421604545763233
117,32,200 Condoms Were Harmed In The Making Of This Video,3512.0,3512.0,85.0,0.024202733485193622,0.010340401402936343
128,36,MAD RESPECT: This Brave Woman Is Running For President In A Country Not Known For Respecting Women,2764.0,2764.0,31.0,0.01121562952243126,0.00831852218917251
129,36,"This Brave Woman Is Running For President Of Afghanistan. Yes, Afghanistan.",2763.0,2763.0,26.0,0.009410061527325372,0.0029308569993450433
130,36,"If You Think Hillary Had A Rough Campaign, You Haven't Met Afghanistan's Lady Presidential Candidate",2811.0,2811.0,36.0,0.012806830309498399,0.01588947153100896
131,36,Her Mom Abandoned Her When She Found Out She Had A Girl. Said Girl May Now Run A Country.,2741.0,2741.0,59.0,0.021524990879241153,0.011517550877949496
167,47,"If You Enjoy The Ol' Night Sky, You Should Get Your Fill ASAP. It Genuinely Won't Be There For Long.",2347.0,2347.0,15.0,0.006391137622496805,0.003464717405038925
168,47,The Universe Just Lost 200 Billion Stars,2356.0,2356.0,46.0,0.019524617996604415,0.00504794922363826
205,58,"Now For Sale: Daughters, $10,000 Each (If They're Pretty)",2698.0,2698.0,92.0,0.0340993328391401,0.009372632682347245
206,58,Why Doesn't This Woman Want Her Daughter To Be Pretty?,2726.0,2726.0,94.0,0.034482758620689655,0.027815760171673982
207,58,This Woman's Beef With Prettiness Will Leave You Speechless,2674.0,2674.0,108.0,0.04038893044128646,0.036651225093251576
208,58,Why This Woman Thinks Pretty Isn't Enough,2814.0,2814.0,73.0,0.025941719971570718,0.020797453732176462
213,60,We Have Been Misled By An Erroneous Map Of The World For 500 Years,5300.0,5300.0,156.0,0.02943396226415094,0.02187268943263076
214,60,You Know That Map Of The World You First Saw As A Kid? That's Super Wrong.,5152.0,5152.0,129.0,0.025038819875776396,0.012993938529598873
215,60,Geography's Best Kept Secret: The World Map That You Know Is Completely False,5118.0,5118.0,134.0,0.02618210238374365,0.027590085791692955
216,60,How Many Continents Can Fit Inside Of Africa? Hint: It's More.,5033.0,5033.0,64.0,0.012716073912179614,0.020772975125830193
294,86,"Nothing To See Here, Just Some Giant Abstract Things The Secret Flying Cameras Like To Look At",2653.0,2653.0,66.0,0.024877497173011683,0.012448460447427217
295,86,"Forget Crop Circles, The U.S. Military Does Even Weirder Stuff In The Middle Of Nowhere",2802.0,2802.0,103.0,0.03675945753033547,0.017944835176393455
296,86,I'm TOTALLY Not Unsettled By These Huge Weird Things Painted In The Middle Of Nowhere. Not At All.,2752.0,2752.0,83.0,0.030159883720930234,0.01294589226642891
297,86,These Cool-Looking Things DEFINITELY Don't Call To Mind A Hellish War The U.S. Wages With Robots,2696.0,2696.0,45.0,0.01669139465875371,0.005162583103674728
356,104,I Would Not Want To Hear This Heartbreaking Sound Coming From My Mom,2623.0,2623.0,35.0,0.013343499809378575,0.01998897748498029
357,104,The Cops Almost Killed This Guy For Drinking At A Bar,2788.0,2788.0,39.0,0.013988522238163558,0.018430854016627293
394,114,This Brave Woman Has More Than Two Things To Get Off Her Chest,3190.0,3190.0,17.0,0.005329153605015674,0.015366581881253642
395,114,"Every Time A Politician Tries To Defund Planned Parenthood, I Think Of THIS",3225.0,3225.0,32.0,0.00992248062015504,0.012159943947049837
396,114,"Every Time A Politician Tries To Defund Planned Parenthood, I Think Of This Brave Woman",3143.0,3143.0,35.0,0.011135857461024499,0.012176044170705287
397,114,"Screw Pink Ribbons, This Breast Cancer Patient Knows The Real Way To Cure Breast Cancer",3216.0,3216.0,23.0,0.007151741293532339,0.01491757572006468
417,120,Are You Tired Of Schools Failing? So Are Your Teachers.,1046.0,1046.0,13.0,0.0124282982791587,0.0048504986263034995
418,120,You Can Blame Teachers. You Can Blame Parents. You Can Blame Students. OR You Could Fix Things.,1005.0,1005.0,8.0,0.007960199004975124,0.005517242341725492
419,120,POP QUIZ: Should We Blame The Parents Or The Teachers For Our Failing Schools?,1070.0,1070.0,13.0,0.012149532710280374,0.004512254450772575
420,120,Teachers Aren't The Problem. They Are The Solution. And So Are You.,1030.0,1030.0,13.0,0.01262135922330097,0.00562720341046115
424,122,This NBA Star Got Really Angry When 2 Lesbians Got Married. He Had A Good Reason Though.,2600.0,2600.0,112.0,0.043076923076923075,0.026879454792422645
425,122,NBA Star Gets Mad At 2 Lesbians. Heartwarming Moment Ensues.,2459.0,2459.0,78.0,0.03172021146807645,0.030083278685224993
426,122,You Will Not Believe What This NBA Star Had To Say About Lesbians,2524.0,2524.0,78.0,0.030903328050713153,0.02410161512725799
427,122,There's Nothing Quite As Heartwarming As Watching 2 Lesbians Upset An NBA Star,2624.0,2624.0,92.0,0.0350609756097561,0.0225663949672473
432,124,A Haunting Photo Of Martin Luther King Jr. Plus His Immortal Audio Clip,2800.0,2800.0,42.0,0.015,0.018599369857860478
433,124,The Most Powerful Memories Of Martin Luther King Jr.,2831.0,2831.0,26.0,0.009184033910279053,0.008520731037991782
434,124,The Most Powerful Photo Of Martin Luther King Jr. I've Ever Seen,2839.0,2839.0,60.0,0.021134202183867558,0.01388750526294482
435,124,Seeing This Incredible Photo Mixed With Hearing His Voice Makes Remembering MLK Jr. Easy ,2748.0,2748.0,31.0,0.011280931586608443,0.017865601351851237
447,128,NSFW: Stopping Breast Cancer With Pictures Of Boobs,2787.0,2787.0,64.0,0.022963760315751706,0.014841372365025075
448,128,Never Ever Ever Forget About Breasts,2662.0,2662.0,74.0,0.02779864763335838,0.01914699574251319
449,128,Topless Women With Something To Say,2605.0,2605.0,108.0,0.04145873320537428,0.0064869804625456206
450,128,You'll Never Look At Topless Women The Same Way Again,2769.0,2769.0,196.0,0.07078367641747924,0.03266223385355038
524,150,This Is One Of The Most Patriotic Videos About Being An American I've Ever Seen. Even If He's Not American.,2822.0,2822.0,54.0,0.01913536498936924,0.01675309847286937
525,150,This Is One Of The Most Patriotic Videos About Being An American I've Ever Seen. ,2638.0,2638.0,66.0,0.025018953752843062,0.02302731333471201
526,150,"Meet One Of The 11,000,000 People Who Might Make You Uncomfortable, But Really Shouldn't",2730.0,2730.0,69.0,0.025274725274725275,0.017769779755504554
527,150,"If This Is Illegal, Then You Are Illegal",2736.0,2736.0,59.0,0.021564327485380116,0.021664191131264412
616,178,"National News Organization Attacks 9 Year Old Girl, Then Attacks Itself For Doing So",2679.0,2679.0,88.0,0.032848077640910786,0.023251841959092533
617,178,How To Apologize After You Call A 9 Year Old Girl A Horrible Name In Front Of Everyone,2673.0,2673.0,112.0,0.041900486344930786,0.02231567777035145
618,178,"The Onion Attacks 9 Year Old Girl, Then Attacks Itself For Doing So",2846.0,2846.0,105.0,0.036893886156008436,0.02623541520772419
619,178,Take Note Hypocritical Politicians: This Is How To Apologize When You Are Totally In The Wrong,2689.0,2689.0,62.0,0.023056898475269618,0.013240824191063705
687,197,The One Where A Supreme Court Justice Acts Like An Internet Troll,3242.0,3242.0,54.0,0.016656384947563233,0.01
688,197,"When A Supreme Court Justice Sounds Like A Racist Internet Commenter, We've Got A Problem",3044.0,3044.0,88.0,0.02890932982917214,0.012190677414300681
689,197,An Internet Troll Rears His Ugly Head — As A Supreme Court Justice,3170.0,3170.0,68.0,0.02145110410094637,0.005209370043702711
690,197,One Of The Most Racist Things A Supreme Court Justice Has Ever Said,3003.0,3003.0,94.0,0.031302031302031304,0.020574990895416458
752,218,You May Be Shocked To Find Out How Much Health Care Executives Care About Your Health,3970.0,3970.0,28.0,0.007052896725440806,0.005188101977462999
753,218,A Simple Explanation For Why Healthcare Is A Trainwreck,3945.0,3945.0,23.0,0.0058301647655259825,0.015331645802838943
754,218,"That One Itty-Bitty, Teeny-Tiny, Pesky Little Thing That Healthcare Execs Always Forget About",3829.0,3829.0,38.0,0.009924262209454165,0.014432824338960929
862,249,Politically Correct Alternate Endings To Princess Movies Disney Doesn't Want You To See,3276.0,3276.0,69.0,0.021062271062271064,0.023477434608704023
863,249,LOL: Politically Correct Alternate Endings To Princess Movies Disney Doesn't Want You To See,3232.0,3232.0,60.0,0.018564356435643563,0.023941592794285888
864,249,The Disturbing True Story Of What Happens In Disney Movies AFTER 'Happily Ever After',3138.0,3138.0,52.0,0.0165710643722116,0.027350155076022627
865,249,Disney Movies Tend To End In Lies. Here's What Happens Next.,3441.0,3441.0,43.0,0.012496367335077013,0.01760708290598073
896,258,The Taliban Just Got Owned By A 15-Year-Old Girl ,3547.0,3547.0,111.0,0.03129405131096701,0.03466594032943513
897,258,The Taliban Tried To Silence This 15-Year-Old Girl By Shooting Her In The Head. It Didn't Work.,3495.0,3495.0,52.0,0.014878397711015737,0.0215049848773617
898,258,Meet The 15-Year-Old Girl Who Just Schooled The Taliban ,3505.0,3505.0,72.0,0.020542082738944364,0.02202411224835053
912,264,MAP: What The USA Could Look Like If 1 Party Didn't Think Building Infrastructure Made You A Commie,2665.0,2665.0,87.0,0.03264540337711069,0.006190944162757391
913,264,This Future Map Of The United States Is Way Cooler Than Any Current Map Of The United States,2631.0,2631.0,136.0,0.05169137210186241,0.002708247220270716
992,285,2 Members Of Congress Debate Whether Accepting Legalized Bribes Is Cool. Righteous Honesty Prevails.,2820.0,2820.0,26.0,0.009219858156028368,0.0121825065878247
993,285,A Congressperson Thinks Legalized Bribery Is A Good Idea. A Human Person Corrects Them.,2729.0,2729.0,52.0,0.01905459875412239,0.017517465014739973
994,285,A Congressperson Endorses Legalized Bribery Of Congress. Honest Shellacking Ensues.,2761.0,2761.0,38.0,0.013763129300977906,0.016966896366534832
995,285,Watch A Real Person Correct An Elected Official On How Democracy Should Actually Function,2833.0,2833.0,74.0,0.02612072008471585,0.01981813681475275
1046,305,"An Inspiring And Beautiful Look At Mushrooms. Yup, I Said Mushrooms.",3832.0,3832.0,25.0,0.006524008350730689,0.007682849981196456
1047,305,Talented Documentarian Makes Mushrooms Into The Most Fascinating Thing on The Planet For 2 Minutes,4026.0,4026.0,33.0,0.00819672131147541,0.012272421292306383
1048,305,Talented Documentarian Makes Mushrooms Seem Like The Most Fascinating Thing On The Planet,3889.0,3889.0,21.0,0.0053998457186937516,0.008795034048893013
1083,317,I Never Would Have Guessed Adults Could Have This Much Fun In A Ball Pit With All Their Clothes On,2633.0,2633.0,36.0,0.013672616786935056,0.009753238567489796
1084,317,You’ll Never Believe What These Adults Found In This Ball Pit,2608.0,2608.0,65.0,0.02492331288343558,0.011481733800678382
1085,317,Here’s The Video About Balls That All Your Friends Will Be Talking About Tomorrow,2717.0,2717.0,38.0,0.013986013986013986,0.01013106056907723
1086,317,INSPIRING! Two Strangers Take Out Their False Teeth In A Ball Pit,2653.0,2653.0,33.0,0.012438748586505842,0.01283207118830456
1132,334,Elizabeth Warren Shows The Senate Banking Committee How It's Done,2742.0,2742.0,37.0,0.01349380014587892,0.015738068742550685
1133,334,Elizabeth Warren Shows The Big Banks What A Working Senator Looks Like ,2777.0,2777.0,30.0,0.010803024846957148,0.014983792932737662
1134,334,Elizabeth Warren Shares Some Choice Thoughts On 'Too Big To Fail' ,2861.0,2861.0,36.0,0.01258301293254107,0.012880851490978222
1135,334,Elizabeth Warren Continues To Be The Senator We All Hoped She Would ,2761.0,2761.0,51.0,0.018471568272365086,0.019960247368190732
1152,340,How Do Villagers In Mexico Deal With Corrupt Officials And Drug Crime? With Vigilantes.,2663.0,2663.0,20.0,0.007510326699211416,0.012550002068317294
1153,340,The Mexican Version Of Batman,2659.0,2659.0,24.0,0.009025949605114705,0.014714291953720779
1154,340,Imagine If Batman Was Mexican And He Had A Whole Lot Of Robins,2742.0,2742.0,27.0,0.009846827133479213,0.016362155760304357
1155,340,Vigilantes In Mexico Seem To Be Improving The Quality Of Life For Citizens,2665.0,2665.0,19.0,0.007129455909943715,0.011494245352850109
1191,352,Why Would A Librarian Need To Know How To Sail? ,2855.0,2855.0,15.0,0.005253940455341506,0.0138455752920169
1192,352,"If Your Books Are Overdue At This Library, They Make You Walk The Plank",2870.0,2870.0,17.0,0.005923344947735192,0.015608737381553389
1193,352,I Bet A Lot More People Would Become Librarians If They Got To Do It Like This,2852.0,2852.0,22.0,0.007713884992987377,0.0040417743593117745
1194,352,This Island Library Is One Mermaid Short Of A Miracle ,2941.0,2941.0,20.0,0.006800408024481469,0.0077328338326974055
1243,367,This Dad’s Stamp Of Approval Might Be The Best Thing You See On The Internet All Day,3653.0,3653.0,81.0,0.02217355598138516,0.02770950900888073
1244,367,Here's A Big Gay Letter From A Proud Parent,3815.0,3815.0,82.0,0.021494102228047183,0.013592975966801755
1245,367,Proud Dad Doesn't Care Who His Son Dates As Long As He Picks Up Groceries,3892.0,3892.0,71.0,0.018242548818088386,0.020523170568609597
1246,367,This Is Exactly How You Respond When You Find Out Someone Is Gay,3753.0,3753.0,86.0,0.02291500133226752,0.015833121347140697
1283,378,What Do More Than 2/3rds Of The World’s Countries Agree On?,7387.0,7387.0,70.0,0.009476106673886557,0.008089286154592801
1284,378,The 1 Thing That Actually Deserves The Death Penalty,7616.0,7616.0,129.0,0.016938025210084032,0.018701130017282408
1285,378,This Beautiful Video Wants To End Something Horrible,7445.0,7445.0,64.0,0.008596373404969779,0.01468765202879221
1297,382,Stop Turning Everything I Do Into A Political Statement!,7458.0,7458.0,104.0,0.013944757307589166,0.011799027294028
1298,382,NEW RULE: Everything’s NOT Political,7290.0,7290.0,91.0,0.012482853223593965,0.014411108079411768
1308,386,Why Pediatricians Are The Redheaded Stepchildren Of Medicine,5477.0,5477.0,51.0,0.00931166697096951,0.02315391394383281
1314,389,Ryan Gosling And I Would Like To Know Why THIS Gets A Lower MPAA Rating Than THAT,2347.0,2347.0,62.0,0.026416702172986792,0.022063380796040533
1315,389,Ryan Gosling Would Like To Know Why THIS Gets A Lower MPAA Rating Than THAT,2263.0,2263.0,65.0,0.028722934158197082,0.02520275191651374
1316,389,"Why Is It Okay To Show Women Being Tortured On Screen, But Not Doing THIS?",2235.0,2235.0,126.0,0.056375838926174496,0.030589077754712417
1317,389,Ryan Gosling Explains Why The MPAA Is Sexist. Excuse Me While I Swoon.,2244.0,2244.0,89.0,0.039661319073083776,0.025134493057056
1318,389,Ryan Gosling Would Like To See More Women Doing THIS On Screen,2271.0,2271.0,84.0,0.036988110964332896,0.022959999835760064
1381,409,Stuff People Say To Mixed-Race People,5423.0,5423.0,112.0,0.02065277521666974,0.023125820254867653
1382,409,Things I've Overheard In The Melting Pot,5498.0,5498.0,29.0,0.0052746453255729355,0.014827698830121434
1383,409,Do You Think President Obama Ever Gets This Kind Of Stuff?,5784.0,5784.0,35.0,0.006051175656984786,0.013818949768454682
1384,410,How One American City Is Investing In Its Youth,5424.0,5424.0,19.0,0.0035029498525073746,0.0035052137917291684
1385,410,The Most Baller Way To Keep Kids Safe,5540.0,5540.0,38.0,0.0068592057761732855,0.014319910429848006
1386,410,How Sports Teach The Fundamentals … Of Life,5735.0,5735.0,22.0,0.0038360941586748037,0.006880969137069488
1387,410,"Even If You Don’t Like Or Play Sports, Here’s Why You Should Love Them",5415.0,5415.0,28.0,0.005170821791320407,0.008027145183124525
1388,411,MAP: How Much NRA Money Is In Your State?,5508.0,5508.0,33.0,0.005991285403050109,0.01
1389,411,MAP: Want To Know Where All That Sweet Gun Money Goes?,5452.0,5452.0,48.0,0.00880410858400587,0.01
1390,411,"Where There’s Guns, There’s Money To Convince People All Guns Are Great",5562.0,5562.0,38.0,0.0068320747932398415,0.01
1391,411,"This Map Won’t Tell You Where You Are, But It Will Tell You How Much NRA Money Is In Your State",5506.0,5506.0,67.0,0.012168543407192154,0.006391807971990611
1420,421,The Most Baller Way To Keep Kids Safe,2824.0,2824.0,12.0,0.00424929178470255,0.014319910429848006
1421,421,This Is A Great And Pretty Baller Way To Keep Kids Safe,2919.0,2919.0,21.0,0.007194244604316547,0.01277282860411652
1440,427,This Is Pretty Much One Of The Coolest Anti-Hate Things I've Ever Seen,2115.0,2115.0,33.0,0.015602836879432624,0.025649230554257017
1441,427, I Never Thought A 1-Minute Video Could Punch Me In The Heart. Yet Here We Are.,2147.0,2147.0,43.0,0.020027945971122497,0.01820366970412976
1467,436,Something REALLY Sexy Is Happening At This Store,2666.0,2666.0,37.0,0.01387846961740435,0.017661386530506418
1468,436,What Women Really Want In The Lingerie Department,2705.0,2705.0,58.0,0.02144177449168207,0.018959231215891673
1469,436,Whoa! This Is The Hottest Thing I've Ever Seen In A Lingerie Department.,2648.0,2648.0,71.0,0.026812688821752265,0.0243227866833683
1470,436,Why Women (And Men) Love This Picture So Much,2735.0,2735.0,114.0,0.041681901279707494,0.017947568065687702
1532,456,A Strategy That Might Actually Take A Bite Out Of Crime,2726.0,2726.0,17.0,0.0062362435803374906,0.008075047228243162
1533,456, A Strategy To Combat Crime That McGruff Wished He Thought Of,2739.0,2739.0,9.0,0.0032858707557502738,0.010524955628006325
1536,458,An Unbelievable Fact About Arizona Creates An Ingenious Water-Saving Technique,2785.0,2785.0,42.0,0.015080789946140035,0.026067845578966933
1537,458,Can Somebody Just Give This Guy A Million Bucks Already?,2789.0,2789.0,58.0,0.020795984223736106,0.01985164425528237
1538,458,The Bulletproof Plan To Solve The World's Water Crisis,2888.0,2888.0,26.0,0.009002770083102494,0.005615025464967999
1539,458,The Hugest Carbon Emitter And Energy Consumer In Arizona Could Disappear. In MOMENTS.,2694.0,2694.0,31.0,0.011507052709725315,0.021771446680320067
1563,466,The Olympic Marathon Runner Who Outran His Own Murder,2642.0,2642.0,36.0,0.013626040878122634,0.007402430936735993
1564,466,"The Olympic Runner Who Couldn't Be Stopped, Even When He Didn't Have A Country To Run For",2670.0,2670.0,22.0,0.008239700374531835,0.007016024510538736
1565,466,Meet The Man Who Outran Death To Make The Olympics,2818.0,2818.0,21.0,0.007452093683463449,0.016330409086594756
1566,466,Meet The Olympic Athlete Who Doesn't Have A Home Country To Compete For,2713.0,2713.0,22.0,0.008109104312569112,0.009580129146559313
1567,467,Where Is It Easier To Get An AK-47 Than It Is To Get A Banana?,2765.0,2765.0,48.0,0.01735985533453888,0.012362990509580186
1568,467,When Will We Start Treating Guns More Like Bananas?,2803.0,2803.0,52.0,0.01855155190866928,0.006752838900556316
1569,467,Wouldn’t YOU Want To Sign A Treaty That Saved $20 Billion And 30 Million People?,2827.0,2827.0,38.0,0.013441811107180757,0.00992129025393218
1570,467,One Simple Way To Instantly Reduce Violence Around The Globe,2801.0,2801.0,37.0,0.013209568011424491,0.016602173740229504
1592,474,This Girl Makes Me Want To Dump My Thanksgiving Dinner On Columbus' Head ,2709.0,2709.0,39.0,0.014396456256921373,0.020853736717085448
1593,474,This Girl's Simple Series Of Questions Will Break Your Heart Into A Million Pieces,2848.0,2848.0,68.0,0.023876404494382022,0.03272548289653854
1594,474,This 13-Year-Old Is Asking A Powerful Question That No One In America Can Answer ,2769.0,2769.0,70.0,0.025279884434814014,0.027181154823216577
1595,474,This Girl's Middle School Photography Project Will Steal Your Breath Away,2659.0,2659.0,91.0,0.03422339225272659,0.01735553740853539
1638,486,NERD ALERT: The Climate Action Superhero You Didn’t Know You Were Waiting For,2799.0,2799.0,3.0,0.0010718113612004287,0.006525096914007985
1639,486,"When Your Carbon Footprint Needs A Commercial, Your ‘Feet’ Are Too Damn Big",3024.0,3024.0,10.0,0.0033068783068783067,0.008166196723015863
1643,488,MUST WATCH: The Pollution-Free Car That’s Telling A Whole Industry To Go Kiss Its ‘Gas’,6095.0,6095.0,51.0,0.008367514356029532,0.013952437385315822
1714,510,‘The Golden Girls’ Take On Gay Marriage,2816.0,2816.0,67.0,0.023792613636363636,0.013328164452669558
1715,510,What A '90s Sitcom Knew About Gay Marriage That Some People Are Still Figuring Out,2905.0,2905.0,86.0,0.029604130808950087,0.026610598718306993
1716,510,Watch Sophia Change Blanche’s Mind About Gay Marriage In Less Than A Minute,2870.0,2870.0,111.0,0.03867595818815331,0.024312996816853314
1717,510,"Her Argument For Gay Marriage Isn’t New, But She Made It 20 Years Ago When She Was A Senior Citizen",2938.0,2938.0,103.0,0.03505786249149081,0.01778366167054688
1718,511,"It's Been A Long Week. Need A Hug? Yeah, You Need A Hug.",2899.0,2899.0,30.0,0.010348395998620214,0.009014408628065618
1719,511,These Troops Are About To Go To War. And This Lady Is There To Hug Them.,3005.0,3005.0,24.0,0.007986688851913478,0.015238197103053842
1720,511,"There Are Like, 150 Hugs In This Two-Minute Video",3065.0,3065.0,26.0,0.008482871125611746,0.018469535980057447
1721,511,"Meet The Little Old Lady Who's The Living Embodiment Of ""Support Our Troops""",2857.0,2857.0,25.0,0.008750437521876094,0.017111619812940692
1748,519,"You Don't Get To Blame Your Parents When You Say Something Horribly Racist, 79-Year-Old Congressman",2805.0,2805.0,54.0,0.019251336898395723,0.01616778467178665
1749,519,"STAY CLASSY: Congressman Says Something Horribly Racist, Then Blames It On His Parents",2897.0,2897.0,70.0,0.02416292716603383,0.0369554115961298
1750,519,"NEW RULE: You Aren't Allowed To Blame Your Daddy When You Say Something Horribly Racist, Congressman",2873.0,2873.0,47.0,0.016359206404455272,0.021422333920173876
1803,534,The State Of Political Discourse In America As Told By Game Of Thrones,2678.0,2678.0,17.0,0.006348020911127707,0.015290169554097803
1805,534,"Guns Don't Kill People, Horrifically Tedious Arguments That Never Lead To Listening Kill People",2664.0,2664.0,25.0,0.009384384384384385,0.010542709655722694
1806,534,"This Reminds Me Of Congress, Only Way Less Dumber",2539.0,2539.0,15.0,0.005907837731390311,0.0019325394344578513
1876,554,Spock Gives Teenage Girl Advice About Bullies; Entire Internet Has A Cry,2735.0,2735.0,117.0,0.04277879341864717,0.02533036927920689
1877,554,Spock's Advice To A Teenage Girl Will Make Your Heart Sing,2879.0,2879.0,75.0,0.02605071205279611,0.02560827823901323
1878,554,Star Trek Does 'It Gets Better.' It's Pretty Amazing.,2737.0,2737.0,60.0,0.021921812203142127,0.02095439388557571
1879,554,Every Bullied Kid Deserves A Response Like This,2698.0,2698.0,103.0,0.03817642698295033,0.027134139263835188
1897,559,The Most Honest Cable Company In The World Has A Message For You. A Really Jerky Message.,2601.0,2601.0,42.0,0.016147635524798153,0.019651818747821598
1898,559,There's A Special Place In Hell For The Most Honest Cable Company In The World,2713.0,2713.0,34.0,0.012532252119424991,0.014619267582857101
1899,559,The Most Honest Cable Company In The World Doesn't Think You'll Share This,2781.0,2781.0,31.0,0.011147069399496584,0.019543999547851132
2120,622,"45 Years Ago We Lost Martin Luther King To Blinding Hatred. That Night, This Helped Us See Again.",2704.0,2704.0,47.0,0.017381656804733726,0.022269310505114034
2121,622,45 Years Ago We Lost Martin Luther King Jr. To Bigotry. Only One City Remained Calm. Here's Why.,2829.0,2829.0,47.0,0.01661364439731354,0.020426330027264405
2122,622,"45 Years Ago We Lost Martin Luther King Jr. To Hatred. That Night, Another We Lost Stood Up To It.",2826.0,2826.0,47.0,0.016631280962491155,0.020719717640566068
2177,638,See The Video That Got This Terrific Tree Hugger Fired,2805.0,2805.0,41.0,0.01461675579322638,0.02075150199769555
2178,638,"The Lorax Doesn’t Exist, So Who Will Defend The Trees? I Nominate This Guy.",2784.0,2784.0,17.0,0.00610632183908046,0.010329458372290254
2179,639,Meet The Coolest Tree Hugger Ever,2776.0,2776.0,15.0,0.005403458213256484,0.00628649866129433
2180,639,Not Cool: Meet The Guy Who Cared About A 100 Year-Old Tree And Got Fired For It,2844.0,2844.0,33.0,0.011603375527426161,0.01272389028370823
2268,665,Seeing A Woman Say Things Like This About Other Women… You Bet I Get The Warm-N-Fuzzies,2804.0,2804.0,42.0,0.014978601997146932,0.0064448735526130355
2270,665,This Woman Works For The Website You Use To Procrastinate. Good Thing She's Not.  ,2763.0,2763.0,29.0,0.010495837857401375,0.01555350167254101
2271,665,SO WHAT If This Woman Leaves Work Every Day At 5:30? At Least She Didn't Ax-Murder Anyone.,2772.0,2772.0,36.0,0.012987012987012988,0.014571746200640183
2325,683,He Went To Jail At Age 5. Then He Went To Space. Now He's On Broadway?!?,2810.0,2810.0,27.0,0.009608540925266904,0.010271186042866129
2326,683,America Put This Famous Gay Space Dude In Jail When He Was 5 Years Old. Now He's On Broadway?,2975.0,2975.0,37.0,0.012436974789915966,0.015181366009915606
2327,683,Once Upon A Time There Was A 5 Year Old Who Went To Jail And Then Into Space. OH MY!,2837.0,2837.0,30.0,0.010574550581600282,0.016222660622836994
2328,683,"Just How Does One Go From Jail At Age 5, Then To Broadway By Way Of Outer Space?",2816.0,2816.0,28.0,0.009943181818181818,0.004636745004835624
2330,684,The New York Stock Exchange Is Dominated By Computers. That’s Not A Good Thing.,3764.0,3764.0,21.0,0.005579171094580234,0.0012670233911139996
2344,689,America Seriously Put This Famous Space Dude In Jail When He Was 5 YEARS OLD. Now He's Going Where?,2785.0,2785.0,38.0,0.013644524236983842,0.0133058404875393
2345,689,Bucket List: 1 - Get Out Of Jail By Age 6. 2 - Be A Gay Spaceman. 3 - Perform On Broadway. ,2757.0,2757.0,18.0,0.006528835690968444,0.007712561750763647
2346,689,Watch A Famous Gay Guy Who Went To Jail When He Was 5 And Then Into Space Tell You What's Next,2874.0,2874.0,47.0,0.016353514265831592,0.014872976536557534
2347,689,Once Upon A Time There Was A 5 Year Old Who Went To Jail And Then Went Into Space.,2855.0,2855.0,44.0,0.015411558669001752,0.01575563555521741
2407,705,Not Another Story From Afghanistan — A GREAT Story From Afghanistan,2714.0,2714.0,31.0,0.011422254974207811,0.005700381554977892
2408,705,Skiing Around The Taliban: Winter Sports Ain’t Easy When You’re An Afghan girl.,2844.0,2844.0,26.0,0.009142053445850914,0.006166578858593121
2409,705,Wow! Check Out One Of Afghanistan’s Best Kept Secrets. ,2730.0,2730.0,20.0,0.007326007326007326,0.00702200085776598
2410,705,"Afghanistan, Where The Snow Is To Die For",2739.0,2739.0,26.0,0.009492515516611903,0.010405267822491198
2411,706,This Might Be Why I Thought 'Harry Potter' Was Written By A Dude For So Long,2888.0,2888.0,66.0,0.022853185595567867,0.015619960151863174
2412,706,This Is Why You Thought 'Harry Potter' Was Written By A Dude For So Long,2804.0,2804.0,70.0,0.024964336661911554,0.017695334849078762
2413,706,This Might Be Why J.K. Rowling Wanted Us To Think She Was A Dude For So Long,2694.0,2694.0,76.0,0.028210838901262063,0.01970169276527408
2483,733,This Is How Powerful Girls Are. Why Can't The World Handle That?,2713.0,2713.0,51.0,0.018798378179137487,0.018773518102852896
2484,733,What Group Of People Is So Powerful No One Wants To Be In It?,2784.0,2784.0,49.0,0.017600574712643677,0.011787715606090573
2485,733,"What Does It Mean To NOT Be A Girl? Everything, apparently. ",2689.0,2689.0,69.0,0.025660096690219413,0.018244944854572676
2486,733,"Basically, Everyone Secretly Wants To Be A Girl. Yes, Even You. ",2791.0,2791.0,51.0,0.01827302042278753,0.019423481378069013
2551,754,"She Starred In Inception, Juno, And X-Men, Now She's The Star Of My Feminist Dreams",2696.0,2696.0,61.0,0.022626112759643918,0.011637977606602297
2552,754,Which Star Of Inception And X-Men Is Now Starring In My Feminist Dreams?,2867.0,2867.0,25.0,0.008719916288803628,0.019197348193211727
2553,754,You Know You're Working In A Patriarchal Society When…,2732.0,2732.0,71.0,0.025988286969253295,0.024296922690303147
2554,754,This Celebrity Hopes Everyone's A Feminist. Because DUH. ,2724.0,2724.0,38.0,0.013950073421439061,0.010101653721331077
2569,759,How Many Oil Spills Happened In The Last 30 Days? You Can Have 13 Guesses.,2798.0,2798.0,23.0,0.008220157255182273,0.005993916742242214
2570,759,Name All The Oil Spills That Happened In The Last Month. Aside From Arkansas And Minnesota.,2769.0,2769.0,21.0,0.007583965330444204,0.013807311525769455
2571,759,Remember All The Oil Spills From The Last Month? No. No You Don't.,2800.0,2800.0,24.0,0.008571428571428572,0.00476812826293011
2730,804,"Just When You’re Beaten Down For Being Different, Something  Amazing Happens",2807.0,2807.0,25.0,0.008906305664410403,0.019058345352914098
2731,804,You Should See What That Blonde Guy Looked Like Last Week!,3086.0,3086.0,19.0,0.006156837329876863,0.02301008801842447
2732,804,How The Face Of Homophobia Brought Out The Heart Of Facebook ,2977.0,2977.0,18.0,0.006046355391333557,0.024873328813802435
2733,804,The Painful Way To Become Facebook Famous,2948.0,2948.0,8.0,0.0027137042062415195,0.014431793706376782
2786,821,What In The World Does ‘Twilight’ Have In Common With A Classic Like ‘To Kill A Mockingbird?’,2737.0,2737.0,15.0,0.005480453050785532,0.019300700982369395
2787,821,"If ‘Lolita’ Were Ever To ‘Hitchhike’ With A ‘Stranger’ To An ‘Animal Farm,’ It Would Look Like This",2873.0,2873.0,23.0,0.008005569091541943,0.02256923201278633
2788,821,This Is What A Crowdsourced Library Looks Like,2845.0,2845.0,14.0,0.00492091388400703,0.006186172333639045
2789,821,"A Lawyer, A Wizard , And A Vampire All Walk Into An Infographic...",2850.0,2850.0,19.0,0.006666666666666667,0.019718546806653567
2824,832,Why Are We Raising Our Children To Stop Being Creative,3056.0,3056.0,24.0,0.007853403141361256,0.013304390750752041
2825,832,Are You Interested In The Education System? Of Course You Are. It's In Big Trouble.,2930.0,2930.0,20.0,0.006825938566552901,0.01
2830,834,The City Of Boston Sings The Most Heartfelt Rendition Of The National Anthem I've Ever Heard,2890.0,2890.0,40.0,0.01384083044982699,0.020424637745891774
2831,834,The City Of Boston Sings The National Anthem To America. It's Beautiful.,2894.0,2894.0,20.0,0.006910850034554251,0.01714425792487965
2832,834,Boston Proves They're The Home Of The Brave With The Most Heartfelt  National Anthem Ever,2882.0,2882.0,28.0,0.009715475364330326,0.02395648768554347
2833,834,The City Of Boston Lets Us Know They're Gonna Be OK By Singing The Hell Out Of The National Anthem,2887.0,2887.0,34.0,0.011776931070315206,0.013497585875248177
2850,840,‘Be Ye Not Afraid’ The Most Powerfully Hilarious Gay Marriage Speech You’ll See All Day,2883.0,2883.0,87.0,0.030176899063475548,0.023908645049282536
2851,840,"Find Out Why This Politician Said ‘Big Gay Rainbow’ In A Real, Live Floor Debate",2891.0,2891.0,43.0,0.014873746108612937,0.011740532385539845
2852,840,New Zealand Just Approved Gay Marriage: See The Hilarious Speech That Helped Make It Happen,3082.0,3082.0,81.0,0.02628163530175211,0.026945578035802383
2853,840,This New Zealand Politician Unleashes One Of The Funniest Gay Marriage Speeches On Record,2837.0,2837.0,94.0,0.03313359182234755,0.030828466367370952
2919,863,"If You Watch Hilary Swank Poke A Whiny Senator, $1 Will Go To Punching Malaria In The Face",3609.0,3609.0,43.0,0.011914657799944583,0.014104339760474071
2921,863,"If You'd Like To See Malaria Get Punched In The Face, All You Have To Do Is Watch This",3538.0,3538.0,25.0,0.0070661390616167325,0.019510793204517377
3034,903,"How To Improve Our Quality Of Life, One Gay Marriage At A Time",3624.0,3624.0,16.0,0.004415011037527594,0.011774854346654744
3119,931,Why Is A Successful Actress Like Sophia Bush Living On $1.50 A Day?,2599.0,2599.0,34.0,0.013081954597922277,0.014787952718392637
3120,931,From April 29 to May 3 People Will Live On $1.50 A Day To Fight Poverty. Will You?,2784.0,2784.0,14.0,0.005028735632183908,0.00650765750059883
3129,935,Everything You Ever Wanted To Know About The Vatican In 7 Minutes,2785.0,2785.0,22.0,0.007899461400359067,0.012488479769139787
3130,935,The Deeply Confusing History of The Pope’s Hometown,2707.0,2707.0,19.0,0.007018840044329516,0.015364493910375433
3131,935,Pop Quiz: What’s The Only Country You Can Walk In 40 Minutes,2640.0,2640.0,20.0,0.007575757575757576,0.017432603151067795
3167,946,Is This The Most Touching Love Letter Ever?,2744.0,2744.0,33.0,0.012026239067055394,0.026140726274149456
3168,946,The Awesome Message Afghans Are Sending To Boston,2794.0,2794.0,53.0,0.01896921975662133,0.003793844425637712
3169,946,What People Who Get Bombed All The Time Have To Say To Boston,2658.0,2658.0,78.0,0.029345372460496615,0.01852684533631242
3170,946,When Was The Last Time Americans Did THIS for Afghans?,2634.0,2634.0,40.0,0.015186028853454821,0.0042101872416162815
3256,971,Here’s Why Our Great-Great-Great-Great-Great Grand Kids Are Going To Hate Us,2741.0,2741.0,55.0,0.02006566946369938,0.006613101676083023
3257,971,This Vision Of The Future Is Really Deep … Literally,2634.0,2634.0,31.0,0.011769172361427487,0.00753224469249725
3258,971,Extreme City Makeover: Mother Earth Edition,2723.0,2723.0,25.0,0.00918105031215571,0.009405929465573932
3259,971,"After This, You’ll Never Look At The Ocean The Same Way Again",2641.0,2641.0,67.0,0.025369178341537298,0.019509586782122487
3260,972,Here’s Why Our Great-Great-Great-Great-Great Grand Kids Are Going To Hate Us,2709.0,2709.0,33.0,0.012181616832779624,0.0065590483299972115
3261,972,After This You’ll Never Look At The Ocean The Same Way Again,2636.0,2636.0,53.0,0.020106221547799695,0.019035111568565855
3262,972,These Images Of Our Future Are Exactly Why I’m Investing In Jet-Skis,2664.0,2664.0,28.0,0.010510510510510511,0.01
3263,972,"I Don’t Need A Crystal Ball To Show You The Future, Just Photoshop",2530.0,2530.0,36.0,0.014229249011857707,0.013069614858701529
3368,1006,"The Most Awful Name In News In All The Land Messed Something Up, Again",2802.0,2802.0,43.0,0.015346181299072092,0.021524705695378864
3380,1011,"The Most Awful Name In News In All The Land Messed Something Up, Again",2664.0,2664.0,75.0,0.028153153153153154,0.02149110563859556
3382,1011,"CNN, Just Go Home. These Comedians Just Won The News.",2666.0,2666.0,58.0,0.02175543885971493,0.020129989333700922
3440,1028,"When A Gay NBA Player Gets Attacked By Jerks, The President And The Internet Step Up To Get His Back",2894.0,2894.0,50.0,0.017277125086385625,0.01884362278453275
3441,1028,"Some Jerks Freaked Out About A Gay NBA Player, So The President And The Internet Responded Like This",2741.0,2741.0,65.0,0.023713973002553814,0.02291206084978557
3442,1028,"If An NBA Player Being Gay Makes You Panic, Then This Will Give You A Heart Attack",2695.0,2695.0,26.0,0.009647495361781076,0.0156783929051748
3443,1028,An NBA Player Came Out Yesterday. So The President And The Rest Of The Internet Got His Back Today.,2717.0,2717.0,34.0,0.012513801987486198,0.01811145309785244
3445,1029,"Why Thousands Of People Are Sharing These Sneakers, And Loving It ",2875.0,2875.0,21.0,0.007304347826086957,0.014571101358534268
3446,1029,Would You Share These Sneakers With Thousands Of People?,2957.0,2957.0,16.0,0.005410889414947582,0.010637765756956232
3447,1029,Would You Share These Used Sneakers With Thousands Of People? ,2981.0,2981.0,10.0,0.0033545790003354577,0.011320014297519788
3498,1043,"You’ve Heard A Lot About Them, Now Hear From Them",3006.0,3006.0,20.0,0.00665335994677312,0.0026347573188748898
3499,1043,Meet A Few Young People Who Are American In Every Way But The Papers,2828.0,2828.0,9.0,0.0031824611032531826,0.013621219596762126
3529,1054,"If You Use This Awful Racial Slur, You Should Probably Resign. Even If You Know Some Black People.",2675.0,2675.0,62.0,0.023177570093457944,0.02228726855969268
3540,1057,"Lesson #3,456 In What The Internet Can Teach Us About Ourselves",2749.0,2749.0,20.0,0.007275372862859221,0.010686125399216862
3574,1067,A Seriously Scary Thing Is Scheduled To Happen In New York This November,3771.0,3771.0,83.0,0.022010076902678335,0.014949365937489228
3576,1067,One Of The Biggest Threats To NYC Is Being Built Underneath It As We Speak,3833.0,3833.0,74.0,0.019306026611009653,0.014349205214321713
3635,1084,This Parody Of Fox News Is Actually More Responsible About Fact Checking Than The Real Fox News,2968.0,2968.0,70.0,0.02358490566037736,0.020833890678761124
3636,1084,"The One Where We Learn That Fox News Is Really Just My High School Lunchroom, But Less Substantive",3047.0,3047.0,50.0,0.016409583196586808,0.010503632880799342
3637,1084,"Watch Fox & Friends Morning News Show, Except Actually Funny And More Accurate",2912.0,2912.0,40.0,0.013736263736263736,0.015884132371449325
3638,1084,"If Fox & Friends Is A 'News Show', Then I'm 'The President Of The Universe'",2891.0,2891.0,57.0,0.019716361120719474,0.010868549339445671
3684,1098,How Al Gore Could Have Won The 2000 Presidential Election With Ease,2596.0,2596.0,35.0,0.013482280431432974,0.010910157251156034
3685,1098,Can An Election’s Spoiler Effect Be Avoided? Let’s Ask Some Fruit.,2823.0,2823.0,13.0,0.004605030109812256,0.0042146253047276525
3733,1112,A Truly Great Woman Reads An Homage To Her Favorite Body Part,2722.0,2722.0,31.0,0.011388684790595151,0.01130033949912055
3734,1112,"Watch An Incredible 2 Minutes Of Absolute Confidence And Love
",2776.0,2776.0,30.0,0.010806916426512969,0.028687475318627302
3735,1112,Why Is This Woman So In Love With Her Hips?,2843.0,2843.0,18.0,0.006331340133661625,0.017801362645706673
3736,1112,"A Woman With A Great Mind Asks You To Take A Moment To Appreciate Her Body
",2816.0,2816.0,27.0,0.009588068181818182,0.021944919933723737
3784,1127,"If Feminism Scares You, Then You Are In The Wrong Movie Theatre",2176.0,2176.0,16.0,0.007352941176470588,0.01165896171384843
3785,1127,All The Things Feminism Stands For. Also Known As All The Things You Stand For. I Think.,2104.0,2104.0,19.0,0.00903041825095057,0.007967480475407478
3786,1127,All The Things You Think About Feminism Are Probably Pretend Things. Just Sayin'.,2054.0,2054.0,22.0,0.010710808179162609,0.00747573803561381
3826,1140,The Biggest Threat To Marriage Is Straight,2151.0,2151.0,28.0,0.01301720130172013,0.014513395138913724
3827,1140,"How To Stop Straight People From Ruining Everything
",2173.0,2173.0,32.0,0.014726184997699034,0.02190499051382195
3828,1140,"If Gay People Scare You, Then You Are Doing It Wrong",2172.0,2172.0,20.0,0.009208103130755065,0.01898333785155363
3851,1148,"If These Women Are Brave Enough To Show Their Faces, We Owe It To Them To Watch This Video",3098.0,3098.0,36.0,0.011620400258231117,0.021771230501172825
3852,1148,"You Won't Want To Watch This Video, But You Should Watch It Anyway",3046.0,3046.0,31.0,0.010177281680892974,0.0305158926531527
3900,1163,"Dang, Your Mom Is Really Good At That",2656.0,2656.0,47.0,0.017695783132530122,0.013442246101983892
3902,1163,The One Time It's Totally Appropriate For Me To Talk About Your Mom,2743.0,2743.0,39.0,0.014218009478672985,0.011307866634859196
3903,1163,Your Mom Went Through Hell For You. So The Least You Could Do Is Dance For Her.,2761.0,2761.0,62.0,0.022455632017385006,0.01693259373100046
3997,1191,"When A Dead Guy Is Angrier At Our Government Than Some Live People In Congress, We've Got A Problem",3975.0,3975.0,63.0,0.015849056603773583,0.016035863233388445
3998,1191,"One Of America's Most Legendary Artists Goes After America's Largest Employer, From The Grave",3897.0,3897.0,70.0,0.01796253528355145,0.020214300775922445
3999,1191,"He's 6 Feet Under, But That Hasn't Stopped Him From Keeping The Rest Of Us Alive",3962.0,3962.0,67.0,0.01691065118626956,0.0085480743916393
4035,1202,The Mind-Blowing Next Generation Of Artificial Limbs,2205.0,2205.0,14.0,0.006349206349206349,0.008210414847748187
4036,1202,You Won't Believe The Things They Can Do With Artificial Limbs Now-A-Days,2248.0,2248.0,7.0,0.003113879003558719,0.009117009687880005
4037,1202,"Terminator Technology Is Here, But It's Being Used In A Much Safer Way",2385.0,2385.0,14.0,0.005870020964360587,0.011066781492168448
4038,1202,"Part-Human, Part-Machine, All-Badass-Looking-Sleek-Unbelievable-Artificial-Limb-Technology",2222.0,2222.0,11.0,0.0049504950495049506,0.013955917916871776
4054,1207,The Greatest Quotes By Dr. Seuss Never Get Old,2598.0,2598.0,17.0,0.006543494996150885,0.010028093725517528
4055,1207,30 Classic Dr. Seuss Quotes That Will Change Your Life. Again. ,2718.0,2718.0,43.0,0.01582045621780721,0.01803005061595627
4056,1207,You Know What's Great About Reading Old Dr. Seuss Quotes? Everything. ,2667.0,2667.0,21.0,0.007874015748031496,0.011024933199282102
4057,1207,"Classic Dr. Seuss Quotes That Can Change Your Life, If They Haven't Already",2735.0,2735.0,30.0,0.010968921389396709,0.01164693399434739
4070,1211,'Tell Me What It's Gonna Be Like Now That You Two Are Going To Be Grandpas',3140.0,3140.0,20.0,0.006369426751592357,0.012258620444493697
4071,1211,What's More Fun Than Having Gay Dads? Apparently Having Gay Grandpas.,3115.0,3115.0,33.0,0.01059390048154093,0.014046810785001244
4072,1211,Want To Make Your Gay Dads Happy? Tell Them 'You're Going To Be Grandpas.',3116.0,3116.0,32.0,0.010269576379974325,0.009506425394508399
4119,1226,Some People Are Mad At A Famous Actress For Having Surgery. Here's Why That's Messed Up.,3201.0,3201.0,63.0,0.019681349578256794,0.024210327092165407
4121,1226,"Hey Ladies, The Internet Has Spoken: Your Looks Are More Important Than Your Health",3242.0,3242.0,62.0,0.019123997532387416,0.018422227500852754
4122,1226,Want To Know The Most Ridiculous Reason Why People Are Mad At Angelina Jolie?,3204.0,3204.0,71.0,0.02215980024968789,0.028796678121396718
4158,1237,A Kid Falls Off HIs Skateboard And The World Is WAY Better Off For It,2901.0,2901.0,92.0,0.0317132023440193,0.01651360510773285
4159,1237,It's A Good Thing This Kid Totally Wiped Out Off His Skateboard,2912.0,2912.0,55.0,0.018887362637362636,0.01799529145094872
4160,1237,It's A Good Thing This Kid Totally Biffed It Off His Skateboard,2973.0,2973.0,30.0,0.010090817356205853,0.018411323939928396
4389,1298,"With So Much Hate In The World, It's Refreshing To See A Lamppost Offering A Little Comfort.",2909.0,2909.0,47.0,0.01615675489859058,0.023617628662779545
4390,1298,An Awkward Kid Grows Up Into A Force Of Nature With A Wonderfully Positive Message.,2748.0,2748.0,59.0,0.021470160116448325,0.009482358660802118
4391,1298,It Only Took 10 Years For This Message To Make Its Way Around The World. What's Next?,2833.0,2833.0,57.0,0.020120014119308152,0.011377223847649477
4411,1304,"FIRST LOOK: Women In Combat (Just Kidding, But Some People Think It Will Actually Look Like This.)",2824.0,2824.0,45.0,0.01593484419263456,0.015631402671053965
4412,1304,"This Video About Women In Combat Is A Parody, But Some People Actually Think This Way. ",2885.0,2885.0,63.0,0.021837088388214906,0.0250627208364017
4413,1304,Our Women In Uniform Are Better Than Your Stereotypes Give Them Credit For.,2980.0,2980.0,35.0,0.01174496644295302,0.013023792072421578
4414,1304,Let Women Serve In Combat Zones And Everyone Is Cool. Allow Women To Have Combat Roles And People Lose Their Minds.,2885.0,2885.0,39.0,0.013518197573656845,0.01877327525001088
4466,1319,Jon Stewart Tells A Room Full Of Overachievers That Success In College Doesn't Mean Much,7332.0,7332.0,99.0,0.013502454991816694,0.028106725721093483
4467,1319,"They Had To Wait Four Years, But Jon Stewart's Graduation Speech Was Totally Worth It",7380.0,7380.0,107.0,0.014498644986449864,0.020169834832066653
4470,1321,"Would You Rather Be A Jerk To Everyone, Or A Nobody? This Graduation Speech Makes It Really Obvious.",4979.0,4979.0,50.0,0.01004217714400482,0.0229300041041121
4471,1321,The Graduation Speech That Teaches You How To Be A Nobody Rather Than A Jerk,4943.0,4943.0,29.0,0.005866882460044507,0.014947652679327194
4472,1321,"Are You A Nobody? Great! According To This College Graduation Speech, You're Officially Not A Jerk.",4996.0,4996.0,17.0,0.0034027221777421937,0.015640173904374322
4493,1327,The Illuminati Are Coming For Your Toilets,3613.0,3613.0,17.0,0.004705231109880985,0.010709130820619054
4494,1327,The Illuminati Set Their Sights On Matt Damon And The Results Are Weird And Hilarious,3680.0,3680.0,23.0,0.00625,0.030844658479145914
4495,1327,We Snuck A Camera Into An Illuminati Meeting And This Is What We Found Out,3651.0,3651.0,31.0,0.008490824431662557,0.03303756897160841
4500,1329,The Illuminati Sure Have Been Lowering Their Standards For Membership Lately,3536.0,3536.0,28.0,0.007918552036199095,0.01782768933053116
4502,1329,We Snuck A Camera Into An Illuminati Meeting And This Is What We Found Out,3729.0,3729.0,45.0,0.012067578439259855,0.03303756897160841
4503,1329,The Illuminati Set Their Sights On Matt Damon And The Results Are Weird And Hilarious,3768.0,3768.0,37.0,0.009819532908704883,0.030840240377907172
4516,1333,Parents With Children And Not In Poverty Are About To Be A Minority,4887.0,4887.0,38.0,0.00777573153263761,0.007616267999831399
4517,1333,The Government's Reluctance To Fund Childcare Is Quietly Strangling The American Workforce,4994.0,4994.0,21.0,0.00420504605526632,0.02087140572617468
4519,1333,Are You A Parent? Are You Above The Poverty Line? You're About To Become A Minority.,4895.0,4895.0,22.0,0.0044943820224719105,0.005417367798633556
4612,1359,"This Kid's Disease Is A Nightmare. Thankfully, He Has His Epic Sense Of Humor To Keep Him Awake.",2681.0,2681.0,60.0,0.02237970906378217,0.017495230864312504
4613,1359,"This Kid's Body Is A Nightmare. Thankfully, He Has His Awesome Sense Of Humor To Keep Him Awake.",2585.0,2585.0,65.0,0.025145067698259187,0.02436704646891049
4614,1359,"This Kid's Body Is A Nightmare. Thankfully, He Has His Epic Sense Of Humor To Sleep Well At Night.",2527.0,2527.0,53.0,0.020973486347447567,0.02236028551095861
4653,1371,"President Obama, Don't Get Me Wrong. You've Done Some Good Things. So Stop This Nonsense.",3516.0,3516.0,52.0,0.01478953356086462,0.01450826583943781
4656,1373,"When Told 'You Can't' Do Something, Just Remember This Beautiful Clip",3573.0,3573.0,67.0,0.018751749230338653,0.015828990568838047
4657,1373,A Beautiful Example Of Things Women Have Changed Throughout History,3327.0,3327.0,40.0,0.012022843402464683,0.012966041426442018
4736,1396,"They Are Hating On This Little Girl’s Family. It’s Time To Get Mad, Internet.",4102.0,4102.0,66.0,0.016089712335446125,0.023010255298544183
4737,1396,My Family Is In A Commercial And People Are Pissed,4079.0,4079.0,70.0,0.017161068889433684,0.021172066333439564
4738,1396,"Dear YouTube Commenters, It's 2013 And Interracial Families Exist. Deal With It.",4177.0,4177.0,28.0,0.006703375628441465,0.013844392410521954
4739,1396,How Can So Many People Hate This Beautiful Family?,4018.0,4018.0,40.0,0.009955201592832254,0.025863643930007393
4748,1399,PLOT TWIST: What Happens When Fox News Becomes So Misogynistic They Even Infuriate Fox News?,4006.0,4006.0,82.0,0.020469296055916127,0.02622523780839909
4749,1399,PLOT TWIST: What Happens When Fox News Becomes So Misogynistic They Even Piss Off Fox News?,4130.0,4130.0,103.0,0.024939467312348668,0.023949428189739802
4750,1399,PLOT TWIST: What Happens When Fox News Becomes So Misogynistic They Even Offend Fox News?,4140.0,4140.0,85.0,0.020531400966183576,0.02744323196353207
4808,1416,7 Wonderful People Share An Intimate Secret.  We Get To Listen In And It Could SAVE OUR LIVES.,3475.0,3475.0,27.0,0.00776978417266187,0.015303881976614744
4809,1416,7 Wonderful People Share Something You Should Know Before It’s Too Late,3508.0,3508.0,46.0,0.013112884834663626,0.01732154666420442
4810,1416,Seven Wonderful People Share Secrets That Are Killing Them.  This Could Change Your Life.,3373.0,3373.0,67.0,0.019863622887637118,0.015934227182178184
4811,1416,My Heart Goes Out To These Seven People Who Share Something That Is Killing Them,3491.0,3491.0,41.0,0.011744485820681752,0.009427824747640989
4851,1428,Ellen Added Something To The TV Landscape—And In Doing So Changed The World,3683.0,3683.0,73.0,0.01982079826228618,0.02529840723747559
4852,1428,The Best Thing To Happen To This Comedian Was Also The Worst Thing,3807.0,3807.0,105.0,0.027580772261623327,0.014826682487887453
4853,1428,"Ellen Talks About The Best Thing That Ever Happened To Her, Which Coincidentally Was Also The Worst",3738.0,3738.0,109.0,0.029159978598180845,0.029959234701454965
4854,1428,Comedian Talks About The Best Thing That Ever Happened To Her. Coincidentally It Was Also The Worst.,3783.0,3783.0,103.0,0.027227068464181867,0.017394754004105506
4936,1451,Watch A 9-Year-Old Make Ronald McDonald Look Even More Like A Clown.,3673.0,3673.0,65.0,0.01769670569017152,0.026722105036894407
4937,1451,A 9-Year-Old Asks McDonald’s CEO A Simple Question. She’s Not Lovin’ His Response.,3408.0,3408.0,110.0,0.03227699530516432,0.02708168292181679
4938,1451,McDonalds' CEO Would Love To Buy This Girl A Happy Meal. She Gives Them Food For Thought Instead.,3494.0,3494.0,66.0,0.018889524899828276,0.02519291748933791
4939,1451,Listen As A Smartypants 9-Year-Old Gives McDonalds’ CEO A Chicken Nugget Of Wisdom,3541.0,3541.0,52.0,0.014685117198531489,0.02449502760039453
4948,1454,"Wearing A Cape Is Back In Style, But Watch This Before You Run Out And Buy Your Own",2769.0,2769.0,30.0,0.010834236186348862,0.014237454759261817
4949,1454,BOOM: Instant Superhero. I Guess There Is Something Magical About Wearing A Cape.,2724.0,2724.0,17.0,0.006240822320117474,0.004588059577659785
4950,1454,These Capes Are Giving Hundreds Of Kids Their Childhoods Back,2856.0,2856.0,22.0,0.007703081232492998,0.006518985309374573
4952,1454,Superman Might Look Like A Real Dope Without His Cape,2857.0,2857.0,20.0,0.007000350017500875,0.01595493869087087
4970,1460,You’ll Never Guess What’s Rockin’ The Suburbs Now,3486.0,3486.0,22.0,0.006310958118187034,0.017487236660639435
4971,1460,Where Do You Think Poverty Is Growing? You’re Probably Wrong,3424.0,3424.0,21.0,0.006133177570093458,0.012454245147194985
4972,1460,1 Minute And 45 Seconds That’ll Make You Think Twice About Poverty,3480.0,3480.0,49.0,0.014080459770114942,0.014828707632796919
4973,1460,1 Minute And 45 Seconds That’ll Change What You Think About Suburbia,3499.0,3499.0,46.0,0.013146613318090883,0.01604527480594133
5086,1494,"If Watching Two Lesbians Do This Is Wrong, Then I Don't Want To Be Right",1815.0,1815.0,32.0,0.017630853994490357,0.026035562277708518
5087,1494,That TIme Watching 2 Lesbians Made Me Cry A Little,1875.0,1875.0,15.0,0.008,0.01964546098639091
5143,1509,Watch A Kid At A Dinner Table Accidentally Change One Of His Mother's Lifelong Beliefs,3578.0,3578.0,83.0,0.023197316936836222,0.02118096943475769
5144,1509,A Kid's Accidental Dinnertime Argument Makes His Mother Start Crying,3620.0,3620.0,77.0,0.021270718232044197,0.022805561432241106
5145,1509,An Adorable Kid Accidentally Makes His Mom Cry At The Dinner Table. You Might Start Too. ,3565.0,3565.0,81.0,0.022720897615708276,0.019566793458209313
5171,1517,"Kids Say The Darndest Things — And Sometimes, Those Things Start Brilliant Revolutions",3425.0,3425.0,23.0,0.006715328467153284,0.009646775939628618
5172,1517,A Girl Bargains With Her Dad and Changes The Fate of An Entire Village,3510.0,3510.0,33.0,0.009401709401709401,0.01875363026210087
5173,1517,"It Takes a Village to Raise a Child, But Sometimes A Child Raises The Village",3346.0,3346.0,18.0,0.005379557680812911,0.015578690755361084
5174,1517,"It Takes A Village To Raise A Child, But What Happens When That Child Raises The Village?",3514.0,3514.0,28.0,0.00796812749003984,0.01163690755551834
5221,1531,This Guy Had Access To Every Secret The US Government Holds Dear. He's Sharing 1 Of Them With You.,3451.0,3451.0,59.0,0.017096493769921763,0.013720270268903429
5222,1531,What Country Does The United States Spy On More Than Any Other? Hint: You Probably Live In It.,3404.0,3404.0,30.0,0.00881316098707403,0.023560447175930702
5223,1531,"The Government Has No Reason To Spy On You, But Apparently That's Not Going To Stop Them.",3336.0,3336.0,30.0,0.008992805755395683,0.014428425121127565
5224,1531,This Guy Had The Ability To Spy On You. And Everyone In The Government. Including The President.,3468.0,3468.0,35.0,0.010092272202998846,0.011361178317948303
5272,1545,"This Story Isn't New, But Its Most Important Moment Is Happening RIGHT NOW",4634.0,4634.0,57.0,0.012300388433318947,0.0061051241005373996
5273,1545,This Guy Must Be Pretty Special If All These Famous Folks Are Changing Their Names,4828.0,4828.0,83.0,0.0171913835956918,0.0182596271532671
5274,1545,"I Don’t Care What Anyone Says, A Soldier Who Stands Up For The Truth Is My Hero",4616.0,4616.0,51.0,0.011048526863084922,0.014651835203214812
5390,1576,TABOO ALERT: This TED Talk Exposes An Unacknowledged Killer,3355.0,3355.0,42.0,0.012518628912071535,0.01976904045217685
5392,1576,"For Most Of Us, Living Is Not A Hard Choice. For Some, It Is.",3531.0,3531.0,42.0,0.0118946474086661,0.006925192815450525
5394,1577,WATCH: Laughable Law Says No Gay Marriage? Google Says Challenge Accepted.,3525.0,3525.0,16.0,0.0045390070921985815,0.015641821162285283
5396,1577,WATCH: Laughable Law Says No Gay Marriage? Google Says Challenge Accepted.,3529.0,3529.0,18.0,0.005100595069424767,0.015641821162285283
5421,1584,There Is No Way That You Built Something THIS Cool In High School. No Way.,3558.0,3558.0,16.0,0.004496908375491849,0.01586298690702053
5422,1584,"There Is No Way That You Built Something This Cool In High School. No Way. 
",3600.0,3600.0,23.0,0.006388888888888889,0.018730176174741105
5423,1584,I Bet All Of My Lunch Money That You Didn’t Build Something This Cool In High School,3578.0,3578.0,19.0,0.005310229178311906,0.00939301641284256
5424,1584,I Bet All Of My Lunch Money That You Didn’t Build Something THIS Cool In High School,3461.0,3461.0,17.0,0.004911875180583647,0.008902225370635878
5462,1595,"Meet A Kid Who Can Speak 20 Languages Fluently. Yes, You Read That Right",3477.0,3477.0,48.0,0.013805004314063849,0.014056957765310431
5463,1595,Meet The Human Rosetta Stone,3684.0,3684.0,49.0,0.013300760043431054,0.01526619843456271
5464,1595,Meet A Kid Who You’ll Definitely Have A Brain-Crush On,3480.0,3480.0,50.0,0.014367816091954023,0.01399273944377578
5465,1595,Meet A Kid Who You’ll Definitely Have A Mind-Crush On,3461.0,3461.0,56.0,0.016180294712510836,0.015399181521657344
5467,1596,HOLD UP. Are Hamburgers REALLY The Answer To Global Warming?,3532.0,3532.0,16.0,0.004530011325028313,0.014476956289210006
5468,1596,Hold Up. Are HAMBURGERS Really The Answer To Global Warming?!,3561.0,3561.0,20.0,0.005616399887672002,0.013626099281438084
5469,1596,Hold Up. Are HAMBURGERS Really The Answer To The Climate Disaster?!,3484.0,3484.0,12.0,0.003444316877152698,0.011809803929732205
5482,1600,They Worked Hard All Of Their Lives. Now It Could Go KABLOOEY With This One Revelation.,3526.0,3526.0,26.0,0.00737379466817924,0.015378205973536426
5483,1600,Betting On Yourself Is One Thing. Betting On Your Country To Do Right By You Is Another. ,3526.0,3526.0,16.0,0.0045377197958026095,0.0025060707627584163
5484,1600,"You Know, The X-Men Were Marginalized Too. Guess That Makes These Kids Superheroes. ",3533.0,3533.0,12.0,0.003396546844041891,0.015394442137294885
5485,1600,"Their Parents, Employers, Boyfriends Don't Know That They're About To Unmask Themselves.
",3522.0,3522.0,70.0,0.019875070982396367,0.014544562343497124
5510,1609,WATCH: Five Men Setting An Amazingly Simple Example For Other Guys,3470.0,3470.0,61.0,0.017579250720461095,0.01834453536020052
5511,1609,"Oh, So In Scotland They Actually DON'T Promote Rape Culture?",3476.0,3476.0,81.0,0.02330264672036824,0.01762014616076335
5512,1609,"If The Steubenville Football Team Had Seen This Video, Maybe We'd Be Short One Injustice.",3514.0,3514.0,40.0,0.011383039271485486,0.018298583869615914
5513,1609,"I Hate That This Ad Even Has To Exist — But Now I'm Pretty Sure We Need It In America, Too.",3495.0,3495.0,61.0,0.017453505007153074,0.017467264455824527
5524,1613,"Oh, So In Scotland They Actually DON'T Promote Rape Culture?",3455.0,3455.0,55.0,0.015918958031837915,0.01762014616076335
5525,1613,"I Hate That This Ad Even Has To Exist — But Now I'm Pretty Sure We Need It In America, Too.",3601.0,3601.0,61.0,0.016939738961399612,0.017467264455824527
5563,1624,"So, The Government Has Made The Expansion Of Human Consciousness Illegal ...Interesting. ",3302.0,3302.0,47.0,0.014233797698364628,0.018809235390705184
5565,1624,"Ughhh, These Stupid Regulations Have Put A Revolutionary Cure For Depression At A Stand Still.",3519.0,3519.0,31.0,0.008809320829781187,0.0018114464858986976
5620,1640,Want To Know How Adolescent Girls Are The Most Powerful Catalyst For Change On The Plant? Watch This,5042.0,5042.0,43.0,0.00852836176120587,0.012575121713018764
5621,1640,Want To Know How Adolescent Girls Are The Most Powerful Catalyst For Change On The Plant? ,4836.0,4836.0,38.0,0.007857733664185277,0.009675631241899813
5709,1663,"Mmmm...Plastic Soup. It’s What’s For Dinner?
",3504.0,3504.0,16.0,0.0045662100456621,0.012023934266399045
5710,1663,"No big deal: It’s Just $31 Trillion In Our Global Economy
",3569.0,3569.0,11.0,0.0030820958251611096,0.011460675247263307
5711,1663,"Holy Crap! If $31 Trillion Doesn't Get Our Attention, Maybe The Lack Of Oxygen Will? ",3498.0,3498.0,16.0,0.004574042309891366,0.012797363728624066
5731,1670,An App That Will Award Me Points For NOT Doing Something? Sign Me Up!,3377.0,3377.0,16.0,0.004737933076695291,0.008139338520348711
5732,1670,Brownie Points Takes On Quite A New Meaning With This Hilarious App Parody,3488.0,3488.0,19.0,0.005447247706422019,0.012178648703797423
5734,1670,Racism Has Never Been More Slap-Your-Knee Funny (No Seriously—And I'm Black...),3421.0,3421.0,67.0,0.019584916691026015,0.019294479043418876
5826,1695,"If We Were All A Little More Like This Nut Job, The World Would Be A Better Place",3408.0,3408.0,39.0,0.011443661971830986,0.014721554959797422
5827,1695,"If This Doesn't Make You Laugh, Email Me. I’m Making A List Of Grouchy People.",3327.0,3327.0,66.0,0.019837691614066726,0.019586761859747268
5828,1695,Imagine How Beautiful The World Would Be If We All Expressed Our Joy Like This,3389.0,3389.0,63.0,0.018589554440838006,0.016072320833509502
5837,1699,"Obama, We Are Demanding You To Do This. And So Is Morgan Freeman.",3461.0,3461.0,80.0,0.023114706732158336,0.019669777573383184
5838,1699,"Obama, We Are Demanding You To Do This.
",3448.0,3448.0,69.0,0.020011600928074247,0.01732916399324367
5839,1699,"Obama, Can You Hear Us? We're Demanding This From You. And So Is Morgan Freeman.
",3411.0,3411.0,78.0,0.022867194371152155,0.013231400854973
5840,1699,WATCH: A Must-See For Anyone Who Wants To Leave The World A More Peaceful Place,3431.0,3431.0,53.0,0.015447391431069659,0.014438534381717452
5855,1705,"Jeopardy: I'll Take ""The Great White American Lie"" for $2000, Alex",3385.0,3385.0,59.0,0.01742983751846381,0.014283662506858731
5856,1705,"Let's Add ""The Civil War Was About States Rights"" To The List Of Lies My Teacher Told Me",3358.0,3358.0,31.0,0.009231685527099465,0.01890700349756046
5857,1705,"We're Teaching Kids History, But We're Leaving This Entire Bit Out?",3409.0,3409.0,72.0,0.021120563215019067,0.023303869984627364
5858,1705,All I Want To Know Is Why Didn't I Ever Hear This In American History 101?,3421.0,3421.0,61.0,0.017831043554516222,0.018006852115815968
5859,1706,There Is No Way That You Built Something THIS Cool In High School. No Way.,3376.0,3376.0,39.0,0.0115521327014218,0.015862225376364284
5860,1706,This Car Doesn't Just Look Cool: Its Got An Incredible Story Too,3449.0,3449.0,45.0,0.01304726007538417,0.005046380751508211
5861,1706,Find Out Why This Car's Look Might Be The Least Cool Thing About It. ,3364.0,3364.0,25.0,0.007431629013079667,0.018478998013100295
5892,1714,"Waaaaaiiiit, Shouldn't My Lunch Be Worth More Than What It Ate?",3534.0,3534.0,23.0,0.006508205998868138,0.008829371759034465
5894,1714,"Call Me Crazy, But Shouldn't I Be Getting MORE Out Of My Lunch?",3407.0,3407.0,20.0,0.0058702670971529205,0.014938311165820388
5895,1715,This Pleasantly Surprising Commercial From Down Under Has A Twist That Makes Me Think,3382.0,3382.0,89.0,0.02631578947368421,0.02164830066334855
5896,1715,This Pleasantly Surprising Commercial From Australia Has A Twist That Will Make You Think,3413.0,3413.0,112.0,0.032815704658658074,0.02590542912265939
5898,1715,"When You Hear The Surprise In This Commercial From Down Under, I Guarantee A Smile",3361.0,3361.0,66.0,0.019637012793811366,0.01361744410318141
5931,1724,"WATCH: This Woman's Choices Are No One's Business. What Happens To Her, Though? Everyone's Business.",3270.0,3270.0,48.0,0.014678899082568808,0.021654306176792405
5932,1724,WATCH: This Superb Music Video Shows The Hypocrisy Of The Witch Hunt In A Really Mesmerizing Way,3356.0,3356.0,41.0,0.012216924910607866,0.02335624426991234
5933,1724,"WATCH: Some Think Its Their Right To Punish Others For Who They Are. This Video Proves Them Wrong.
",3357.0,3357.0,43.0,0.012809055704498064,0.018009332846304262
5934,1724,WATCH: This Superb Music Video Shows The Hypocrisy Of The Witch Hunt In A Really Mesmerizing Way,3231.0,3231.0,38.0,0.011761064685855771,0.02335624426991234
5955,1730,"I Have Heard Some Insane Pro-Life Arguments In My Day, But This One Takes The Cake.",3389.0,3389.0,130.0,0.03835939805252287,0.02442134688577284
5957,1730,File This One Under Arguments Against Abortion I Never Ever Thought I'd Hear,3428.0,3428.0,129.0,0.03763127187864644,0.019415128508522013
5958,1730,I Can Respect People Who Are Pro-Life For Deep Moral Or Religious Reasons. This DOES NOT Qualify.,3548.0,3548.0,103.0,0.0290304396843292,0.013681399676916355
5959,1731,People Like These Are Usually Ignored When Others Pass Them By. I Dare You To Ignore Them Now.,3494.0,3494.0,53.0,0.015168860904407555,0.022609546271666284
5960,1731,WOW: A Group Of Human Beings Helping Other Human Beings Live Like...Human Beings,3452.0,3452.0,23.0,0.006662804171494786,0.009930828055095545
5961,1731,You Can't Help But See The Joy In These People Now That They're No Longer Ignored,3440.0,3440.0,21.0,0.006104651162790698,0.009884789280246647
5962,1731,You Can't Help But See The Life In These People Now That They're No Longer Ignored,3444.0,3444.0,28.0,0.008130081300813009,0.008636875538339323
5967,1733,"Obama, We Are Demanding You To Do This. And So Is Morgan Freeman.",3627.0,3627.0,89.0,0.024538185828508408,0.019669777573383184
5968,1733,WATCH: A Must-See For Anyone Who Wants To Leave The World A More Peaceful Place,3505.0,3505.0,60.0,0.017118402282453638,0.014438534381717452
5969,1733,"We Both Know You'll Listen To Morgan Freeman Say Anything, So Spare Us The Denial And Watch This",3483.0,3483.0,93.0,0.026701119724375538,0.020275342656545528
5970,1733,"This Isn't Hippy-Dippy-Peace Talk, This Is I-want-my-friends-and-family-to-have-a-future Talk
",3563.0,3563.0,78.0,0.02189166432781364,0.006255984589701288
6005,1744,ZOOM IN: A Collage Takes Bits And Pieces Of Hate And Turns Them Into Something Beautiful,3442.0,3442.0,39.0,0.011330621731551424,0.012860636074736883
6006,1744,"True Art Takes Foaming Hatred, Reduces It To Bits, And Turns It Into Something Beautiful. Come See.",3421.0,3421.0,25.0,0.007307804735457469,0.010195898438130563
6007,1744,"Sometimes You Have To Stand Back From The Ugly To See The Big Beautiful Picture
",3450.0,3450.0,41.0,0.011884057971014493,0.016710076512904116
6091,1769,Hold On A Sec. Why Isn't My Lunch Worth More Than Where It Came From?,3564.0,3564.0,34.0,0.009539842873176206,0.008703211492763306
6093,1769,HOLD ON. Why Isn't My Lunch Worth MORE Than Where It Came From!?,3573.0,3573.0,32.0,0.008956059333893087,0.0076752461067204365
6094,1769,"Waaaaiiiiit, Am I The Only One Who Thinks My Lunch Should Be Worth MORE Than Where It Came From?",3654.0,3654.0,42.0,0.011494252873563218,0.009894403192708484
6096,1770,Pixar Doesn’t Produce Pieces Like This But Maybe They Should?,3474.0,3474.0,45.0,0.012953367875647668,0.023987417185493874
6097,1770,A Vivid Description Of The Day The Ghost Began To Haunt Him,3472.0,3472.0,32.0,0.009216589861751152,0.01068422719877006
6115,1776,This Shiny Dude Is Just One More Way That New Orleans Is Beautiful And Resilient.,2413.0,2413.0,18.0,0.0074595938665561546,0.005799766700832829
6116,1776,"Think A Giant Metal Stick Figure Can’t Save Anyone’s Life? Think Again.
",2460.0,2460.0,31.0,0.012601626016260163,0.01635013877274176
6222,1806,"The Good News Is Also The Bad News: Insecure Girls, You Are Not Alone",3805.0,3805.0,32.0,0.008409986859395532,0.010188301924313808
6223,1806,"These Boys Give New Meaning To The Words, ‘Beach Body’",3693.0,3693.0,24.0,0.006498781478472786,0.009939627617952043
6224,1806,These Teens Transform Crippling Insecurities Into A Hilarious Performance,3678.0,3678.0,63.0,0.017128874388254486,0.017522257014152415
6225,1806,These Guys Prove That I Don’t Have A Clue What Goes On In Teenage Boys’ Minds,3877.0,3877.0,64.0,0.016507608976012382,0.018276332180370555
6267,1818,"This Video Isn't Real, But What It Could Mean For The Next Roof Over Your Head Is As Real As It Gets",3551.0,3551.0,17.0,0.0047873838355392846,0.008356587823984596
6268,1818, The Law Most Landlords Hope You Never Hear About.,3721.0,3721.0,68.0,0.018274657350174684,0.016905039685719905
6269,1818,Congress Passes A Law That Every Apartment-Hunting American Can Hug Them For.,3471.0,3471.0,49.0,0.014116969173148948,0.005287691764461075
6270,1818,The Thing I Wish I Had Known All These Years Looking For Apartments To Rent. ,3759.0,3759.0,58.0,0.015429635541367386,0.01711485191055065
6343,1839,"Video Game Logic: If We're Going To Be Violent To Women, They Might As Well Be Naked",2916.0,2916.0,62.0,0.021262002743484224,0.0095428902799822
6344,1839,"If You're A Female Character In A Video Game, You're Gonna Have A Bad Time",2877.0,2877.0,55.0,0.019117135905457074,0.00511237761290784
6345,1839,"If You're A Woman In A Video Game, Your Chances Of Getting Killed Just Skyrocketed",2829.0,2829.0,29.0,0.010250972074938141,0.004725350745762181
6346,1839,Who Doesn't Like A Little Gratuitous Nudity To Go With Their Violence Towards Women?,2917.0,2917.0,78.0,0.026739801165581077,0.016720918323768444
6347,1839,"Violence, Nudity, And Objectification — The Tired Tropes Of Modern Video Games",2819.0,2819.0,56.0,0.019865200425682867,0.010774014591412633
6409,1854,"As Far As Heartwarming Commercials Go, This One Is Hugtacular",3529.0,3529.0,72.0,0.020402380277699066,0.015113102928180116
6410,1854,"As Far As Heartwarming Commercials Go, This One Is Lovetacular",3490.0,3490.0,76.0,0.02177650429799427,0.01777856574642005
6456,1867,When Is A Confession Not A Confession? When Someone Holds A Lighter To Your Balls.,4238.0,4238.0,44.0,0.010382255781028787,0.012164977955828802
6457,1867,"You've Heard About The IRA, But Have You Heard About Their Best Recruitment Vehicle?",4113.0,4113.0,35.0,0.008509603695599319,0.009052976445024688
6458,1867,Children And Lives Destroyed By Police In Northern Ireland.  Where's The Outrage?,4017.0,4017.0,19.0,0.004729897933781429,0.015681987163909245
6459,1867,"Profiling And Police Brutality, I Guess It's Not Just An American Problem After All",4137.0,4137.0,29.0,0.007009910563210055,0.014020809463532714
6510,1881,The Most Heartwarming And Complicated Family Portrait I've Ever Seen,3304.0,3304.0,43.0,0.01301452784503632,0.016113391716516427
6511,1881,The Most Touching And Way Complexiest Family Portrait I've Ever Seen,3276.0,3276.0,41.0,0.012515262515262516,0.019355981862513947
6512,1881,You Think Your Family Is Complicated? Try Taking A Group Photo With This Guy's Family.,3140.0,3140.0,40.0,0.012738853503184714,0.0181284222384361
6540,1888,Watch This Teacher Make Her 3rd Grade Kids Hate Each Other For The Best Reason Imaginable,3233.0,3233.0,131.0,0.040519641200123725,0.03256143180866522
6541,1888,Watch A Teacher Make Her 3rd Grade Kids Hate Each Other For The Best Reason Imaginable,3295.0,3295.0,154.0,0.046737481031866465,0.03461783912023252
6542,1888,This Teacher Made Her 3rd Grade Kids Hate Each Other. She Had The Best Reason Imaginable.,3149.0,3149.0,141.0,0.04477611940298507,0.03503821447431813
6648,1920,"The Cafeteria Staff Is Refusing To Eat, But It Has Nothing To Do With The Quality Of The Food
",4742.0,4742.0,29.0,0.006115563053563897,0.014020998094037285
6649,1920,"Why Lunch Ladies Are Refusing To Take A Single Bite
",3926.0,3926.0,22.0,0.0056036678553234845,0.014613693706899931
6650,1920,Can You Imagine Anything Worse For Schools Than Teacher Layoffs? It’s Happening Right Now.,4320.0,4320.0,11.0,0.0025462962962962965,0.007121553536940392
6659,1923,Here's The First Marriage Proposal On TV After DOMA Was Ruled Unconstitutional. You're Welcome.,3762.0,3762.0,40.0,0.01063264221158958,0.0130234365256874
6661,1923,"If You Are Wondering What It Looks Like When The Supreme Court Says You Can Get Married, Here Ya Go",4389.0,4389.0,26.0,0.005923900660742766,0.020618900073362735
6662,1923,"If You Think This Is A Threat To Your Marriage, You Are Doing It Wrong",4442.0,4442.0,23.0,0.005177847816298964,0.014403309607404356
6705,1935,"Photographer Sick of Fashion, Reframes His Idea Of Beauty –– With Lovely Results",3394.0,3394.0,52.0,0.015321154979375369,0.02220043663980565
6706,1935,"Photographer Tired of Fashion, Reframes His Idea Of Beauty –– With Gorgeous Results",3732.0,3732.0,75.0,0.02009646302250804,0.020102697605897522
6707,1935,"Photographer Who Is Sick of Fashion, Reframes His Idea Of Beauty –– With Gorgeous Results",3549.0,3549.0,78.0,0.02197802197802198,0.02219521174660678
6771,1953,"I Love My Country, But Sometimes I Hate The Way It Treats People",3768.0,3768.0,9.0,0.0023885350318471337,0.012804482407274585
6773,1953,These Are People Like You And Me. Except Their Family Has Been Ripped Apart.,3460.0,3460.0,10.0,0.002890173410404624,0.007477636855756185
6774,1953,These Are People Like You And Me. Except They’re Much More Alone.,3951.0,3951.0,10.0,0.002531004808909137,0.008363982113291228
6776,1954,"Alcoholism, Bulimia, And Drug Addiction Taught This Mom That Life Is Brutiful ",4095.0,4095.0,15.0,0.003663003663003663,0.017504790066876382
6808,1965,"Just When We Think We're Not Enough For Our Kids, It Turns Out We're More Than We Imagined",3315.0,3315.0,32.0,0.009653092006033183,0.009918742144154311
6854,1978,What's The Dumbest Thing You Could Say To A Congresswoman Who Lost Her Legs In Battle? THIS.,3705.0,3705.0,68.0,0.01835357624831309,0.020365930853595858
6865,1982,"QUICK: What's The Fifth Amendment!? If You Don't Know It, You Might Be In Trouble",3314.0,3314.0,18.0,0.005431502715751358,0.00704324281481033
6866,1982,A Supreme Court Ruling Just Gave The Fifth Amendment The Middle Finger. No One's Talking About It.,3375.0,3375.0,16.0,0.004740740740740741,0.01208520266207303
6867,1982,Why Is Everyone So Silent On The Supreme Court Ruling That Messed With Our Right To Remain Silent?,3343.0,3343.0,14.0,0.004187855219862399,0.011370717955987628
6868,1982,The Supreme Court Did WHAT!? The Terrifying Ruling No One's Talking About.,3353.0,3353.0,34.0,0.010140172979421413,0.019459698966202508
6873,1984,The Supreme Court Did WHAT!? The Terrifying Ruling No One's Talking About.,3865.0,3865.0,32.0,0.008279430789133247,0.019459698966202508
6874,1984,Is Knowing The Bill Of Rights REALLY Necessary To Be Protected By Them?,3251.0,3251.0,9.0,0.0027683789603199014,0.005831436974117282
6875,1984,The Supreme Court Ruling You Didn't Hear About—It's Not All Rainbows And Happiness,3024.0,3024.0,18.0,0.005952380952380952,0.008181335422962526
6876,1984,"In Case You Missed It, The Supreme Court Just Destroyed Your Fifth Amendment Rights",3454.0,3454.0,27.0,0.00781702374059062,0.02201021408852753
6880,1985,A Photographer Captures Some Powerful Moments In Brazil As Protesters Stand Up For Their Rights,3124.0,3124.0,10.0,0.003201024327784891,0.003106449877848811
6946,2004,I Never Thought I'd See Something So Hardcore on Sesame Street's Lesson Plan,4225.0,4225.0,24.0,0.005680473372781065,0.01987776910765906
6947,2004,Sesame Street Takes The Phrase Educational Programming To A Whole New Level,4975.0,4975.0,12.0,0.002412060301507538,0.018144575919239736
6948,2004,"Can You Tell Me How To Get, How To Get To... Jail?",4113.0,4113.0,9.0,0.002188183807439825,0.006768251781731011
6949,2004,Whoa. Apparently No Topic Is Off Limits For Sesame Street. ,4975.0,4975.0,27.0,0.005427135678391959,0.014464873648958779
6980,2013,"This Old, Blind Couple Is Giving The Funkiest Sounding Audible Middle Finger To Islamist Rebels. ",3859.0,3859.0,14.0,0.003627882871210158,0.01445904817585365
6981,2013,"Their Music May Not Be Top 40 Material, But It's Totally Number One On My Protest Playlist.",4300.0,4300.0,11.0,0.0025581395348837207,0.009261348572774022
6982,2013,The Most Beautiful Sounding Middle Finger To Islamist Rebels I've Ever Heard.,3688.0,3688.0,29.0,0.007863340563991324,0.010912204934663656
6983,2013,"Love Is Blind, Talent Is A Gift, And Using Your Talents To Make A Stand Is Just Plain Inspiring.",4027.0,4027.0,10.0,0.0024832381425378696,0.012174447711947641
7015,2022,This Video Celebration Is Like A Unicorn Leaping Into A Pool Full Of Skittles,4038.0,4038.0,13.0,0.0032194155522535907,0.0017008993613395204
7040,2030,Why Aren't There More Ads For Kids Like This?,2639.0,2639.0,31.0,0.011746873815839333,0.02007894584570974
7042,2030,Someone Seemed To Have The Right Idea 20 Years Ago - So Why Not Bring It Back?,2777.0,2777.0,32.0,0.011523226503420959,0.009669198972315898
7043,2030,Here's Some Retro Advertising That Makes A Lot More Sense For Kids Than What's Around Today,2944.0,2944.0,43.0,0.014605978260869566,0.021642541241174346
7061,2035,Rachel Maddow Calmly And Rationally Dismantles Anti-Gay Dude's Poorly Thought Out Marriage Arguments,2504.0,2504.0,76.0,0.03035143769968051,0.04121089519701894
7062,2035,"Rachel Maddow Uses Logic, Math And Reason To Dismantle Anti-Gay Guy's Invalid Argument On Marriage",2436.0,2436.0,66.0,0.027093596059113302,0.038507154271298624
7063,2035,"An Anti-Gay Dude Panics About Gay Marriage. Rachel Maddow Teaches Him About Facts, Math And Reality.",3716.0,3716.0,91.0,0.02448869752421959,0.04200078450981136
7074,2038,It Only Took Rachel Maddow 48 Seconds To Take Apart An Anti-Gay Zealot's Flawed Ideas On Marriage,3238.0,3238.0,138.0,0.0426189005558987,0.048925445586949126
7152,2059,You Could Get Your Little Girl A Barbie. But Wouldn't You Prefer She Learned How To Do Stuff?,2211.0,2211.0,28.0,0.012663952962460425,0.018074627372429833
7154,2059,My Daughter Will Not Be Defined By The Color Pink. She Will Define How To Engineer Pink.,3813.0,3813.0,34.0,0.008916863362182009,0.015281037977843727
7188,2070,"If You Wrote A Letter To Your 12-Year-Old Self, Would It Sound A Bit Like These?",2711.0,2711.0,48.0,0.01770564367392106,0.014263789616685852
7189,2070,What If You Could Write A Letter To The Bully In Your Middle School? What If That Bully Was You?,2674.0,2674.0,25.0,0.009349289454001496,0.007052286541247152
7190,2070,"Some Proof That We Don't Always Get The ""Be A Good Person"" Thing Right The First Time",2781.0,2781.0,35.0,0.012585400934915498,0.014797003213104561
7191,2070,"Helping Australian Teens Fight Bullying, One Letter To The Past At A Time",2631.0,2631.0,12.0,0.004561003420752566,0.006605879524773322
7255,2088,There's Some Crazy Stuff Happening In This Dystopian Suburban Neighborhood,2589.0,2589.0,44.0,0.016994978756276556,0.014693162629104214
7256,2088,What Would Suburbia Look If It Had The Same Water Resources As Africa?,2643.0,2643.0,80.0,0.03026863412788498,0.006303046752004361
7257,2088,This Bleak Scene Could Be Reality If We Don't Start Conserving A Certain Precious Resource,2949.0,2949.0,47.0,0.01593760596812479,0.011716608798301772
7258,2088,Can You Even Imagine Life Without A Bajillion Gallons Of Water Use Each Day?,3000.0,3000.0,32.0,0.010666666666666666,0.006194286546068725
7299,2100,Provocative Celebrities Talk About Alot Of Things But The Value Of Work Is Not Usually One Of Them,2619.0,2619.0,14.0,0.005345551737304314,0.008897637045053503
7300,2100,"HOT CELEB TRENDS: Tuxedos, White Ties and Reflecting Thoughtfully On Workers Rights",2979.0,2979.0,2.0,0.000671366230278617,0.007424492613709853
7301,2100,"Rapper Makes A Reference On Needing To Use A Fist In A Way You Wouldn't Imagine
",2734.0,2734.0,44.0,0.016093635698610095,0.020721692417960548
7302,2100,What Musician Wyclef Said About His Childhood Will Move Your Body. Into Activism.,2656.0,2656.0,29.0,0.010918674698795181,0.00952940519241249
7390,2123,"NSA, Add Him To Your Surveillance List! He's Dropping Truth Bombs Like A Boss",2643.0,2643.0,57.0,0.021566401816118047,0.011878441633000744
7391,2123,Choo Choo! Do You Hear That? That's The Pentagon Pushing Its Agenda Along The Hypocrisy Track,3082.0,3082.0,41.0,0.013303049967553536,0.0018988994411640748
7392,2123,"Dear US Government: This Guy Has Nailed A Hammer On Your Hypocrisy Head
",2679.0,2679.0,62.0,0.023142963792459875,0.024537608747334152
7393,2123,"So Let Me Get This Straight. There Are ""Good"" Leaks And Their Are ""Bad"" Leaks? Right. 
",2642.0,2642.0,46.0,0.0174110522331567,0.004319411286082461
7398,2125,What Happens When An Australian 'Management Team' Tries To Figure Out Its Workers,2488.0,2488.0,41.0,0.01647909967845659,0.012289984452327426
7399,2125,"What, Did You Think These Things Were Just Given To Us Because EVERYBODY'S Nice When They Own A Company?",2891.0,2891.0,29.0,0.010031131096506399,0.010692944969641899
7400,2125,"I Once Had A Boss That Told Us, 'If You Get Fired, You're Firing Yourself'",2706.0,2706.0,49.0,0.01810790835181079,0.005055096033470827
7401,2125,"If Mr. Burns From 'The Simpsons' Ran A Company Meeting, It Would Probably Go A Little Something Like This",3004.0,3004.0,54.0,0.017976031957390146,0.015887399590062398
7406,2127,What Would Suburbia Look If It Had The Same Water Resources As Africa?,2776.0,2776.0,123.0,0.04430835734870317,0.006303046752004361
7407,2127,Is This What Suburbia Would Look If It Had The Same Water Resources As Africa?,2898.0,2898.0,94.0,0.03243616287094548,0.007026245590549238
7408,2127,What Would Life Look If We Had The Same Water Resources As Africa?,2735.0,2735.0,110.0,0.04021937842778794,0.01
7409,2127,What Would Suburbia Look If It Had The Same Minimal Water Resources As Africa?,2648.0,2648.0,91.0,0.034365558912386705,0.00749930597419479
7414,2129,"Need A 5 Minute Summary Of The US Government's NSA Hypocrisy? This Would Be It.
",2825.0,2825.0,57.0,0.020176991150442476,0.018349760795417204
7415,2129,Dear US Government: This Guy Has Nailed A Hammer On Your Hypocrisy Head,2917.0,2917.0,54.0,0.018512170037709975,0.02180809757999475
7416,2129,"""Crap. I Really Hope America Doesn't Listen To This Dude"" - The US Government. Probably.
",2533.0,2533.0,78.0,0.030793525463876825,0.017354538759895517
7417,2129,"It's Funny That This TV Reporter Is Calling Out This Hypocrisy, But Those Who Should Be Aren't
",2702.0,2702.0,80.0,0.029607698001480384,0.02527422606899086
7617,2184,"So If Her Parents Had Given Up, They Never Would Have Seen This ",1901.0,1901.0,72.0,0.03787480273540242,0.016550335654748796
7618,2184,"So If Her Parents Had Given Up, This Is What They Would Have Missed ",1852.0,1852.0,45.0,0.02429805615550756,0.018939523650338304
7619,2184,Would You Have Given Up On Her? This Is What You Would Have Missed.  ,1870.0,1870.0,30.0,0.016042780748663103,0.020769395478356222
7620,2184,Your Special Child May Be Way More Special Than You Even Realize ,1763.0,1763.0,16.0,0.009075439591605219,0.021396839583979015
7621,2184,A Lot Of Parents May Have Given Up On Her. This Is Why Hers Did Not.  ,1986.0,1986.0,40.0,0.02014098690835851,0.02213756234215069
7622,2184,"When Special-Needs Children Are Given What They Need, The Results Can Be Spectacular   ",1940.0,1940.0,32.0,0.016494845360824743,0.013593102771452712
7639,2189,Watch A Famous Actor Realize What Society Does To Women And Then Lose It,2748.0,2748.0,216.0,0.07860262008733625,0.03691684892653571
7640,2189,Dustin Hoffman Breaks Down While Trying To Explain Why He Thinks About Women The Way He Does,2832.0,2832.0,194.0,0.06850282485875706,0.06034298555617399
7641,2189,"If You Want To Know What It's Like To Be Born A Woman, Ask Dustin Hoffman. Just Try Not To Cry.",2691.0,2691.0,182.0,0.06763285024154589,0.04086179745305618
7662,2195,"DUH: What This Comedian Says Will Not Only Make You Laugh, It'll Make You Applaud Common Sense ",2728.0,2728.0,129.0,0.04728739002932551,0.02050277599258278
7663,2195,"If I Ever Hit On A Straight Guy, I Would Want Him To Be Just Like This Comedian ",2757.0,2757.0,145.0,0.05259339862169024,0.026547139473009587
7664,2195,This May Be One Of The First Times I've Agreed With A Straight Guy On What To Do With Gays ,2911.0,2911.0,145.0,0.0498110614908966,0.02088132407721305
7665,2195,It's Always Nice To See A Straight Guy Lay Down Some Gay Common Sense ,2557.0,2557.0,115.0,0.0449745795854517,0.029707084203706255
7695,2203,"He Is His Best Friends Eyes. His Best Friend Is His Legs. Together, They Are Unstoppable.",2193.0,2193.0,36.0,0.016415868673050615,0.014774943074449324
7696,2203,Well This Is Basically One Of The Most Inspiring Stories Ever. Grab Your Kleenex.,2633.0,2633.0,87.0,0.03304215723509305,0.011165090653022642
7697,2203,A Wrestler Who Couldn't Walk And His Best Friend Who Couldn't See Decided To Blow Your Mind,2134.0,2134.0,47.0,0.022024367385192128,0.020088456583764472
7698,2203,Meet The 2 Dudes Who Didn't Let A Little Blindness And The Lack Of Legs Stop Them From Being Awesome,2080.0,2080.0,42.0,0.020192307692307693,0.011765517127160684
7735,2215,That Awkward Moment When You Realize It Takes Almost Nothing To Fix Food In America,2732.0,2732.0,76.0,0.027818448023426062,0.010418824015007015
7736,2215,What If The Best Way To Change What We Eat Is To Change What We Grow?,2940.0,2940.0,42.0,0.014285714285714285,0.005116840742780845
7737,2215,"Infographic: It's Not You, It's The Food System That's Unhealthy",3030.0,3030.0,60.0,0.019801980198019802,0.016818153900817506
7738,2215,"Hey I Have An Idea, Let's Not Allocate 98% Of Our Farmland To Growing This",2867.0,2867.0,70.0,0.024415765608650157,0.01582633736388312
7743,2217,"If This Is What Socialized Medicine Looks Like, Count Me In!",2874.0,2874.0,52.0,0.018093249826026444,0.014379065349833861
7744,2217,"Everything Sounds 450% More Sinister In A German Accent, But What He's Describing Is Vonderful",3101.0,3101.0,62.0,0.0199935504675911,0.004449512450352407
7745,2217,"The Next Time Someone Tells You To Be Afraid Of Socialized Medicine, Show Them Why They're Wrong",3018.0,3018.0,86.0,0.028495692511597084,0.014127343472164915
7746,2217,WATCH: The People Who Invented Health Care Are Basically Telling Us We're Doing It Wrong,2525.0,2525.0,37.0,0.014653465346534653,0.00855160298708233
7785,2228,"Oliver Stone Isn’t About To Let Government Trample His Civil Liberties, And He Wants You To Join Him",2711.0,2711.0,30.0,0.011066027296200664,0.01
7786,2228,"One Of America’s Most Famous Veterans Has No Interest In Protecting Us From The Enemy At All Costs
",2782.0,2782.0,38.0,0.013659237958303379,0.019261581708766688
7877,2253,"Do You Understand These Two Words? Here, Let Stephen Fry Break It Down To You.",2498.0,2498.0,49.0,0.019615692554043235,0.0219879171210579
7878,2253,"These Two Words Could Change Your Country, Too",2633.0,2633.0,30.0,0.01139384732244588,0.009281265358595383
7879,2253,WOW: How One Country Is Sending Two Powerful Words To Their Leaders,2771.0,2771.0,21.0,0.007578491519307109,0.0120044483112528
7880,2253,"Don’t Be Distracted By The Wondrous British Accents. Just Listen To These Two Words.
",2636.0,2636.0,78.0,0.02959028831562974,0.018320197508004368
7930,2267,"Congressmen Send Error-Filled, Rhetoric-Laced Letter To Coworkers. Appropriate Response Ensues.",2726.0,2726.0,76.0,0.027879677182685254,0.030580201910703153
7931,2267,"If You're Gonna Send An Immature Letter To Your Fellow Congresscritters, Expect A Response Like This",2719.0,2719.0,98.0,0.03604266274365576,0.029706639076033815
7932,2267,"Ladies And Gentleman, Say Hello To The Hilarious Reason Why Nothing Good Ever Happens In Congress",2887.0,2887.0,104.0,0.03602355386214063,0.02085977930325078
7943,2271,A 12-Year-Old Egyptian Boy Flabbergasts An Interviewer. They Weren't Expecting A Political Genius.,2743.0,2743.0,161.0,0.05869485964272694,0.0280407534904393
7944,2271,A 12-Year-Old Political Genius Is In The Right Place At The Right Time,2839.0,2839.0,55.0,0.019373018668545263,0.012112562671338685
7945,2271,12-Year-Old Political Whiz Kid Verbally Demolishes An Egyptian Political Group,2793.0,2793.0,71.0,0.025420694593626926,0.020120340096187656
7987,2282,Congressman Responds Like A Real Person Would After Getting A Really Inane Letter From His Coworkers,2584.0,2584.0,106.0,0.04102167182662539,0.024482436239859143
7988,2282,Congressman Responds Like A Real Human Would After Getting A Really Inane Letter From His Coworkers,2769.0,2769.0,108.0,0.0390032502708559,0.024212128036789068
7989,2282,Congressman Responds Like A Real Person Would After Getting A Really Dumb Letter From His Coworkers,2822.0,2822.0,113.0,0.04004252303330971,0.024044650224493425
8015,2289,"A Little Kid Talks To Ashton Kutcher... Wait, Where Are You Going? I Promise Its A Good Thing.",2284.0,2284.0,75.0,0.03283712784588441,0.028038884273041735
8016,2289,"A Kid Talks To Ryan Lochte About Grammar... Wait, Where Are You Going? I Promise Its A Good Thing.",1829.0,1829.0,59.0,0.03225806451612903,0.017956818224017658
8017,2289,"A Little Kid Talks To A D-List Celebrity... Wait, Where Are You Going? I Promise Its A Good Thing.",2385.0,2385.0,70.0,0.029350104821802937,0.013378671559677615
8059,2302,"If You Can Make It To The 5-Minute Mark Without Crying, Something Might Be Wrong With You
",2548.0,2548.0,90.0,0.03532182103610675,0.023587105038920073
8060,2302,"The Stunning Performance That Left Every Single Person In The Audience In Tears
",2646.0,2646.0,104.0,0.039304610733182165,0.03159793357675446
8061,2302,"If You Can Make It To The 5-Minute Mark Without Crying, Something’s Wrong",2642.0,2642.0,98.0,0.03709311127933384,0.022553831676502413
8129,2320,"After Seeing This Trailer, You'd Think Only Stereotypes Can Save The World",2683.0,2683.0,19.0,0.007081625046589639,0.011367249865744378
8130,2320,ONE Video Reveals The Truth Behind American Movie Stereotypes,2667.0,2667.0,33.0,0.012373453318335208,0.0194213376374004
8131,2320,"One Man, One Mission, And The One Way Movie Executives Assume We Think ",2622.0,2622.0,31.0,0.011823035850495805,0.01937869163182237
8144,2324,"The Song That Should Be On Every Station In America This Week
",2814.0,2814.0,71.0,0.02523098791755508,0.020421874528153226
8146,2324,"If Your Heart Is Broken For Trayvon Martin, Here Is A Small Bit Of Solace
",2880.0,2880.0,99.0,0.034375,0.033033576217134625
8220,2343,"If You Give A Mouse A Cookie, He's Going To Want Some More Diversity To Go With It",3029.0,3029.0,42.0,0.013865962363816441,0.001068986082274695
8222,2343,"Brown Bear. Brown Bear. What Do You See?  Well, Apparently Not You.",2698.0,2698.0,26.0,0.009636767976278725,0.020479774926098527
8223,2343,This Is Scary: What Percent Of Children's Books Are About People Of Color? ,2721.0,2721.0,46.0,0.016905549430356485,0.018914992803918354
8276,2358,Put A Cape On This Guy Because The Way He Fights This Monster Is Superhuman,2811.0,2811.0,139.0,0.049448594806118816,0.009379768483322531
8277,2358,Put A Cape On This Guy Because The Way He Fights This Beast Is Superhuman,2695.0,2695.0,95.0,0.03525046382189239,0.012403403360277284
8278,2358,Put A Cape On This Guy Because The Way He Fights His Demons Is Heroic,2929.0,2929.0,120.0,0.04096961420279959,0.015493888495545288
8287,2361,STOP: We’re Taking A Stand Against This Fast (Food) Growing Problem,2740.0,2740.0,32.0,0.01167883211678832,0.01736527397973337
8288,2361,"I’d Like A Bag Of Fries, A Coke, And This Massive Injustice Sorted Out By The Time I Pick It Up
",3077.0,3077.0,42.0,0.013649658758531037,0.018865724665217257
8289,2361,"Can You Give Me Cheese Burger, A Coke, And A Side Of Fairness. Hold The Injustice.
",2781.0,2781.0,20.0,0.00719165767709457,0.00904178425861121
8290,2361,"What You Spend On Lunch Is Probably The Same Amount The People Who Made Your Lunch Are Fighting For
",2792.0,2792.0,33.0,0.01181948424068768,0.009350688780018948
8311,2367,Which Half Of This Video Do You Agree With? Please Tell Me It’s The Second Half.,2892.0,2892.0,22.0,0.007607192254495159,0.029046386140252255
8312,2367,"WOW: One Voice That Speaks For An Entire Generation Beautifully
",2385.0,2385.0,33.0,0.013836477987421384,0.014814791606965118
8313,2367,If Only You Could Rewind All Videos So They Turned Out As Good As This,2566.0,2566.0,36.0,0.014029618082618862,0.017346480266261337
8314,2367,"Wow: Watch The Words Scroll Down And (Kinda) Transform Before Your Eyes
",2838.0,2838.0,51.0,0.017970401691331923,0.022783704509244815
8363,2381,"After 30 Years Of 16 Hours Away From His Family Everyday, This Is The Memory One Father Left His Son
",3587.0,3587.0,97.0,0.027042096459436855,0.01789889872261944
8497,2418,It's Rare That The Daily Show Slips Out Of Satire And Into Anger. This Is One Of Those Times. ,2889.0,2889.0,305.0,0.10557286258220838,0.043850649037296116
8529,2426,It's Important To Remember How Bad Governments USED To Be,2590.0,2590.0,36.0,0.013899613899613899,0.005921378579932367
8530,2426,"It's Hard To Believe, But There Used To Be A Worse Way To 'Elect A President'",2636.0,2636.0,28.0,0.010622154779969651,0.0073987419214971255
8531,2426,Fed Up With Our Government? Here's A Group Of People Who Feel Your Pain.,2685.0,2685.0,29.0,0.01080074487895717,0.008412432118714598
8532,2426,The Government That America Desperately Wanted To Get Away From,2775.0,2775.0,35.0,0.012612612612612612,0.003152822649556145
8582,2440,MUST WATCH: The Video CNBC Is Trying To Hide From The Entire Internet,2636.0,2636.0,103.0,0.039074355083459786,0.0353925803733803
8583,2440,MUST WATCH: The Video CNBC TRIED To Hide From The Internet. Have They Met The Internet Before?,2757.0,2757.0,117.0,0.042437431991294884,0.032392732255843874
8606,2446,"Why One Man Walked Out His House, Got In His Car, And Drove Off. With A Loaded Rifle In The Trunk. 
",3649.0,3649.0,73.0,0.020005480953685942,0.019554189579151095
8607,2446,He Realized He Needed Help When He’d Become The Opposite Of Everything He Stood For,3599.0,3599.0,55.0,0.015282022784106696,0.0133573639992608
8630,2454,95 Young Adult Books To Read This Summer Instead Of Reading 'Harry Potter' AGAIN,2471.0,2471.0,40.0,0.016187778227438283,0.008590699253280827
8631,2454,95 Books To Read This Summer Instead Of Reading 'Harry Potter' AGAIN,3331.0,3331.0,53.0,0.01591113779645752,0.005457888685535766
8632,2454,95 Young Adult Books To Read This Summer Instead Of Reading 'Harry Potter' AGAIN,2629.0,2629.0,55.0,0.02092050209205021,0.008599044700559982
8633,2454,95 Books To Read This Summer Instead Of Reading 'Harry Potter' AGAIN,2495.0,2495.0,48.0,0.019238476953907815,0.005530596170177982
8639,2456,A Huge Hunger Strike In America Is Happening In The Most Unlikely Place,3530.0,3530.0,46.0,0.013031161473087818,0.005174751942568449
8640,2456,5 Ways To Make Our Current Prison System More American,3519.0,3519.0,13.0,0.003694231315714692,0.009092371094633307
8650,2459,Here's The Infographic Your Gas Station Really Doesn't Want You To See,2701.0,2701.0,78.0,0.028878193261754906,0.024573758640521536
8651,2459,Here's The Infographic Your Gas Company Doesn't Want You To See,2683.0,2683.0,62.0,0.023108460678345134,0.022127658167143988
8652,2459,Check Out The Infographic Your Gas Station Doesn't Want You To See,2735.0,2735.0,60.0,0.021937842778793418,0.021643258790740125
8742,2484,Watch A Man Of Faith Eloquently Explain What Everyone Missed About The Trayvon Martin Case,2951.0,2951.0,214.0,0.07251779057946459,0.0430425065837608
8743,2484,Watch A Religious Man Eloquently Explain What Everyone Missed About The George Zimmerman Case,2511.0,2511.0,207.0,0.08243727598566308,0.04641503863791373
8744,2484,Watch A Religious Man Eloquently Explain What Most Of Us Missed About The Trayvon Martin Case,2842.0,2842.0,184.0,0.06474313863476425,0.047886151739959276
8749,2486,"He Is His Best Friend's Eyes. His Best Friend Is His Legs. Together, They Are Unstoppable.",2866.0,2866.0,66.0,0.023028611304954642,0.015760035355162173
8750,2486,He Was Hit By A Train And Got Up. What More Do You Need To Know?,2703.0,2703.0,45.0,0.016648168701442843,0.018459908360642353
8752,2486,"When You Can't See And Your Best Friend Can't Walk, What Do You Do? This.",2617.0,2617.0,56.0,0.021398547955674436,0.017625601985111837
8801,2499,"Hey, Sometimes You Just Gotta Straight-Up Lie In Order To Save The Earth",2719.0,2719.0,51.0,0.01875689591761677,0.015501021605306286
8802,2499,"The US Chamber Of Commerce Totally Reversed Its Position On Climate Change? Well, Kinda Sorta.",2686.0,2686.0,29.0,0.010796723752792257,0.0027673727490877317
8803,2499,"Would You Lie To Save The Earth? These Guys Did,Thank Goodness.
",2733.0,2733.0,60.0,0.021953896816684963,0.01655944273807297
8804,2499,"One Of The Best Reasons For Straight-Up Lying On Climate Change I've Seen In A Long Time
",2968.0,2968.0,78.0,0.02628032345013477,0.02394835207598954
8805,2500,"What This Presidential Candidate Said In 60 Seconds About Super PACs Is Super Low On Hot Air
",2641.0,2641.0,29.0,0.010980689132904203,0.01905633910019726
8806,2500,Here's A Very Un-Slick Answer By A Presidential Candidate About Those Well-Oiled Super PACs,2603.0,2603.0,27.0,0.010372646945831733,0.010291212272325179
8807,2500,What This Presidential Candidate Said About Small Campaign Donors Isn't Small Talk,2759.0,2759.0,16.0,0.005799202609641174,0.005311698428737927
8808,2500,This Presidential Candidate Is Not Talking About Chump Change Or Chicken Feed Or Peanuts. He's Talking Super PACs,2957.0,2957.0,14.0,0.0047345282380791345,0.0003274948771565672
8888,2523,"If Gay People Scare You, Have I Got The Airline For You!",2631.0,2631.0,131.0,0.04979095400988218,0.024444235601935527
8890,2523,Here's How To Get Handcuffed On The Most Anti-Gay Airline In The World,2728.0,2728.0,109.0,0.03995601173020528,0.026758086237439735
8891,2523,"Say What You Will About Russia, They Sure Hate Gay People On Airplanes",2776.0,2776.0,107.0,0.03854466858789626,0.028081467565380772
8924,2532,If Only This Could Happen To Everyone Who Thinks Your Race Determines What Music You Like,2748.0,2748.0,146.0,0.05312954876273653,0.014961792330313629
8925,2532,"At The Red Light, This Tv Star Knew Just How To Fire Back At The Haters To Her Left",2543.0,2543.0,111.0,0.04364923318914668,0.024704824462704687
8977,2546,"You May Not Think Twice About Your Waste After Trash Day, But Nemo Isn't So Lucky",2749.0,2749.0,16.0,0.005820298290287377,0.008275618581333822
8978,2546,There's Something Decidedly Un-Fishy Going Into Our Oceans,2548.0,2548.0,21.0,0.008241758241758242,0.002579295989745708
8979,2546,Did You Know Baby Beluga Is Swimmin' In Such Nasty Sh*t?,2716.0,2716.0,18.0,0.0066273932253313695,0.0069432879476695845
8989,2549,Apparently There Is A Question That A Large Majority Of Adults Are Incredibly Afraid To Ask,2779.0,2779.0,111.0,0.03994242533285355,0.02245451940796387
8990,2549,Why Getting Older Is Directly Related To Being Weird About Race,2667.0,2667.0,77.0,0.028871391076115485,0.0026295585364276763
8991,2549,The Kind Of Game You Might Just Lose Because You Were Trying To Be Nice,2793.0,2793.0,62.0,0.022198353025420694,0.011726286265505741
8992,2549,A Professor Just Invented A Great New Game For Kids And Adults. Kids Seem To Always Win,2521.0,2521.0,62.0,0.02459341531138437,0.013564004343188133
8993,2550,"There May Be No Crying In Baseball, But In Football Its AOK",2642.0,2642.0,15.0,0.005677517032551098,0.0078037770388049935
8995,2550,"Even If You Aren't A Sports Fan, This Coach's Advice Is A Touchdown",2719.0,2719.0,40.0,0.01471129091577786,0.009166668561029278
9006,2553,"By The Time You Get That Coffee, The Burglars Would Have Hopefully Left Your House",2582.0,2582.0,53.0,0.020526723470178157,0.014251113268856941
9007,2553,Detroit Has Been Declared Bankrupt. I'm Going To Take A Guess That It Caused This To Happen.,2630.0,2630.0,93.0,0.035361216730038024,0.020080851707792665
9015,2555,He Won’t Build You A Stairway To Heaven. It’s More Like A Doorway. ,2576.0,2576.0,40.0,0.015527950310559006,0.02007853820611026
9041,2563,"A Skeevy Tabloid 'Reviewed' This Rockstar's Chest, So She Wrote Them A Hilarious Smackdown In Return",2679.0,2679.0,186.0,0.06942889137737962,0.03002394788554721
9042,2563,An Awful Tabloid Decided To Review Her Lady Parts Instead Of Her Music. So She Responded Awesomely.,2516.0,2516.0,312.0,0.12400635930047695,0.03143978713107794
9043,2563,A Cautionary Tale To Any Tabloid Newspaper Who Thinks Picking On A Women's Body Is A Good Idea,2697.0,2697.0,177.0,0.06562847608453838,0.0274703232903246
9044,2563,An Awful Tabloid Wrote A Insipid Article About This Amazing Rockstar's Body So She Responded Appropriately,2952.0,2952.0,314.0,0.10636856368563685,0.03199987452765362
9073,2571,"Blood Is Water, Bombs Are Toys, And Children Are Doctors. Unbelievable.",2625.0,2625.0,59.0,0.022476190476190476,0.012520078026692234
9074,2571,These 12 Minutes Completely Encapsulate The World No Child Should Ever Live In. But They Do. ,2614.0,2614.0,63.0,0.02410099464422341,0.025946698639373694
9075,2571,We're Only Seeing 12 Minutes Of The Situation. Could We Stomach To See What The Rest Looks Like?,2813.0,2813.0,73.0,0.025950942054745824,0.022759814970354623
9104,2579,Remember When People Used To Talk To Each Other Without The Help Of A Little Glowing Brick?,2560.0,2560.0,48.0,0.01875,0.011821990009875244
9105,2579,W-W-Dumber-You? This Jokester May Be Right About When Technology And Human Nature Mix,2680.0,2680.0,32.0,0.011940298507462687,0.018665479261678004
9106,2579,His Jokes Will Wake The Part Of You That Used To Make Friends Without Mark Zuckerberg's Help,2609.0,2609.0,107.0,0.04101188194710617,0.01459277367723451
9107,2579,"This Guy Thinks He's Right About Tech Killing Our Attention Spa— Wait, Got A Friend Request, BRB...",2625.0,2625.0,32.0,0.01219047619047619,0.011707900420538625
9120,2583,You Can See Her Groundbreaking Joy In Every Note She Sings,2501.0,2501.0,46.0,0.018392642942822873,0.004662057258857854
9121,2583,"Mariachi's Male-Domination Is Playing Its Swan Song, Thanks To Women Like These",2750.0,2750.0,43.0,0.015636363636363636,0.007154583467495874
9122,2583,"Euphony: (n.) Wonderful Sounds. Now That You Know, You Can Describe These Trailblazing Ladies Right.",2714.0,2714.0,24.0,0.008843036109064112,0.01
9123,2583,"Simply Put, Girls Can Wear The Mariachi Pants — And Play The Music, Too.",2729.0,2729.0,45.0,0.016489556614144377,0.0005377499656162941
9150,2590,This Is What It Looks Like When The King Of The Nerds Gives Your Infant Daughter An Epic Pep Talk,2721.0,2721.0,276.0,0.10143329658213891,0.024131195355290302
9151,2590,This Is What It Looks Like When The King Of The Nerds Gives Your Newborn Daughter A Pep Talk,2893.0,2893.0,288.0,0.09955063947459385,0.025191278974245085
9248,2616,That One Time A Country Killed A 16-Year-Old American Boy And Wouldn't Say Why. Guess Which One.,2659.0,2659.0,154.0,0.05791650996615269,0.027545836815419535
9249,2616,Once Upon A Time A Country Killed A 16-Year-Old American Boy And Wouldn't Say Why. Guess Which One.,2792.0,2792.0,159.0,0.056948424068767906,0.027527980891646712
9252,2617,"If A Girl Has To Pass A Test To Hang Out With You, YOU'RE The Problem",3010.0,3010.0,198.0,0.06578073089700996,0.02475372698430798
9253,2617,"I'm A Geek Girl, I'm Not Weak. I Like What I Like, And I've Got Nothing To Prove. ",2844.0,2844.0,97.0,0.03410689170182841,0.028548011939829008
9254,2617,"Sorry, I Can't Hear Your 'Fake Geek Girl' Accusations Over The Sound Of This Nerdtastic Music Video",2647.0,2647.0,153.0,0.05780128447298829,0.013941631637868856
9273,2623,The Fact That I Thought These Were Real Should Scare Us All,2337.0,2337.0,94.0,0.04022250748823278,0.017714677740203005
9274,2623,The Fact That I Thought These Were Real Almost Made Me Give Up On Life.,2951.0,2951.0,67.0,0.02270416807861742,0.023439475133592076
9275,2623,"If These Were Actually Real, My Soul Would Curl Up In The Fetal Position.",2973.0,2973.0,80.0,0.026908846283215607,0.018588804135177946
9297,2629,The Fact That You Thought These Were Real Should Scare Us All,2556.0,2556.0,115.0,0.04499217527386541,0.020492591525106282
9300,2629,The Fact That You Thought These Were Real Should Scare Us All,2962.0,2962.0,111.0,0.037474679270763,0.020492591525106282
9336,2639,All You See In These 60 Seconds Is Empty Places And Liam Neeson. And That's The Problem.,2616.0,2616.0,92.0,0.035168195718654434,0.025839570793692
9337,2639,"We All Want To Make This Invisible Problem Visible So We Can End It. Here Look, Liam Neeson Agrees.",2588.0,2588.0,57.0,0.022024729520865535,0.02681635059606479
9338,2639,"Liam Neeson Is The Only Person We See Here, And That's The Problem They're Telling Us
",2864.0,2864.0,107.0,0.037360335195530725,0.02739615714220987
9489,2678,"Sticks And Stones May Break Her Bones, But Words Can Always Hurt Her",2093.0,2093.0,51.0,0.024366937410415672,0.01330404447568651
9490,2678,One Of The Times Words Are Speaking Louder Than Actions,2107.0,2107.0,56.0,0.026578073089700997,0.00465772375513228
9492,2678,I Guess Her Parents Were All Out Of Sugar And Spice And Everything Nice To Say,2119.0,2119.0,106.0,0.05002359603586597,0.01616461765939739
9493,2678,The Words This Child Uses To Describe Herself Are Heartbreak Defined,2277.0,2277.0,116.0,0.050944224857268336,0.022540038238050498
9502,2681,Why 'This Land Is Your Land' Was A Pretty Provocative Song,2572.0,2572.0,77.0,0.029937791601866253,0.009195129234468465
9503,2681,"'This Land Is Your Land' Was A Provocative Song, And Here's Why",2719.0,2719.0,88.0,0.032364840014711294,0.008707673646406958
9504,2681,Did You Know 'This Land Is Your Land' Is Actually Quite Provocative?,2872.0,2872.0,97.0,0.03377437325905292,0.011121663483261384
9505,2681,"You Might Recall The Old Song, 'This Land Is Your Land' But Did You Know Why It's Kinda Subversive?",2758.0,2758.0,103.0,0.03734590282813633,0.0096602186968023
9519,2685,A Slew Of Young Leaders Went To Turkey To Get Riled Up. What's That All About?,2719.0,2719.0,40.0,0.01471129091577786,0.007703910674974139
9520,2685,Hundreds Of People Went To Turkey To Get Riled Up. Now It's Your Turn.,2513.0,2513.0,28.0,0.011142061281337047,0.0033464872222517417
9581,2702,I Bet You Didn't Know How Much Of A Rockstar You Are At Fighting Global Disease,2866.0,2866.0,12.0,0.00418702023726448,0.006640160748205761
9582,2702,How We All Are Fighting Global Disease Without Even Knowing It,2798.0,2798.0,29.0,0.010364546104360257,0.002388954725203966
9584,2702,I Want To Pay A Tiny Bit More Taxes After Seeing This,2684.0,2684.0,44.0,0.01639344262295082,0.01546056549933163
9593,2705,"Perhaps If They Got To Know Them Instead Of Targeting Them, Things Would Be Different
",3524.0,3524.0,70.0,0.019863791146424517,0.015035090187923551
9594,2705,"Reality Check: Their Job Is To Protect People, Not Demonize Them
",3568.0,3568.0,54.0,0.015134529147982063,0.007296058453103888
9737,2743,"The Plan That Will Make College Students Love President Obama For … Oh, About Two Years
",5314.0,5314.0,73.0,0.013737297704177644,0.025198328539568
9759,2749,You Saved $3 By Shopping At Walmart? Look Who Just Got Richer.,2667.0,2667.0,52.0,0.01949756280464942,0.014551337690599181
9760,2749,How Many Working Hours Would It Take To Make As Much As One Of The Richest Families On The Planet?,2786.0,2786.0,36.0,0.012921751615218953,0.0055123254908132505
9761,2749,The Most Stingy Company On The Planet Is Owned By One Family. Here's What Makes That Wrong.,2907.0,2907.0,132.0,0.04540763673890609,0.010748049093423877
9762,2749,There Are Some Companies Owned By People Who Actually Give Back To Their Staff,2589.0,2589.0,47.0,0.018153727307840865,0.009392446970986075
9774,2752,"She Stands And Delivers A Tearful Plea, Because Truthfully, It Is The Only Thing She Can Do",2553.0,2553.0,61.0,0.02389345867606737,0.014791733905439083
9780,2754,Drink Coffee? Here's A Fact You Really Need To Wake-Up To.,2703.0,2703.0,69.0,0.025527192008879023,0.0223673409739591
9781,2754,Attention Coffee Drinkers: A You Really Need To Wake-Up To.,2565.0,2565.0,69.0,0.026900584795321637,0.01713857560767752
9782,2754,"If You Drink Coffee, Here's A Fact You Need To Wake-Up To",2983.0,2983.0,120.0,0.04022795843110962,0.02817420390377777
9788,2756,How Waste Isn't Just Throwing Things Away,2885.0,2885.0,63.0,0.021837088388214906,0.0030565219986333075
9789,2756,I Didn't Know That Waste Means More Than Throwing Things Away,2719.0,2719.0,55.0,0.02022802500919456,0.007802596130612765
9790,2756,You Need To Know Why Waste Isn't Just About Throwing Things Away,2645.0,2645.0,38.0,0.014366729678638942,0.002222183369355082
9842,2772,Leaning In Is All Well and Good Until A Child Has To Do It,2724.0,2724.0,50.0,0.018355359765051395,0.008213139384825907
9845,2772,"Class Photo Before And After: One Small Move, One Giant Change",2635.0,2635.0,45.0,0.017077798861480076,0.01774916912181836
9914,2792,Watch A Talk Show Host Call Out Our Entire Civilization In A Very Profound And Hilarious Way,2641.0,2641.0,108.0,0.040893600908746684,0.044562186507535184
9916,2792,Watch A Talk Show Host Get Ridiculously Profound And Proverbially Smack His Advertisers In The Face,2435.0,2435.0,129.0,0.05297741273100616,0.037533816780112444
9917,2792,This Is What It Looks Like When A Comedian Gets Way Deep And Insults His Advertisers And Audience,2853.0,2853.0,149.0,0.05222572730459166,0.023711162188799914
10175,2857,Those Poor White Men In Suits Working In The Financial Industry Being Stopped & Frisked,2706.0,2706.0,53.0,0.01958610495195861,0.008632898232728402
10176,2857,"Stop Perpetuating The Negative Stereotype Of White Men In Suits! Erm. 
",2868.0,2868.0,42.0,0.014644351464435146,0.014173377872356969
10178,2857,"If You Don't Wanna Be Associated With White Collared Crime, Maybe You Shouldn't Be Dressed That Way?",2789.0,2789.0,48.0,0.017210469702402295,0.009591497367414985
10184,2859,People Who Are Comfortable Will Never Fail To Shock Me With Their Arrogance,2579.0,2579.0,83.0,0.03218301667312912,0.015504469832534415
10185,2859,People Who Defend Their Own Greed Will Never Fail To Shock Me,2917.0,2917.0,77.0,0.026396983201919782,0.013065974660043205
10186,2859,"For Some People, Arrogance And Financial Comfort Go Hand In Hand",2967.0,2967.0,59.0,0.01988540613414223,0.012801731726874016
10196,2862,What Do The First Thousand Days Of A Child's Life Have To Do With Anything?,2574.0,2574.0,48.0,0.018648018648018648,0.010940116777041424
10197,2862,What Do A Child's First 1000 Days Have To Do With Anything?,2985.0,2985.0,48.0,0.016080402010050253,0.008675014720770313
10198,2862,What Do A Kid's First Thousand Days Have To Do With Anything?,2901.0,2901.0,51.0,0.017580144777662874,0.00544477277619467
10200,2863,"Dear Oil Companies, Have You Tried Not Being Cartoonishly Evil For LIke 5 Minutes?",2522.0,2522.0,43.0,0.01704996034892942,0.015116488804176402
10201,2863,"Dear Big Oil, If You Tried Not Being Cartoonishly Irresponsible, People Might Trust You More",2912.0,2912.0,59.0,0.020260989010989012,0.009388212621852975
10202,2863,"Dear Oil Companies, Have You Tried NOT Making Entire Towns Run Out Of Water?",2749.0,2749.0,36.0,0.0130956711531466,0.014144417537879502
10268,2880,How Did We Get To A Point Where A Child Is Saying Sorry To Her Mom For Costing Her Money?,2901.0,2901.0,86.0,0.029644950017235435,0.02051599068566079
10269,2880,"I Never Want To Hear Any Child Say What These Kids Do To Their Parents. Ever.
",2787.0,2787.0,155.0,0.05561535701471116,0.030527340032586836
10270,2880,"No One Will Hear The Words These Kids Say And Think That It's Acceptable
",3044.0,3044.0,100.0,0.0328515111695138,0.019588520718966447
10271,2880,"Can Someone Explain Why These Children Are The Ones Saying Sorry?
",2593.0,2593.0,62.0,0.0239105283455457,0.029943075465863583
10293,2886,"50,000-100,000 Women Each Year Suffer From This Terrible Condition",2656.0,2656.0,44.0,0.016566265060240965,0.0194155526011887
10295,2886,"Why 2 Million Women Are Alone, Ashamed, And How We Can Help",2707.0,2707.0,63.0,0.023272995936461028,0.009937676799865125
10365,2907,There Is Something So Satisfying About Watching The Daily Show Nail This Outrageous Hypocrisy,2769.0,2769.0,101.0,0.036475261827374504,0.02433297880834468
10366,2907,There Is Something So Satisfying About Watching The Daily Show Nail This Ridiculous Hypocrisy,2957.0,2957.0,101.0,0.03415623943185661,0.021790853542793268
10367,2907,There Is Something So Satisfying About Watching The Daily Show Nail This Absurd Hypocrisy,2561.0,2561.0,83.0,0.032409215150331905,0.02261760819481637
10368,2907,There Is Something So Satisfying About Watching The Daily Show Nail This Shocking Hypocrisy,2455.0,2455.0,82.0,0.03340122199592668,0.02364252021480798
10394,2914,Next Time You’re Stuck In A Parking Lot You’ll Remember What A Brilliant Idea This Is,3582.0,3582.0,130.0,0.036292573981016193,0.016458796910887474
10395,2914,"This Is Where We All Say, 'Why Can't This Happen In My City?'",3558.0,3558.0,59.0,0.016582349634626195,0.0029210219526215452
10416,2920,Watch What A 25-Year Old Does To Help Connect His City,2743.0,2743.0,43.0,0.015676266861100983,0.010537401707806354
10417,2920,What Drives This 25-Year Old To Connect The Motor City?,2593.0,2593.0,32.0,0.012340917855765523,0.01
10418,2920,Watch A 25-Year Old Connect His City In The Coolest Way Possible,2583.0,2583.0,61.0,0.023615950445218737,0.016970368378407062
10424,2922,"He Got Mad As Hell When His City Couldn't Connect, Then Did Something Marvelous About It",2574.0,2574.0,65.0,0.025252525252525252,0.015097061751736624
10425,2922,When The 'New Era Of Detroit' Didn't Arrive He Decided To Hit The Road,2736.0,2736.0,48.0,0.017543859649122806,0.001761913031351293
10426,2922,Watch What His Frustration Powered In The City He Loves,2650.0,2650.0,47.0,0.017735849056603775,0.00601635590760412
10427,2922,When The 'New Era Of Detroit' Didn't Arrive He Decided He Could Make The Difference,2838.0,2838.0,70.0,0.02466525722339676,0.005239492405429339
10452,2929,Women Get Tired Of Hearing This Term. Good Thing This Dude Apologized For Using It.,2722.0,2722.0,173.0,0.06355620867009552,0.0298881541971391
10453,2929,"A Public Apology To All Women Who Have Ever Had The Words ""Friend Zone"" Thrown At Them",2705.0,2705.0,111.0,0.041035120147874304,0.023043366820515526
10454,2929,"If You Only Watch The First 2:00 Of This, You'll Think This Guy Is A Jerk. SPOILER ALERT: He's Not.",2592.0,2592.0,146.0,0.05632716049382716,0.020704037084406886
10455,2929,An Open Letter On Behalf Of All Dudes Who Are Tired Of Other Dudes Using The Term 'Friend Zone',2884.0,2884.0,101.0,0.035020804438280165,0.025803101587439155
10460,2931,"If 'Gentlemen Prefer Hanes,' Then I'd Rather Be A Brute",2590.0,2590.0,117.0,0.04517374517374517,0.01073340146515418
10461,2931,What Kind Of World Do We Live In That Allows This To Happen To Kids?,2665.0,2665.0,108.0,0.04052532833020638,0.029753722783695133
10462,2931,The Clip That Definitely Should Get Your Undewear In A Bunch,2789.0,2789.0,110.0,0.03944065973467192,0.017806894378772732
10463,2931,"An 11-Year-Old Girl With Much Bigger Problems Than 'Do You Wear Boxers, Briefs, Or Tighty Whities?'",2811.0,2811.0,132.0,0.04695837780149413,0.02059784141489822
10540,2951,"I Suggest Showing Your Daughter This Song Next Time She Watches The Little Mermaid
",2895.0,2895.0,165.0,0.05699481865284974,0.02756203987237567
10542,2951,"If Disney Princesses Had Jobs, Here Is The Anthem They'd Sing",2665.0,2665.0,114.0,0.04277673545966229,0.02028379128570844
10556,2955,You'll Love How Beyonce Turns The Table To Ask Her Interviewer A Question,2663.0,2663.0,129.0,0.04844160720991363,0.022884599645998597
10557,2955,Beyonce Is Giggling. Her Interviewer Is Giggling. Now I'm Giggling.,3099.0,3099.0,147.0,0.04743465634075508,0.02112602205556632
10559,2955,"Beyonce Is Normally A Class Act, So Why Is She Giggling Her Way Through This Interview?",2604.0,2604.0,96.0,0.03686635944700461,0.028752383001335712
10568,2958,Why Can't Some People Simply See Them As The Human Beings They Are?,2645.0,2645.0,49.0,0.018525519848771266,0.011710064049525036
10569,2958,You May Understand Their Struggle For Survival If You Heard Their Stories Yourself,2598.0,2598.0,32.0,0.012317167051578136,0.0064939216157831325
10570,2958,They Escaped Bullets And Warzones For Safety. So Why Do They Face So Much Discrimination?,2599.0,2599.0,29.0,0.011158137745286649,0.009181456078706468
10571,2958,They Escaped Bullets And Warzones For Safety. But What They Fear Now Is Different. ,2713.0,2713.0,32.0,0.011795060818282344,0.011444851489031595
10640,2978,Why Won't Some People Simply See Them As The Human Beings They Are?,2624.0,2624.0,46.0,0.01753048780487805,0.014973976517742038
10641,2978,Why Do Some People Have Trouble Seeing These People As The Human Beings They Are?,2726.0,2726.0,46.0,0.016874541452677916,0.017192115235981915
10642,2978,Why Can't Some People Simply See Them As The Human Beings They Are?,2691.0,2691.0,48.0,0.017837235228539576,0.01209279895543206
10643,2978,They Are Human Beings- Why Do Some People Have Trouble Seeing That?,3010.0,3010.0,69.0,0.02292358803986711,0.012287978226502074
10700,2994,Chicken Nuggets — Would You Like Microscopic Fiber With That?,2620.0,2620.0,47.0,0.017938931297709924,0.01741997797181722
10701,2994,Man I Loved Me Some Chicken McNuggets … Until This Guy Put Them Under A Microscope,2628.0,2628.0,112.0,0.0426179604261796,0.014051724761847021
10702,2994,I Used To Order This Every Time I Went To Get Drive-Through. Nooooooot After Watching This,3012.0,3012.0,129.0,0.04282868525896414,0.018832820182824866
10703,2994,"When I Order Something Claiming To Be Chicken, I Don't Expect to Find What This Guy Found",2615.0,2615.0,91.0,0.03479923518164436,0.021355024725715915
10709,2996,"In A Country That Can't Stay Out Of The Headlines, Here's One Thing The Media Seems To Ignore",2693.0,2693.0,64.0,0.02376531748978834,0.012569793593599941
10710,2996,"In A Messed Up Country That Always Makes The Headlines, Here's One Thing The Media Hasn't Covered",2608.0,2608.0,79.0,0.030291411042944784,0.02168002775918466
10711,2996,"In A Country That Makes Headlines For All The Wrong Reasons, One Thing The Media Doesn't Cover",2763.0,2763.0,60.0,0.021715526601520086,0.019729589289629118
10773,3012,Some People Are Reaaalllly Uncomfortable With Vaginas,4743.0,4743.0,176.0,0.03710731604469745,0.025057223542434302
10774,3012,"Even If You're Not Cool With Nudity, You May Just Still Approve Of What These Girls Are Trying To Do",3969.0,3969.0,153.0,0.03854875283446712,0.017753927936349296
10775,3012,"Don't They Know Banning Vaginas Will Only Draw More Attention?
",4313.0,4313.0,155.0,0.03593786227683747,0.021619715254018408
10786,3015,"Think Boys Don’t Have Feelings? Let Me Introduce You To Charlie, A Lovable Labyrinth Of Feelings.",2926.0,2926.0,90.0,0.030758714969241284,0.01571198518086165
10787,3015,"Do Boys Love Their Friends The Way Girls Do? Yes. And We Should Make It Easier For Them.
",2657.0,2657.0,82.0,0.030861874294316898,0.018901756448197082
10788,3015,Do Boys Love Their Friends The Way Girls Do? ,2580.0,2580.0,70.0,0.027131782945736434,0.01953445373495981
10823,3025,"You've Never Heard Of Her, But She's Basically One Of The Most Important Women In Movie History",2375.0,2375.0,132.0,0.055578947368421054,0.03501227872293307
10824,3025,You've Never Heard Of This Woman But She's One Of The Most Important People In Movie History,2511.0,2511.0,115.0,0.04579848665870171,0.033568429648506114
10825,3025,You've Never Heard Of This Woman But She's One Of The Most Important People In The History Of Movies,2050.0,2050.0,77.0,0.037560975609756096,0.0352012246026633
10904,3046,"Think Boys Don’t Have Feelings? Let Me Introduce You To Charlie, A Lovable Labyrinth Of Feelings.",2604.0,2604.0,66.0,0.02534562211981567,0.01571198518086165
10905,3046,"Think Boys Don’t Have Feelings? Let Me Introduce You To Charlie, A Lovable Labyrinth Of Feelings.",2755.0,2755.0,71.0,0.025771324863883848,0.015700663222966857
10930,3054,Watch An Actor Come Out Of The Closet AND Pick A Fight With A Homophobic President The Same Time,2842.0,2842.0,177.0,0.06228008444757213,0.026408235707427685
10931,3054,Watch An Actor Come Out Of The Closet AND Pick A Fight With A Homophobic President The Same Time,2788.0,2788.0,135.0,0.04842180774748924,0.026404626800677306
10932,3054,Watch An Actor Come Out Of The Closet AND Pick A Fight With An Anti-Gay President The Same Time,2657.0,2657.0,129.0,0.04855099736544975,0.028407572358979925
10933,3054,Watch A Gay Actor Come Out Of The Closet AND Pick A Fight With A Homophobic President The Same Time,2613.0,2613.0,148.0,0.056639877535399924,0.026746975310161035
10950,3059,Your Unhealthy Love For Public Health In 14 Images,2789.0,2789.0,89.0,0.031911079239870924,0.025133735970510034
10952,3059,14 Ways You Reveal You Unhealthy Obsession With Public Health,2714.0,2714.0,29.0,0.010685335298452468,0.01956733606442112
10953,3059,BUSTED: Your Unhealthy Love For Public Health In 14 Images,2736.0,2736.0,72.0,0.02631578947368421,0.027890660073198906
10954,3060,Global Warming? Pshhhh. Our Favorite Multinational Corporation's Got This Covered.,2706.0,2706.0,38.0,0.014042867701404288,0.012435661491579902
10955,3060,3 Inventions That Are So Absurd You Might Wish They Were Real,2756.0,2756.0,58.0,0.02104499274310595,0.018743214952152518
10957,3060,3 Hilarious Energy Ideas That Are Better Than Anything Big Oil's Working On,2470.0,2470.0,47.0,0.01902834008097166,0.006482355972113802
10958,3061,Did The Police Really Need To Perform This Bizarre Experiments On Our Schoolchildren? ,5379.0,5379.0,194.0,0.03606618330544711,0.016154360175110426
10959,3061,Did The Police Really Need To Perform This Bizarre Experiments On Our Schoolchildren?,5362.0,5362.0,171.0,0.03189108541588959,0.011654290703278176
10974,3067,This Great Talent Might Not Fit Your Image Of A Rocker But Just Listen To Him Play!,2629.0,2629.0,72.0,0.027386839102320273,0.01591805196738493
10975,3067,"He Might Not Fit Your Image Of A Rocker, But Just Listen To Him Play",2913.0,2913.0,99.0,0.03398558187435633,0.01765985227354753
10976,3067,"He Might Not Fit Your Image Of A Rocker, But... Well, Just Listen To Him Play.",2679.0,2679.0,67.0,0.025009331840238895,0.014909308253403145
10992,3071,"Before He Was Assassinated, MLK Jr. Had A Really Radical Dream
",2759.0,2759.0,56.0,0.02029720913374411,0.022641785116379976
10994,3071,"Before He Was Assassinated, MLK Jr. Had A Really Radical Dream
",2654.0,2654.0,66.0,0.024868123587038434,0.022624397079887948
11054,3088,It's One Big Company Vs. A Particularly Badass Group Of Nuns,2899.0,2899.0,73.0,0.025181096929975853,0.014542167016955189
11055,3088,Who Are The Last People You'd Expect To See At A Protest?,2795.0,2795.0,55.0,0.01967799642218247,0.01061257925029241
11057,3088,You Know A Company's Pretty Darn Evil When It Wants To Plow Right Through A Convent,3235.0,3235.0,70.0,0.021638330757341576,0.012089307769855805
11116,3103,What If I Were To Tell You That They Figured Out How To Make Congress Understand How Science Works?,2831.0,2831.0,81.0,0.028611797951253973,0.003883588372885952
11117,3103,The Best Proposal I've Ever Seen To Make Congress Actually Do Their Friggin' Jobs For Once,2712.0,2712.0,116.0,0.04277286135693215,0.01914676994394498
11118,3103,"Behold The Funniest, Most Effective Way To Deal With People Who Ignore Science Ever",2598.0,2598.0,160.0,0.061585835257890686,0.02812615213188789
11119,3103,"If Your Congressperson Is Scared Of Science, Show Them This",2909.0,2909.0,126.0,0.043313853557923686,0.01562110907730638
11128,3106,"Behold The Funniest, Most Effective Way To Deal With People Who Ignore Science Ever",2862.0,2862.0,126.0,0.0440251572327044,0.02812615213188789
11129,3106,"This Is Probably The Funniest, Most Effective Way To Deal With People Who Ignore Science Ever",2657.0,2657.0,140.0,0.05269100489273617,0.028808656260160055
11130,3106,"Behold The Funniest, Most Efficient Way To Deal With People Who Ignore Science Ever",2572.0,2572.0,116.0,0.04510108864696734,0.024928433878547863
11131,3106,"Behold The Funniest, Most Effective Way To Deal With People Who Ignore Science Facts Ever",2647.0,2647.0,131.0,0.04948998866641481,0.032432266844230895
11132,3107,Here's A Guy Who Figured Out How To Use His Sudden Fame The Right Way,2088.0,2088.0,55.0,0.026340996168582376,0.015812229847524464
11133,3107,Turnoffs Include Long Walks On The Beach And Getting Blown Up,2114.0,2114.0,64.0,0.030274361400189215,0.002331174719985009
11134,3108,Here's A Guy Who Figured Out How To Use His Sudden Fame The Right Way,2251.0,2251.0,101.0,0.04486894713460684,0.015812229847524464
11135,3108,"When He's Not Sword Fighting On The Top Of A Cliff, He's Actually Helping People Out ",2227.0,2227.0,98.0,0.04400538841490795,0.014229870559828217
11136,3108,I Didn't Think I Was Going To Like The Actor Behind 'The Most Interesting Man.' I Was Mistaken.,2151.0,2151.0,104.0,0.04834960483496048,0.021959127903696352
11150,3112,A Late Night Comedian Makes An Amusing Point About Why Women Shouldn't Pay For Date Night,2707.0,2707.0,128.0,0.04728481714074621,0.024375032731523395
11151,3112,A Late Night Comedian Makes An Amusing Point About The Fairness Of Men Paying For Date Night,2845.0,2845.0,158.0,0.05553602811950791,0.02435199578323556
11152,3112,A Late Night Comedian Makes An Amusing Point About The Fairness Of Women Paying For Date Night,2725.0,2725.0,116.0,0.04256880733944954,0.023442977786687108
11166,3116,"Racial Profiling, Please Meet My Friend, Common Sense.  You Need To Talk.",2217.0,2217.0,52.0,0.02345511953089761,0.02007248742530237
11167,3116,Watch: Now Imagine If YOUR Clothing Choice Was A Matter Of Life And Death,2099.0,2099.0,50.0,0.023820867079561697,0.01106716938851962
11369,3170,At 5pm A Man's Daughter Was Sick. By 7pm She Was Dead. Her Killer Is Now Being Cleaned Up.,2987.0,2987.0,134.0,0.044861064613324404,0.03146771722916218
11370,3170,At 5pm A Man's Daughter Was Sick. By 7pm She Was Dead. Her Killer Is Now Being Defeated.,2652.0,2652.0,59.0,0.0222473604826546,0.027987945243546357
11371,3170,At 5pm A Man's Daughter Was Sick. By 7pm She Was Dead. Her Killer Is Now Being Fought Against.,2745.0,2745.0,68.0,0.02477231329690346,0.026565873804079855
11372,3170,At 5pm A Man's Daughter Was Sick. By 7pm She Was Dead. Her Killer Is Now Being Stopped.,2749.0,2749.0,84.0,0.03055656602400873,0.02975405964357026
11423,3185,12 Statements Veterans Are Pretty Damn Tired Of,2614.0,2614.0,128.0,0.04896710022953328,0.020907949505286114
11424,3185,12 Conversations Veterans Are Pretty Damn Tired Of,2797.0,2797.0,104.0,0.037182695745441544,0.021555035534484353
11450,3194,"Kevin Spacey Predicts The Future Of The Mainstream Media. Long Story Short, They're In Trouble.",2098.0,2098.0,59.0,0.028122020972354625,0.010805227553975408
11452,3195,Whoa: These Rock Stars ... Just Started Middle School? ,2292.0,2292.0,26.0,0.011343804537521814,0.018250447107411943
11453,3195,Question: Should Kid Musicians Sound Like The Next Jimi Hendrix? (Like... Wow.),2127.0,2127.0,41.0,0.019275975552421252,0.005611646269330115
11454,3195,You'll Be So Amazed The Music You'll Hear Actually Came Out Of 6th Graders,2179.0,2179.0,59.0,0.027076640660853604,0.006880750356192466
11455,3195,"Just A Guess, But I See Award Shows And Packed Seats In The Future Of These Talented Best Friends",2275.0,2275.0,31.0,0.013626373626373627,0.0013540532858413515
11496,3206,A Woman Who Hears Voices In Her Head Explains What It’s Like In A Way So Compelling I Listened Twice,2517.0,2517.0,110.0,0.04370282081843464,0.016937135292807506
11497,3206,"Talking To The Voices In Her Head Helped Her Get Better, Now She’s Helping Others",2748.0,2748.0,42.0,0.015283842794759825,0.01
11498,3206,What’s Schizophrenia Like? A Woman Who Hears Voices Explains It Beautifully. ,2838.0,2838.0,129.0,0.045454545454545456,0.030729477732217635
11499,3206,"Fascinating Insight About Hearing Voices, From A Woman Who Hears Voices",2820.0,2820.0,84.0,0.029787234042553193,0.0049890791925187115
11504,3209,"HAHAHA, So﻿ True! 12 Statements Veterans Are Pretty Damn Tired Of Hearing.",3716.0,3716.0,178.0,0.04790096878363832,0.019238412513761186
11506,3209,12 Statements Veterans Are Pretty Damn Tired Of,3648.0,3648.0,136.0,0.03728070175438596,0.020907949505286114
11510,3211,"I Never Thought About My Cell Phone This Way. Did You?
",2744.0,2744.0,83.0,0.030247813411078718,0.01961878120385658
11511,3211,How Cell Phones Can Actually Solve A Bucket Load Of Problems,2851.0,2851.0,47.0,0.016485443703963522,0.010036965326030507
11512,3211,I Didn't Know My Cell Phone Could Do All These Things. Did You?,2490.0,2490.0,103.0,0.04136546184738956,0.015999196434587956
11513,3211,My Cell Phone Does A Crapload Of Stuff … But I Had No Idea It Was So Valuable,2639.0,2639.0,69.0,0.02614626752557787,0.014919547158046751
11556,3222,"Let's Hope You Never Have To Use This Law, But You Need To Know It Exists",2845.0,2845.0,94.0,0.03304042179261863,0.019717990237723
11557,3222,"I Hope You Never Have To Use This, But You Need To Know It Exists",2834.0,2834.0,84.0,0.029640084685956247,0.02657172658554282
11642,3246,The Most Powerful Weapon In The World Is The One 775 Million People Don’t Know How To Use ,2925.0,2925.0,80.0,0.02735042735042735,0.013028218162205637
11685,3257,Here Are Some Pretty Words About Why Your Job Doesn't Suck As Much As It Could,2580.0,2580.0,46.0,0.017829457364341085,0.004707140282966051
11686,3257,The Things This Dude Is Saying About Why Your Job Is Better Than It Used To Be Are Fact,2517.0,2517.0,45.0,0.017878426698450536,0.013142371837357655
11687,3257,The Things This Dude Is Saying About Why Your Job Is Better Than It Used To Be Are Truthy Truths,2878.0,2878.0,40.0,0.01389854065323141,0.006715737171078578
11733,3270,"When A Whole Country Is Basically An Emergency Room, A 'Normal' Hospital Visit Looks Like This",2559.0,2559.0,48.0,0.01875732708089097,0.015351659843310491
11750,3275,Witness Stephen Fry's Bone-Crushing Final Remark In A Debate Against The Catholic Church,2164.0,2164.0,134.0,0.06192236598890943,0.0358390460479936
11751,3275,Stephen Fry's Whale Of A Final Remark Shakes The Catholic Church To Its Core,2247.0,2247.0,156.0,0.06942590120160214,0.03539530059225961
11752,3275,Watch Stephen Fry's Devastating Final Remark In A Debate Against The Catholic Church,2380.0,2380.0,161.0,0.06764705882352941,0.04060018630969977
11772,3281,Meet The Fox News Doctor Who Probably Definitely Failed Sex Ed,2672.0,2672.0,161.0,0.060254491017964075,0.018662465327423897
11773,3281,Meet The Fox News Doctor Who Could Not Have Possibly Passed Sex Ed,2796.0,2796.0,187.0,0.06688125894134478,0.02228536300943779
11774,3281,Meet The Fox News Doctor Who Really Needs A Refresher On Sex Ed,3003.0,3003.0,157.0,0.05228105228105228,0.020146385953088097
11775,3281,Meet The Fox News Doctor Who Missed The Part Of Sex Ed Where They Say It Takes Two To Make A Baby,2958.0,2958.0,157.0,0.053076402974983096,0.0236049865747663
11781,3283,"The F-Word That's Okay To Say Around Kids, But Really F'n To Explain To Them",2583.0,2583.0,121.0,0.04684475416182733,0.020231865312690486
11782,3283,Here's An F-Word That's Too Okay To Say Around Children,2927.0,2927.0,129.0,0.044072429108302016,0.024371288574789863
11783,3283,Here's An Obscene F-Word That's Okay To Say Around Children. It's Not What You Think.,2907.0,2907.0,130.0,0.044719642242862054,0.031347981060688784
11792,3287,"Is Broad Daylight Is Too Dangerous For Love, Now?",2637.0,2637.0,75.0,0.02844141069397042,0.014395135229134142
11794,3287,There Are Now Days Where Broad Daylight Is Too Dangerous For Love,2633.0,2633.0,87.0,0.03304215723509305,0.012910742238975974
11795,3287,Is It Possible That Broad Daylight Is Now Too Dangerous For Love?,3137.0,3137.0,86.0,0.027414727446605038,0.018516218106735878
11829,3296,A Celebrity Gets Undressed And Teaches Us About Syria,2525.0,2525.0,112.0,0.044356435643564354,0.01806651562112938
11830,3296,The Most Informative And Salacious Educational Video About Syria Involving Celebrity Sex Ever Made,2545.0,2545.0,77.0,0.03025540275049116,0.02903705477189162
11831,3296,Do You Want To Learn More About What The Hell Is Happening In Syria? Watch This Celebrity Sex Tape.,2136.0,2136.0,86.0,0.040262172284644196,0.028339158923331997
11832,3296,"If You Want To Learn More About Syria, I'd Watch This Celebrity Take Her Clothes Off",2335.0,2335.0,100.0,0.042826552462526764,0.024230037868011495
11845,3300,You Don't Have To Play Sports To Agree With What This Host Is So Angry About,3053.0,3053.0,72.0,0.023583360628889615,0.015253405226979254
11846,3300,"I Cant Believe I'm Actually Bringing You Sports Coverage, But That's How Fantastic This Clip Is",2753.0,2753.0,81.0,0.029422448238285506,0.01661147955338635
11848,3300,I Shook My Head So Much During This Clip I Thought I Was An NFL Bobblehead,2921.0,2921.0,70.0,0.023964395754878465,0.010306839218097125
11875,3308,Two Scientists Made The Same Grades In School And Work The Same Job. One Gets Half The Pay. Problem?,2971.0,2971.0,75.0,0.02524402558061259,0.00981011375724872
11876,3308,"What's A Penis Worth? Turns Out, A Hell Of A Lot More Than You Think.",2782.0,2782.0,122.0,0.04385334291876348,0.01708887338849301
11877,3308,"Here Are Two College Grads, Both In The Same Career. But One Will Make Double The Wages.",2962.0,2962.0,81.0,0.027346387575962187,0.014424011412089564
11878,3308,Psst ... I Have A Million Dollars For You. But Only If You're A Guy. ,2875.0,2875.0,58.0,0.02017391304347826,0.014855926404463626
11904,3315,Her Approach To Saving Lives In Her Community Is Literally Music To My Ears,2598.0,2598.0,30.0,0.011547344110854504,0.0002200679241293555
11905,3315,"Imma Let You Finish, But Her Lifesaving Music Is The Best Of All Time",2695.0,2695.0,24.0,0.008905380333951763,0.01772499629442687
11906,3315,"She Probably Won't Win A Grammy, But Her Music Literally Saves Lives",2873.0,2873.0,40.0,0.013922728854855551,0.012064954331375787
11907,3315,How She Got Her Community To Take Life-Saving Medicine Has Me Singing Along,2643.0,2643.0,28.0,0.010594021944759743,0.004077966922904325
11909,3316,A Journalist Was Asked By Her Network To Cover Paris Hilton. She declined. Epically.,2728.0,2728.0,180.0,0.06598240469208211,0.04478289019110254
11910,3316,A Journalist Was Asked By Her Network To Cover Paris Hilton. Her response was epic.,3107.0,3107.0,208.0,0.06694560669456066,0.04925680193994411
11912,3317,"When She Realized Her Students Were Suicidal This Teacher Changed Her Curriculum
",2749.0,2749.0,144.0,0.0523826846125864,0.024243989113522296
11913,3317,Watch And Tell Me Teacher’s Don’t Make A Difference,2781.0,2781.0,48.0,0.017259978425026967,0.017951349567115367
11914,3317,"If You Heard Your Students Were Suicidal What Would You Do?
",2701.0,2701.0,40.0,0.014809329877823029,0.017415234410220963
11915,3317,"If Good Teachers Get Apples, This Teacher Should Get Apple Trees",3074.0,3074.0,57.0,0.018542615484710475,0.006717135490966241
11941,3324,I Just LOVE It When Dirtbags Get Called Out — Like This Jerk Over Here...,2909.0,2909.0,150.0,0.051564111378480576,0.023374922858620438
11942,3324,I Just LOVE It When Jerks Get Called Out — Like This Weasel Over Here...,2709.0,2709.0,116.0,0.042820228866740494,0.023077555003624264
11943,3324,I Just LOVE It When Jerks Get Called Out — Like This Scuzzbucket Over Here...,2842.0,2842.0,88.0,0.03096410978184377,0.033896570193485076
11960,3329,The Quickest Way To Kick Start The Economy Is To Do Something Very Simple,2679.0,2679.0,54.0,0.020156774916013438,0.007834592183435775
11961,3329,The Quickest Way To Kick Start The Economy Is Right Here,3069.0,3069.0,37.0,0.012056044314108831,0.008104439340942269
11962,3329,The Quickest Way To Kick Start The Economy? Simple ...,2412.0,2412.0,38.0,0.015754560530679935,0.005529873374293425
11963,3329,The Quickest Way To Get Money Into The Hands Of Those Who Really Need It,2867.0,2867.0,45.0,0.01569584931984653,0.001510268728994046
11984,3336,The Quickest Way To Kick Start The Economy Is To Do Something Very Simple,2978.0,2978.0,48.0,0.016118200134318333,0.007834592183435775
11985,3336,Think Those Who Work At Minimum Wage Are Kids And High School Dropouts? Think Again ...,2758.0,2758.0,50.0,0.018129079042784626,0.005770103092661957
11986,3336,The Quickest Way To Kick Start The Economy Is To Do Something Very Simple,2665.0,2665.0,67.0,0.025140712945590993,0.007834592183435775
11987,3336,Think Those Who Work At Minimum Wage Are Kids And High School Dropouts? Think Again ...,2619.0,2619.0,51.0,0.019473081328751432,0.005770103092661957
12169,3384,What Would You Do In The Last Hour Of Your Life?,2687.0,2687.0,71.0,0.026423520655005583,0.015971908253322183
12170,3384,"It's Shocking To See Some Of This Footage Again, But So Worth It To Learn About A True Hero",2890.0,2890.0,57.0,0.01972318339100346,0.007017232358577045
12171,3384,The Incredible Inspiration One Man Gave Us In The Last Hour Of His Life,2828.0,2828.0,87.0,0.030763790664780764,0.017217142591729268
12172,3384,"Would You Have The Guts To Do What This Man Did, Knowing It Might Kill You?",2702.0,2702.0,82.0,0.030347890451517395,0.024553456068845167
12217,3397,Remember Alfred Hitchcock's 'The Birds'? Well Now There's A MUCH Scarier Feather-Filled Movie.,2788.0,2788.0,64.0,0.02295552367288379,0.010637945623375753
12218,3397,I Thought Alfred Hitchcock Made The Scariest Bird Movie. I Was Wrong.,2941.0,2941.0,61.0,0.02074124447466848,0.02233511816151494
12239,3403,20 Years Ago Only Sci-fi Movies Could Do What Now 162 Countries Can Do Just By Logging On,2811.0,2811.0,38.0,0.01351832088224831,0.0055541757371478625
12240,3403,"20 Years Ago We Thought Of It As Sci-fi, And Now 162 Countries Can Stare Me In The Face",3100.0,3100.0,65.0,0.020967741935483872,0.007722618187310799
12241,3403,"20 Years Ago It Was Only In Sci-Fi Films, But Now 162 Countries Can Stare Each Other In The Face",2955.0,2955.0,35.0,0.011844331641285956,0.0040562956499788265
12242,3403,Videochatting? No Biggie. But Watch when A Comedian Asks Everyone About Their Message To The World.,2447.0,2447.0,47.0,0.019207192480588477,0.011203801587353466
12271,3411,Seeing America From This Perspective Makes Me Feel Like A Total Heel,2798.0,2798.0,107.0,0.03824160114367405,0.014660682128797689
12272,3411,"Who’s Stinking Up The Place? One Infographic Is Naming Names.
",3023.0,3023.0,56.0,0.018524644392987098,0.01412579675611709
12273,3411,"America And China Are Just Stomping The Planet With Our Big, Fat, Designer-Shoe Carbon Footprint",3243.0,3243.0,54.0,0.016651248843663275,0.00672023732372874
12274,3411,"If You Sometimes Feel Like The Whole Globe Is Awkwardly Glaring At You, Maybe Here's Why?",2810.0,2810.0,57.0,0.020284697508896797,0.013496616625737763
12276,3412,"The Dude Is Wearing Nail Polish And A Sparkly Hat And He’s Still Not Gay Enough For You?
",3124.0,3124.0,70.0,0.02240717029449424,0.016207915693402304
12277,3412,When A Gay Guy Gets Nabbed By The Sexual Orientation Police ,2998.0,2998.0,86.0,0.028685790527018012,0.02391319154486033
12278,3412,Awkward Conversations For Men Who Date Men ... And A Great Response,3000.0,3000.0,70.0,0.023333333333333334,0.025121335007232105
12337,3430,Does This Unbelievable Discovery End Up On ‘Medical Marvels' Or 'National Geographic?’,3120.0,3120.0,18.0,0.0057692307692307696,0.01101939043352558
12338,3430,Think Nature Doesn't Hold All The Answers? Watch How Surgeons Will Tackle Brain Tumors.,2840.0,2840.0,16.0,0.005633802816901409,0.0026387180821659433
12340,3430,"Hey Mr. Brain Tumor, I Hope These Brain Surgeons Kick Your Ass With This ",2892.0,2892.0,20.0,0.006915629322268326,0.010132283317546396
12406,3448,Who Cares If He's An Undead Demigod Warlock Were-Bear?! Fair Is Fair.,6602.0,6602.0,53.0,0.008027870342320508,0.013507302236212384
12407,3448,'As Sexy As An Uncooked Roll Of Pillsbury Dough' Is Possibly The Best Phrase I've Heard This Month,7317.0,7317.0,75.0,0.01025010250102501,0.01912609878970076
12408,3448,We Were Promised A Storm Of Swords ... And What Did We Get? Hodor.,6645.0,6645.0,56.0,0.008427389014296464,0.010484411323954041
12432,3456,Hi There. You're Beautiful. Hopefully You Know That.,6900.0,6900.0,72.0,0.010434782608695653,0.016420215205919093
12433,3456,The Beauty Of Humanity Cannot Be Advertised Away,6491.0,6491.0,46.0,0.007086735479895239,0.01657512281867749
12434,3456,If You're Reading My Words: I Hope You Know How Beautiful You Are.,6470.0,6470.0,59.0,0.009119010819165378,0.004757263639644911
12435,3456,"In The City Of Brotherly Love, What Can You Do When You Don't Love Yourself?",6249.0,6249.0,43.0,0.006881100976156185,0.006338787353142126
12516,3478,She Slit Her Wrists And Survived. Now She Knows Her Purpose In Life.,5392.0,5392.0,104.0,0.019287833827893175,0.01739099314918087
12517,3478,Could You Turn Your Ugliest Days Into Your Most Beautiful? These People Can. And Did. ,5146.0,5146.0,91.0,0.017683637776914108,0.014763095328958328
12518,3478,She Tried To Kill Herself And It Didn't Work. See How She Made All That Into Something Beautiful. ,5177.0,5177.0,140.0,0.027042688815916555,0.025121725927535823
12519,3478,She Slit Her Wrists And Lived To Tell The Story. Now She’s Doing Something Beautiful With Her Life. ,5734.0,5734.0,122.0,0.02127659574468085,0.02075946547260508
12549,3486,Eyelid Surgery? Why In The World Would Someone Get That?,3401.0,3401.0,97.0,0.028521023228462217,0.022546262428814662
12551,3486,Why Did This News Anchor Get Eyelid Surgery?,3303.0,3303.0,114.0,0.03451407811080836,0.027579455094349913
12647,3512,"Arrest Them? They Don't Care, They Know What They're Doing Is Right",3861.0,3861.0,63.0,0.016317016317016316,0.009336172842258874
12648,3512,"You See That? That's The Sweet Sight Of People Holding Politicians Accountable
",3044.0,3044.0,65.0,0.021353482260183968,0.015730979824237636
12649,3512,"Politicians Try To Sneakily Slip A Life Threatening Plan Past The Public. Fail.
",3375.0,3375.0,59.0,0.01748148148148148,0.019955127224142513
12650,3512,People Stopping Politicians Making Money From Something That Would Ruin the Country? Sign Me Up.,3262.0,3262.0,36.0,0.011036174126302882,0.006461642048952292
12727,3533,"People Should Know About This Awful Thing We Do, And Most Of Us Are Simply Unaware.",3621.0,3621.0,227.0,0.06268986467826568,0.020463910660619738
12728,3533,Humans Should Be Less Horrible. You'll Probably Agree When You See The Same Thing I Did.,3292.0,3292.0,148.0,0.04495747266099635,0.022549381828820794
12729,3533,Humans Shouldn't Be So Horrible. You'll Probably Agree When You See The Same Thing I Did.,3666.0,3666.0,169.0,0.04609929078014184,0.02362112676504863
12796,3551,An Experiment In Gratitude We Could All Take A Few Pointers From,4920.0,4920.0,94.0,0.019105691056910568,0.011022823508571894
12797,3551,Scientists Discover One Of The Greatest Contributing Factors To Our Happiness - It's A Must See,4851.0,4851.0,139.0,0.02865388579674294,0.011298920952844096
12798,3551,Want To Know One Of The Best Ways To Achieve Happiness? You'll Thank Me Later,4841.0,4841.0,121.0,0.024994835777731872,0.015810376925258565
12799,3551,Remember When Your Mom Said To Count Your Blessings? Turns Out She Was Right.,4612.0,4612.0,87.0,0.01886383347788378,0.0014709552317360855
12831,3560,The One Where An Economist Tells Jon Stewart To 'Be Upbeat',3714.0,3714.0,90.0,0.024232633279483037,0.008760066520977465
12832,3560,Robert Reich. Jon Stewart. You Know This'll Be Good...,3547.0,3547.0,114.0,0.03213983648153369,0.012887355303172967
12833,3560,The Huge Lie That Is Perped By Those Doing Extremely Well In Our Country,3686.0,3686.0,147.0,0.03988062940857298,0.025397016500262826
12834,3560,I'd LOVE To See The Tipping Point That Robert Reich Is Talking About Right Here,3671.0,3671.0,80.0,0.021792427131571777,0.0037781680773275286
12871,3571,Scientists Discover One Of The Greatest Contributing Factors To Our Happiness - It's A Must See,3461.0,3461.0,138.0,0.03987286911297313,0.011313968048228236
12872,3571,Scientists Discover One Of The Greatest Contributing Factors To Happiness - You'll Thank Me Later,3235.0,3235.0,135.0,0.04173106646058733,0.01601919648924962
12873,3571,Scientists Discover One Of The Greatest Contributing Factors To True Happiness - We all Need This,3537.0,3537.0,128.0,0.03618886061634153,0.006200812353221268
12874,3571,Scientists Discover One Of The Best Ways For A Person To Achieve True Happiness,3421.0,3421.0,118.0,0.03449283835135925,0.006277724552234419
12875,3572,The Question Here Is Beautifully Simple. The Answers Are Even Better.,3341.0,3341.0,99.0,0.02963184675246932,0.00779316063662658
12876,3572,Try To Watch Their Answers To A Beautiful Question And Not Smile. I Dare You.,3465.0,3465.0,154.0,0.044444444444444446,0.010999082466916511
12877,3572,"I Don't Know If There's No Such Thing As Stupid Questions, But Here's A Beautiful One.",3542.0,3542.0,157.0,0.04432523997741389,0.013657495779835608
12878,3572,An Inspiring Question We Need To Ask (And Act On) Way More Often.,3181.0,3181.0,82.0,0.025778057214712356,0.017570567763845586
12895,3577,It Takes A Super Strong Person To Push Themselves Through This Kind Of Chaos.,3306.0,3306.0,48.0,0.014519056261343012,0.005913291983138088
12896,3577,She Came From A Daunting Past Into An Abusive Present. How This Girl Deals With It Is Amazing.,3504.0,3504.0,67.0,0.019121004566210045,0.01980035204262254
12897,3577,"She's Made Mistakes, But The Choice She Just Made Couldn't Be More Right",3615.0,3615.0,71.0,0.019640387275242047,0.019716718593430167
12898,3577,Her Father Was Arrested In Front Of Her As A Child. How She Grows From It Is Absolutely Inspiring.,3745.0,3745.0,55.0,0.014686248331108143,0.013953777291230056
12899,3578,A Bold and Beautiful Reason To Talk To Each Other In The Elevator,3475.0,3475.0,66.0,0.018992805755395685,0.020093344352266413
12900,3578,A Vibrant Reminds To Get Out There And Find Them,3686.0,3686.0,23.0,0.006239826370048833,0.009670713000430015
12901,3578,A Vibrant And Sound Reminder To Get Out Of Our Shells,3432.0,3432.0,29.0,0.00844988344988345,0.0070040514755609195
12902,3578,"Remember The Whole 'Road Not Taken' Thing? Yeah, Here's A Reminder To Do That.",3719.0,3719.0,54.0,0.01452003226673837,0.0013935101739624874
12917,3583,"After 13 People Were Murdered In DC On Monday, Their Trauma Doctor Said Exactly What Was On Her Mind",4574.0,4574.0,268.0,0.05859204197638828,0.017112992180320044
12972,3600,Straight People: We're Just Born This Way!,3619.0,3619.0,79.0,0.02182923459519204,0.014834186763371742
12973,3600,Watch These Straight People Answer A Question Gay People Have Been Asked For Years,3638.0,3638.0,225.0,0.06184716877405168,0.03164930011664252
12974,3600,LOL At All These Straight People Realizing They Were Born That Way,3760.0,3760.0,122.0,0.032446808510638296,0.02148674757168067
12975,3600,"If Every Straight Person Honestly Answered This Question, We'd Wipe Out Homophobia Tomorrow",3250.0,3250.0,153.0,0.04707692307692308,0.025605862897547876
12981,3602,How An Iranian And Jewish Comedian Take A Stand For Peace,3835.0,3835.0,70.0,0.018252933507170794,0.010080327232121333
12982,3602,"We Can All Agree That Iran, Israel And The US Need Peace. These Two Comedians Are Stepping Up",3478.0,3478.0,51.0,0.014663599769982749,0.00872976782767242
12983,3602,What Would You Do For Peace? I Think These Two Professional Funny Guys Have The Right Approach,3656.0,3656.0,82.0,0.022428884026258207,0.008858447864878494
13032,3616,"Are You Outraged Because You Think This Couldn't Happen, Or Because You Know It Does Every Day? ",3623.0,3623.0,103.0,0.02842947833287331,0.026194479339387858
13033,3616,"If You Hadn't Heard Of This Little Girl Either, Ask Yourself Why That Is ",3561.0,3561.0,130.0,0.03650659926986802,0.032876502770196
13034,3616,"The Most Stirring Version Of The National Anthem Might Just Be At The End Of This Rap Video 
",3267.0,3267.0,70.0,0.021426385062748698,0.024182419422726684
13035,3616,Here's A Music Video That Packs The Kind Of Punch That Every Research Paper On The Drug War Should ,3657.0,3657.0,99.0,0.027071369975389663,0.011324676691922286
13036,3617,"Sorry, Bro. She’s Actually Mocking You. Viciously.",3796.0,3796.0,162.0,0.04267650158061117,0.025948535548767894
13038,3617,"Sorry, Bro. She Doesn’t Actually Agree With You. She’s Actually Mocking You. Viciously. ",3349.0,3349.0,149.0,0.044490892803822034,0.029567319373126708
13039,3617,"Sorry, Bro. She’s Actually Making Fun Of You. Viciously. ",3581.0,3581.0,144.0,0.04021223122032952,0.024470485666668363
13040,3618,"Sorry, Bro. She Doesn’t Actually Agree With You. She’s Actually Mocking You. Viciously. ",3324.0,3324.0,136.0,0.04091456077015644,0.029567319373126708
13101,3635,"To Save His Sister, One Boy Risks Everything (Everything = Christmas Presents)",4613.0,4613.0,105.0,0.02276176024279211,0.011646310343114577
13102,3635,More Amazing Than A Kid Writing An Actual Hand-Written Letter? The Insanely Wonderful Result. ,4352.0,4352.0,142.0,0.03262867647058824,0.016234877731381814
13135,3644,"Meet The Man Who Fights Crime Like He’s A Real Life Batman
",3509.0,3509.0,70.0,0.019948703334283273,0.017809986285385982
13136,3644,"You’ve Seen Him In The News Now Get A Glimpse At What Makes A Real Life Masked Avenger Tick
",3217.0,3217.0,56.0,0.017407522536524712,0.009845144526695963
13137,3644,"Think Masked Crusaders Are Only For Movies? Meet A Father Taking It To The Streets
",3279.0,3279.0,51.0,0.01555352241537054,0.008126791245485258
13138,3644,"Watch A Father Channel His Inner Bruce Wayne
",3531.0,3531.0,58.0,0.01642594165958652,0.023998196103436946
13276,3679,Doing This To Kids Is Like Helping A Person Who Is Drowning By Setting Them On Fire,3478.0,3478.0,119.0,0.03421506612995975,0.02319741445388295
13370,3704,That One Time A CEO Said Something So Profoundly Idiotic That We Had To Fact Check His Face,6120.0,6120.0,179.0,0.029248366013071896,0.032200829458624416
13371,3704,That One Time A CEO Said Something So Profoundly Awful That We Had To Fact Check His Misguided Brain,6058.0,6058.0,180.0,0.029712776493892375,0.03440366498923986
13373,3704,That Time A Billionaire Said Something So Profoundly Awful That We Had To Fact Check His Face,5937.0,5937.0,208.0,0.03503452922351356,0.03100639138770684
13383,3707,"Young People Are So Cool, Aren't They? With Their Laziness, And Phone Addiction...",3478.0,3478.0,99.0,0.028464634847613572,0.014975953608833992
13384,3707,"Self-Centered, Entitled, Lazy — Who Am I Describing?",3618.0,3618.0,101.0,0.02791597567716971,0.02182939599967438
13385,3707,These 20-somethings Have A Huge Apology They Need To Make To Their Elder,3203.0,3203.0,88.0,0.027474242897283795,0.01589450881944896
13386,3707,The Best Response For When Anyone Calls Young People Today Lazy,3647.0,3647.0,131.0,0.03591993419248698,0.028864165227761595
13387,3707,"""People In Their 20s Are So Lazy And Entitled!"" Don't. Don't Even Start With Me. ",3559.0,3559.0,120.0,0.0337173363304299,0.01812764851113479
13561,3753,I Can't Think Of Much That'd Make Stephen Hawking And Jay-Z Smile. This Is One Of Those Things. ,5351.0,5351.0,61.0,0.011399738366660438,0.023915118408720595
13562,3753,What Is Making This Kid Laugh At A Photosynthesis Joke In A Real Life Science Class,5733.0,5733.0,77.0,0.013431013431013432,0.021488235090272072
13563,3753,An Incredible Teacher Made Up A Curriculum To Get This Kid To Laugh At A Photosynthesis Joke,5793.0,5793.0,118.0,0.020369411358536163,0.01635143209657692
13564,3753,How Hip-Hop Got This Kid To Laugh At A Photosynthesis Joke,5153.0,5153.0,64.0,0.012419949543954978,0.013011232720686067
13573,3756,Here’s One For All The Teachers Who DON’T Steal The Chemistry Equipment To Go Make Meth,4643.0,4643.0,102.0,0.02196855481369804,0.01432585764802375
13574,3756,These Celebrities Want You To Sit Down And Write A Thank You Note To A Few Special People ,4915.0,4915.0,84.0,0.017090539165818923,0.010758565744700604
13575,3756,Some Celebrities Tell Us Who Changed Their Lives When They Were Kids,4128.0,4128.0,84.0,0.020348837209302327,0.010552461991881812
13576,3756,These Are The Hardest Working People We Never Thank Enough. Some Celebrities Show Us How It’s Done.,3849.0,3849.0,114.0,0.029618082618862042,0.018707649528564272
13577,3756,Who Is The Person That Made Your Life Better As A Kid? A Bunch Of Celebrities Tell Us Theirs. ,4637.0,4637.0,78.0,0.016821220616778088,0.012725266285085825
13632,3770,"Hey, Barilla: A Gay-Friendly Pasta Commercial Isn't So Hard.",2992.0,2992.0,46.0,0.01537433155080214,0.01729955921647191
13633,3770,"Hey, Barilla: A Pasta Ad With A ""Homosexual Family"" Isn't So Bad. Take A Look.",3056.0,3056.0,57.0,0.018651832460732983,0.022026673336577943
13634,3770,"Here's A Gay Bertolli Pasta Commercial, Because They Deserve All The Pasta Publicity, Right?",2679.0,2679.0,43.0,0.01605076521089959,0.02496316225773231
13801,3814,Center Stage? Dirty Dancing? Save The Last Dance? They Won’t Stack Up After This Movie’s Out. ,5356.0,5356.0,34.0,0.006348020911127707,0.006928832185476103
13802,3814,"When These Teens Put Their Bodies On The Line, It No Longer Means Taking A Gang Bullet",5289.0,5289.0,44.0,0.00831915295897145,0.007681163351625242
13803,3814,Could Changing Teenagers' Lives Really Be This Easy—And This Fun?,5885.0,5885.0,38.0,0.006457094307561597,0.01250122661441715
13899,3838,These Comments About Politics Are Too Harsh To Be True. But They ARE True.,5656.0,5656.0,109.0,0.01927157001414427,0.012532122396281414
13900,3838,These Comments About Politics Sound Too Terrible To Be True. But They ARE True.,4932.0,4932.0,107.0,0.021695052716950526,0.012397839992980806
13901,3838,These Comments About Politics Sound Too Tough To Be True. But They ARE True.,5046.0,5046.0,81.0,0.01605231866825208,0.007734410544840197
13919,3843,That Time A Senator Had To Actually Defend The BS He Was Spouting,4849.0,4849.0,93.0,0.019179212208702827,0.01842668247131344
13920,3843,If You Were Wondering What It Looks Like When A Reporter Makes A Senator Regret Going On TV...,5334.0,5334.0,105.0,0.01968503937007874,0.036103899636433054
13921,3843,Dear Reporters Who Don't Know What To Ask When Talking About The Shutdown: Watch This. Please.,5493.0,5493.0,87.0,0.015838339705079193,0.030777272218136954
13927,3845,"If Humanity Has 4 Possible Futures, We Only Survive In 3 Of Them",7019.0,7019.0,84.0,0.011967516740276393,0.011449548896204037
13928,3845,A Guy With A Whiteboard Has Had Global Warming Solved For 6 Years. It's Time To Listen.,6668.0,6668.0,108.0,0.016196760647870425,0.012849288510640725
13929,3845,This Whiteboard Deserves To Be In A Museum For Having Ended The Global Warming Debate,6827.0,6827.0,91.0,0.013329427274058885,0.011256524624653465
13943,3849,"The Arm From 'Terminator' Is Finally Here, But They Forgot To Make It Evil",5106.0,5106.0,45.0,0.00881316098707403,0.009132201521694753
13990,3861,These Comments About Politicians Are Too Mean To Be True. But They ARE True.,5188.0,5188.0,177.0,0.034117193523515804,0.017956843476444776
13991,3861,These Statements About Politicians Are Too Mean To Be True. But They ARE True.,5192.0,5192.0,154.0,0.029661016949152543,0.016566851740659725
13992,3861,This Critique Of Politicians Is Too Mean To Be True. But It IS True.,5413.0,5413.0,170.0,0.031405874745981895,0.01860995385038083
14047,3878,I Need You To Watch This Strange Man Rub A Stick Of Butter On A Tree. For A Really Good Reason.,6608.0,6608.0,122.0,0.018462469733656173,0.013734479517056947
14048,3878,You Should Watch This Weirdo Rub A Stick Of Butter On A Tree. For A Really Good Reason.,6781.0,6781.0,135.0,0.019908568057808582,0.012984042505899483
14049,3878,I Need You To Watch This Weirdo Rub A Stick Of Butter On A Tree. I'm Not Joking.,7730.0,7730.0,128.0,0.016558861578266495,0.010875851120121589
14053,3880,You Should Watch This Strange Man Rub A Stick Of Butter On A Tree. For A Really Good Reason.,13971.0,13971.0,285.0,0.020399398754563022,0.015118489412524673
14078,3887,This Is What They Call 'Furlough' In Washington,3924.0,3924.0,34.0,0.008664627930682976,0.012763301973830712
14079,3887,What We've Got Here Is A Failure To Govern,3125.0,3125.0,29.0,0.00928,0.01080785425464592
14080,3887,Psst: Here's Why Government Shutdowns Cost Actual Human Lives,3816.0,3816.0,36.0,0.009433962264150943,0.01328541077572666
14125,3899,Ever Met Someone With A Superpower? She Seems To Have One,7661.0,7661.0,81.0,0.010573032241221773,0.010827537404508633
14126,3899,So Many Kids Fall Through The Cracks  — Meet The Woman Making Sure That Doesn't Happen On Her Watch,8499.0,8499.0,46.0,0.005412401458995176,0.016486384953460928
14127,3899,Meet The House In Los Angeles That's Entirely Built With Love — I Promise You'll Wish You Could Stay,8564.0,8564.0,74.0,0.008640822045773003,0.008774465077201714
14137,3903,Entitlement Spending? What Freaking Entitlement Spending?!,3534.0,3534.0,18.0,0.0050933786078098476,0.01
14138,3903,Some Of Your Paycheck Goes To Something Every Week Thay They Want To Get Rid Of,4122.0,4122.0,18.0,0.004366812227074236,0.0072061954974990804
14139,3903,The Future Of Something That's Kept Grandma And Grandpa From Starving To Death Is In Peril,4049.0,4049.0,24.0,0.005927389478883675,5.532906177050994e-05
14140,3904,What An Inspiration! A Woman Who's Totally Rocking One Industry That's Traditionally Male,7760.0,7760.0,53.0,0.006829896907216495,0.007219517747929635
14141,3904,What An Inspiration! A Woman Who's Totally Upsetting One Industry That's Usually Male,7080.0,7080.0,61.0,0.008615819209039548,0.012526768203000775
14142,3904,What An Inspiration! A Woman Who's Turning One Part Of The Small Business World On Its Head,6495.0,6495.0,37.0,0.005696689761354888,0.01
14181,3915,A Lot Of Brave People Have Embraced Who They Are. Here's To Them.,7852.0,7852.0,32.0,0.004075394803871625,0.005790657583849606
14182,3915,"Since 1988, A Lot Of Brave People Have Embraced Who They Are. Here's To Them.",6923.0,6923.0,32.0,0.004622273580817565,0.003943804990423506
14183,3915,"For 25 Years, Lots Of Brave People Have Been Telling The World Who They Are. Keep It Coming.",6985.0,6985.0,35.0,0.005010737294201861,0.006101718167569171
14288,3942,10 Stupid Ways Our Planet Could End,4672.0,4672.0,36.0,0.007705479452054794,0.007912934673890187
14290,3942,"I Usually Want To Hear People Out, But Not When They're Talkin' Crazy",6010.0,6010.0,54.0,0.008985024958402662,0.007687249569841542
14291,3942,Listening To These Arguments May Actually Make You Dumber,4645.0,4645.0,64.0,0.013778256189451023,0.015951578910366936
14292,3943,Her Husband Won A Nobel Prize. But She's About To Be A WAY Bigger Deal.,5839.0,5839.0,96.0,0.016441171433464633,0.013038010905593195
14293,3943,She's About To Be A WAY Bigger Deal Than Her Husband. And He Won A Nobel Prize.,4575.0,4575.0,54.0,0.01180327868852459,0.010978216206191736
14294,3943,This Girl Grew Up Into A Woman. And That Woman Is About To Make American History.,4825.0,4825.0,65.0,0.013471502590673576,0.017677324048813864
14295,3943,A Girl Grew Up Into A Woman Who Just Became A Part Of American History Forever,5225.0,5225.0,61.0,0.011674641148325358,0.012448341449264629
14301,3945,I Get It. You Don't Think Global Warming Is Man Made. It's Still A Real Thing Though.,4455.0,4455.0,30.0,0.006734006734006734,0.004749627290989645
14302,3945,5 Things About Climate Change I'm Pretty Sure You Don't Know About,4982.0,4982.0,74.0,0.014853472501003613,0.004570225969410854
14316,3949,A Parody That Might Make You Question Everything You Knew About Jay-Z And Plastic Bags,2838.0,2838.0,41.0,0.014446793516560958,0.021599652422026286
14317,3949,"For The Love Of Jay-Z And Alicia, Watch This Great Parody Music Video
",2941.0,2941.0,31.0,0.010540632437946278,0.018169494954838935
14318,3949,‘Paper Or Plastic?’ Two World-Famous New Yorkers Have A Suggestion For You.,2926.0,2926.0,52.0,0.0177717019822283,0.004226346977388171
14487,3992,Do You Hate Collection Agencies? So Does This Collection Agency.,5561.0,5561.0,44.0,0.007912245998921057,0.0037493591694598115
14489,3992,This Brutally Kind Collection Agency Is Figuring Out How Not To Be Awful And In Fact Be Awesome,5592.0,5592.0,53.0,0.009477825464949928,0.008673470067448907
14490,3992,"He Left A Woman In Tears, Even Though She Paid Up. He's Actually Pretty Awesome.",5437.0,5437.0,102.0,0.0187603457789222,0.015944135461179596
14503,3996,Why're We Afraid Of Talking Religion And Politics Over Dinner But Cool With This Offhand Mention? ,5627.0,5627.0,130.0,0.023102896747822996,0.019477829773483495
14504,3996,Why're We Sheepish To Talk Religion And Politics Over Dinner But Cool With This Offhand Mention? ,5701.0,5701.0,126.0,0.02210138572180319,0.02006554159591595
14505,3996,Why're We Afraid To Talk Religion And Politics Over Dinner But Blasé With This Offhand Mention? ,6041.0,6041.0,140.0,0.023174971031286212,0.020567805877818097
14506,3996,Why're We Afraid To Talk Religion or Politics Over Dinner But Oddly Cool With This Offhand Mention? ,5525.0,5525.0,129.0,0.02334841628959276,0.018622575967122613
14556,4011,Spotted: A Rare Sighting Of Something All Sides Of Politics Agree Is Wrong,3381.0,3381.0,32.0,0.009464655427388346,0.018991624152062833
14557,4011,"Liberal, Conservative, Whatever: Here Is Something You All Agree Ain't Right",3744.0,3744.0,39.0,0.010416666666666666,0.020197633355105306
14558,4011,"...And They May Get Away With It All, Unless Us Pesky Kids Take Some Action",3360.0,3360.0,24.0,0.007142857142857143,0.01486744864790065
14559,4011,"""Yeah, So Can You Please Not Abuse Our Information?"" Says Angry Nation",3353.0,3353.0,17.0,0.005070086489710707,0.0044157570615605025
14564,4014,What The Scientist Who Created The First Nuclear Bomb Thought When It Actually Worked,2180.0,2180.0,71.0,0.03256880733944954,0.015500619533015497
14565,4014,"When The First Nuclear Bomb Worked, The Scientists Who Created It Had This Terrifying Thought",2072.0,2072.0,77.0,0.037162162162162164,0.01638808037425532
14566,4014,"The Men Who Built The Atomic Bomb Felt Like Gods When It Worked, But Not In An Egotistical Way",2053.0,2053.0,42.0,0.020457866536775452,0.015495607007581352
14567,4014,The Eerie Thought About God That The Inventor Of The Nuclear Bomb Had When It Went Off,2198.0,2198.0,105.0,0.04777070063694268,0.020839620553179193
14623,4031,The Real Cost Of The Tea Party's Shenanigans In One Horrifying Graphic,8184.0,8184.0,169.0,0.020650048875855326,0.011356347901627846
14624,4031,What The Debt Ceiling Battles And Government Shutdown Cost The Country: Sh*t Just Got Real...,8250.0,8250.0,85.0,0.010303030303030303,0.007376434740857392
14625,4031,No Freaking Way: How Many Jobs Did The Tea Party Shutdown And Debt Ceiling Circus Cost Us?,8601.0,8601.0,104.0,0.012091617253807696,0.008628316222182839
14626,4031,There Are Consquences For Their Actions: The Real Cost Of One Party Playing With Fire.,7403.0,7403.0,83.0,0.011211670944211806,0.01
14639,4035,"If You Told Me I'd Be Fascinated By A Comic About Being Poor, I Would Have Thought You Were Drunk",4424.0,4424.0,68.0,0.015370705244122965,0.013011175474240055
14640,4035,When 15% Of Us Live Below This Line It Means We've Got A Lot More Work To Do,4627.0,4627.0,25.0,0.005403068943159715,0.011788985057992574
14641,4035,"15% Of Us Live With So Very Little In America, Yet They Call Us The Best Country In The World?",4985.0,4985.0,41.0,0.008224674022066199,0.0180329159839803
14642,4035,What Does It Mean To Be Poor In America?,4601.0,4601.0,61.0,0.013257987394044773,0.014723596677267808
14675,4044,"National Park Service Workers Tell The Truth About The Shutdown, And It's Very Real",4419.0,4419.0,74.0,0.016745870106358904,0.02379416408713716
14676,4044,The Truth About What The Shutdown Did To Some People Is Right Here; It's Beautiful And Heartbreaking,4513.0,4513.0,60.0,0.013294925769997783,0.02109271330252187
14677,4044,What Some Of The People Affected By The Shutdown Have To Say About Its Devastating Effects. ,4544.0,4544.0,36.0,0.007922535211267605,0.014829447939654707
14678,4044,There Is No Way You Can Watch This And Not Feel Like We Lost Something In The Past Few Weeks,4866.0,4866.0,62.0,0.012741471434443074,0.013904544100947465
14748,4063,She Can't Afford To Not Afford Her Daughter's Health,3066.0,3066.0,23.0,0.007501630789302022,0.012943356418908251
14751,4063,"If You Have Kids, Then You Know What She's Going Through",3398.0,3398.0,39.0,0.011477339611536198,0.000691397702822795
14792,4074,This Video Will Make You As Uncomfortable As An Open-Backed Hospital Gown Does,2817.0,2817.0,88.0,0.03123890663826766,0.01975033676566835
14796,4075,The Get-Rich-Quick Plan That Is Actually Killing People ,2879.0,2879.0,60.0,0.02084056964223689,0.019281501148758103
14797,4075,What If A Hospital Was Paid More If You Died? That's How This Healthcare System Works In 29 States. ,2747.0,2747.0,34.0,0.012377138696760102,0.015361504094449462
14798,4075,Guess What Company Makes $1.4 Billion A Year Off Sick Prisoners? ,2866.0,2866.0,50.0,0.017445917655268667,0.00675584466003244
14799,4075," I Believe In Justice. I Also Believe Prison Should Be A Life Sentence, Not A Death Sentence. ",2470.0,2470.0,16.0,0.006477732793522267,0.008944977286429838
14823,4082,Why Don't We Figure Out How To Make This Stop Before More People Die Because Of It? ,2607.0,2607.0,31.0,0.011891062523973917,0.014710422546777974
14937,4111,"It Looks Like A Duck, It Quacks Like A Duck, And Still, People Think It's A Priceless Masterpiece",2648.0,2648.0,56.0,0.021148036253776436,0.016103226384989212
14939,4111,Proof People Will Buy Anything They See On The News. See What I Did There?,2533.0,2533.0,43.0,0.016975917883932098,0.015426911336624678
14940,4111,"They Took A White Lie, Added Some Black Spray Paint, And New Yorkers Went Nuts For It",2356.0,2356.0,75.0,0.03183361629881155,0.017802740678643333
15000,4126,Her Husband Won A Nobel Prize. But She's About To Be A WAY Bigger Deal.,4746.0,4746.0,90.0,0.018963337547408345,0.01305767972168043
15001,4126,Her Husband Won A Nobel Prize. But She's Just Became A WAY Bigger Deal.,4619.0,4619.0,84.0,0.018185754492314354,0.010628641276026439
15002,4126,Who Is Janet Yellen And Why Is She Important?,4146.0,4146.0,51.0,0.012301013024602027,0.020982801384758387
15003,4126,"She Didn't Break The Bank, But She Just Broke A Banking Stereotype",4447.0,4447.0,42.0,0.00944456937261075,0.009091281669493094
15017,4130,"Meet Six People Who Have Betrayed Our Country Or Are Helping Save It, Depending On Who You Ask",3674.0,3674.0,26.0,0.007076755579749592,0.008253546615803773
15018,4130,These 6 People Did Something Horrible To America. Just Kidding. What They Did Was Courageous.,3584.0,3584.0,38.0,0.010602678571428572,0.023608438507955857
15019,4130,These Guys Wanted To Help Make Our Country Better. So We're Apparently Going To Put Them In Jail.,4319.0,4319.0,45.0,0.010419078490391294,0.007283516609802783
15029,4133,Tired Of People Getting Public Assistance? Call McDonald's Help Line And Tell THEM.,3642.0,3642.0,14.0,0.003844041735310269,0.007678583877200535
15030,4133,"My Uncle Thinks We Need To Cut Off All Welfare. OK, How About We Start With McDonald's?",3883.0,3883.0,25.0,0.006438320885912954,0.01596537167956083
15031,4133,The Corporate 'Help' Line Told This Woman To Do WHAT?!,3857.0,3857.0,30.0,0.0077780658542909,0.013038934334951117
15060,4141,The Get-Rich-Quick Plan That Is Actually Killing People ,3858.0,3858.0,105.0,0.027216174183514776,0.019223951063286907
15061,4141,"That Time When CEOs Lost Our Money, Except They Lost Humans Instead Of Cash ",3518.0,3518.0,41.0,0.011654349061967027,0.013919527296949572
15062,4141,"Our Democracy Is The Envy Of The World, Except In 29 States Where People Die For No Good Reason. ",3427.0,3427.0,41.0,0.011963816749343449,0.008646340219839843
15088,4148,"Westboro Baptist Church Planned To Disrupt Fallen Soldier’s Funeral. Whoops, Wrong Town.",2093.0,2093.0,61.0,0.029144768275203056,0.025805480654258108
15089,4148,"Westboro Baptist Church Planned To Disrupt Fallen Soldier’s Funeral. Sorry, Wrong Town.",1979.0,1979.0,36.0,0.01819100555836281,0.02834454484171047
15090,4148,Westboro Baptist Church Wanted To Disrupt Funeral Of Fallen Soldier. His Town Had Other Plans.,2001.0,2001.0,46.0,0.022988505747126436,0.027566653074307917
15095,4150,They Lied To Their Friend So They Could Make 30 Pizzas In 3 Hours – For A Kinda Great Reason,1920.0,1920.0,21.0,0.0109375,0.016003071593859372
15097,4150,A Dream Team Combination: Pizza And An Act Of Kindness That Made Me Smile,2010.0,2010.0,9.0,0.004477611940298508,0.009120417027453361
15098,4150,"If You Love Pizza And Random Acts Of Kindness, You May Enjoy Seeing What These Young Guys Do",1948.0,1948.0,20.0,0.01026694045174538,0.010793894814764648
15119,4157,"If America Is A 'Christian' Nation, Why Do People Have Such A Problem With This?",2123.0,2123.0,44.0,0.02072538860103627,0.012722518510760401
15120,4157,"When Taxes Go To Programs Like These, Why Do People Complain?",2128.0,2128.0,28.0,0.013157894736842105,0.01
15121,4157,"There's No Way To Say It Other Than 'Thanks, Uncle Sam, For Taking This Money Out Of My Paycheck'",2135.0,2135.0,28.0,0.013114754098360656,0.004971741770969899
15122,4157,The Reality Of What Food Stamps Cost All Of Us In One Incredibly Simple Graphic,1991.0,1991.0,55.0,0.027624309392265192,0.02108294366201298
15159,4167,Scientist Tricks Himself Into Thinking He's An Alien To Break Through Mental Block,4670.0,4670.0,86.0,0.01841541755888651,0.016084231256612146
15160,4167,Don't Bring A List Of Bird Names To A Science Fight,4992.0,4992.0,96.0,0.019230769230769232,0.0066953283931340535
15162,4167,A Scientist Hacks His Own Brain To Help Him Solve Complex Problems,4757.0,4757.0,79.0,0.016607105318478033,0.02153213687011573
15172,4170,50 Reporters Asked This Guy The Same Dumb Question About Women. His Response? Absolutely Perfect.,2793.0,2793.0,106.0,0.03795202291442893,0.03631881249239317
15173,4170,48 Reporters Asked This Guy The Same Dumb Question About Women. His Response? Absolutely Perfect.,2965.0,2965.0,136.0,0.045868465430016866,0.0378972632905553
15240,4187,"In The Last 30 Years, Something Has Grown A Lot Faster Than Your Paycheck Has",3880.0,3880.0,42.0,0.010824742268041237,0.007893185303852752
15242,4187,"364-To-1 Sounds Like Odds In A Betting Game. In This Version, You Don't Win A Damned Thing.",3776.0,3776.0,43.0,0.011387711864406779,0.010680483548716015
15243,4187,"If You Had 364 Marbles And I Had Only One, What Would That Make You?",3728.0,3728.0,50.0,0.013412017167381975,0.008055635903391532
15274,4194,He's Talking. She's Rocking. And I'm Just Over Here Trying To Pick My Jaw Off The Floor. ,2500.0,2500.0,46.0,0.0184,0.017103122287213453
15275,4194,He's Speaking. She's Playing. And I'm Just Over Here Trying To Scrape My Heart Off The Floor. ,2345.0,2345.0,50.0,0.021321961620469083,0.014109982089935108
15276,4194,"He's Speaking. She's Playing. And, You Know, I'm Just Over Here Trying To Pick My Jaw Off The Floor. ",2392.0,2392.0,64.0,0.026755852842809364,0.012537683775514796
15277,4194,"He's Speaking. She's Playing. And, You Know, I'm Just Over Here Trying To Scrape My Jaw Off The Floor. ",2552.0,2552.0,61.0,0.02390282131661442,0.013352260972156547
15311,4203,"What A Father Did For His Daughters Is Not Only Beautiful, It's Heartbreaking",3124.0,3124.0,83.0,0.026568501920614596,0.028584922298962326
15312,4203,A Dad Gave His Daughters A Wonderful Surprise For A Tragic Reason,3045.0,3045.0,63.0,0.020689655172413793,0.02375539389065736
15313,4203,"It's Probably Not How They Pictured Their Wedding Days, But They'll Never Forget It",2772.0,2772.0,58.0,0.020923520923520924,0.010760418956153291
15314,4203,The Incredibly Thoughtful Thing A Dad Does For His Daughters Before He Says Goodbye,2935.0,2935.0,61.0,0.020783645655877342,0.023848668525627583
15315,4204,"The First Week You Try To Join This Club Will Be Awkward, But It's All Worth It, Men",2013.0,2013.0,39.0,0.019374068554396422,0.008602891545454716
15316,4204,"Dear Men: You'll Feel Awkward For The First Couple Weeks, But It's All Worth It, I Swear",2059.0,2059.0,39.0,0.01894123360854784,0.019303736516617737
15317,4204,"Your First Week As A Member Of This Club Will Be Awkward, But It's Worth It, Dudes",1939.0,1939.0,35.0,0.018050541516245487,0.005720221750207563
15318,4204,"Men: When You First Join This Club It Will Be Awkward, But It's All Worth It",1998.0,1998.0,34.0,0.01701701701701702,0.004200852020381506
15325,4206,They Sure Don't Pay You Like They Used To,2393.0,2393.0,24.0,0.010029251984956121,0.0024005774835872034
15327,4206,What If I Told You That You Could Pay Twice As Much For Half The Salary? Too Late.,2761.0,2761.0,24.0,0.008692502716407098,0.01752082399491972
15366,4216,If Siri Had No Language Filter Here Is The Conversation We Would Be Having,1757.0,1757.0,33.0,0.018782014797951052,0.012772170830574591
15367,4216,Love It. This Siri-Like App Gives Much More Human Responses.,2002.0,2002.0,22.0,0.01098901098901099,0.0048333021479873665
15368,4216,"If Siri Was Programmed with 'Brutal Honesty,' Here's What She Would Say",2103.0,2103.0,36.0,0.017118402282453638,0.012813482870685126
15369,4216,Wish My Smart Phone Was This Honest With Me,2286.0,2286.0,23.0,0.010061242344706912,0.023191014348664052
15424,4230,A Summary Of McMinimum Wages And McWelfare In One Hilarious Clip,2731.0,2731.0,99.0,0.03625045770779934,0.011466405028954648
15425,4230,"A Summary Of McMinimum Wages And Welfare, By Bill Maher",2519.0,2519.0,58.0,0.023025009924573243,0.017973648546801935
15426,4230,Here's The McWages Story Compressed Into 4 Minutes And Spiced With Giggles,2580.0,2580.0,60.0,0.023255813953488372,0.009619436028350775
15427,4230,"Ronald McDonald Gets Skewered By Bill Maher, And It's Hilarious",2775.0,2775.0,74.0,0.02666666666666667,0.030683754402026097
15429,4231,How Not Fixing Anything Is Making Washington Rich ,2940.0,2940.0,40.0,0.013605442176870748,0.002362792150563127
15430,4231,How A Senator Spent $100K Of Special Interest Money On Golfing. Legally. ,2646.0,2646.0,23.0,0.008692365835222978,0.009733320888428314
15431,4231,Why Congress Is A Lot Like Pro Wrestling ,2742.0,2742.0,16.0,0.005835156819839533,0.009266806805151922
15433,4232,Coming Soon To A Town Near You? ,2414.0,2414.0,30.0,0.012427506213753107,0.0039010045712729764
15435,4232,"If You Can Manage To NOT Live Through One Of These, You Are Lucky Indeed!",2408.0,2408.0,59.0,0.024501661129568107,0.015455620839308272
15456,4238,Guess How One Guy Is Trying To Get Folks Into Gardening,3341.0,3341.0,40.0,0.01197246333433104,0.01112342487104251
15458,4238,"Ever Wanted To Rap About Gardening? Me Neither, But One Guy Did. ",3587.0,3587.0,41.0,0.011430164482854754,0.01583144821420983
15459,4238,"Gardening Is Not Normally The Subject Of Great, Funkalicious Rap Songs",3774.0,3774.0,44.0,0.011658717541070483,0.0013068000854284459
15529,4255,How To Tell If Your Black-Face Hitler Halloween Costume Isn't Going To Go Over Very Well,2179.0,2179.0,71.0,0.03258375401560349,0.022723885566182364
15530,4255,The Really Easy Way To Check And See If Your Halloween Costume Is Just A Smidge Racist,2262.0,2262.0,52.0,0.022988505747126436,0.017209249752188266
15532,4255,You Want To Go To The Halloween Party Dressed As WHAT?!,1831.0,1831.0,34.0,0.018569087930092845,0.0038637022058003734
15577,4266,"A Dad Used To Say That Word. Until He Met His Son. 
",6967.0,6967.0,128.0,0.018372326682933832,0.027396277262606968
15579,4266,"A Dad Used To Say That Word. Until He Had A Son With Down’s Syndrome. 
",6132.0,6132.0,61.0,0.00994781474233529,0.023734336572223867
15580,4266,"Father Explains Why He’s Building An Armored Heart For His Son With Down’s Syndrome. 
",6349.0,6349.0,66.0,0.010395337848480075,0.0160457869298412
15630,4280,"A Company That Shows What Evil Looks Like, And The Breast Cancer Patients Who Are Fighting Back",6136.0,6136.0,41.0,0.006681877444589309,0.01105729450142556
15631,4280,A Group Of Women Had Something Taken From Them By A Company. Now They're Fighting Back.,5817.0,5817.0,53.0,0.009111225717723912,0.012893607278777565
15632,4280,One Company Decided Not To Share What It Took From Breast Cancer Patients,5440.0,5440.0,49.0,0.00900735294117647,0.008718522520934302
15633,4280,I Didn't Realize It Was Asking To Much To Use Your Own Genetic Data To Survive Cancer,5994.0,5994.0,31.0,0.005171838505171838,0.015149192724068587
15638,4282,The Most Passionate Defense Of Food Stamps I've Seen Yet,6293.0,6293.0,83.0,0.013189257905609408,0.026177502104509403
15639,4282,A Note To Those Who Would Cut Food Stamps When So Many Are Suffering,5525.0,5525.0,27.0,0.004886877828054298,0.016288430844465643
15640,4282,Some Food Stamp Scandals That Will Make You Shake Your Head,6188.0,6188.0,70.0,0.011312217194570135,0.0197489884470386
15641,4282,The Food Stamp Scandals That Nobody Is Talking About On Either Side,6254.0,6254.0,90.0,0.014390789894467541,0.014821119778519786
15667,4290,"If You Live In One Of These States, The Impact Of Washington's Shenanigans Is Huge",5839.0,5839.0,61.0,0.010446994348347319,0.006985230153739372
15668,4290,"If You Live In One Of These States, The Shutdown Probably Shut Down Your Wallet",6132.0,6132.0,48.0,0.007827788649706457,0.015164236645709315
15669,4290,"That One Time When The Country Needed Jobs And Congress Was All, 'Let's Go The Other Way!'",7083.0,7083.0,51.0,0.007200338839474798,0.004692353430355451
15670,4290,Take A Look And See If Your State Was Affected By The Shutdown. Hint: Some Got Hit Worse Than Others.,6471.0,6471.0,54.0,0.008344923504867872,0.010551687864170763
15675,4292,One Company Decided Not To Share What It Took From Breast Cancer Patients,6044.0,6044.0,79.0,0.013070814030443415,0.008718522520934302
15676,4292,One Company Decided Not To Share What Should Belong To Breast Cancer Patients,4091.0,4091.0,58.0,0.014177462723050599,0.008652230154869106
15677,4292,"A Company Decided To Keep What It Took From Cancer Patients, And They're Going To Get Away With It",5165.0,5165.0,80.0,0.015488867376573089,0.012807912721539635
15678,4292,A Company Potentially Holds The Key To Cancer Research. So Why Aren't They Sharing It?,4769.0,4769.0,55.0,0.011532816104005033,0.00995948858927549
15717,4302,Best Arguments For And Against Raising The Minimum Wage Are Right Here,4524.0,4524.0,58.0,0.01282051282051282,0.01784020846093034
15762,4314,"It's Bill Clinton And A Muppet, Need I Say More?",2501.0,2501.0,28.0,0.011195521791283487,0.011241866704978455
15763,4314,What Brings Bill Clinton And A Muppet Together? A Message You Didn't Think Kids Needed To Hear.,2519.0,2519.0,44.0,0.017467248908296942,0.008849946299549844
15765,4314,Bill Clinton And A Muppet Get Real On Sesame Street,2556.0,2556.0,25.0,0.009780907668231613,0.017597143326897855
15855,4337,Ever Seen A Television Institution Half Apologise For Something That's Completely It's Fault?,2674.0,2674.0,59.0,0.022064323111443532,0.027792937568832037
15856,4337,SNL Uses A Famous Actress To Apologize To America About It's Cast,2504.0,2504.0,79.0,0.03154952076677316,0.024729600781577415
15857,4337,"Oprah, Michelle Obama And Beyonce And No One On SNL To Play Them",2758.0,2758.0,43.0,0.01559100797679478,0.02205689673272974
15858,4337,Watch SNL Keep This Black Actress Busy For All The Wrong Reasons,2567.0,2567.0,59.0,0.022984028048305415,0.019345091538506894
15864,4339,Forget Pink Ribbons: The Way This Woman Is Dealing With Her Life After Cancer Is Hardcore,3252.0,3252.0,62.0,0.019065190651906518,0.013503967634195322
15866,4339,I Bet You'll Look At Tattoos A Little Differently After You See How They Helped This Woman,3255.0,3255.0,114.0,0.035023041474654376,0.02164592393886316
15867,4339,The Perfect Way To Break Free From The Hold Cancer Has On Someone's Body,3314.0,3314.0,44.0,0.013277006638503319,0.006494528292118756
15890,4345,The Most Amazing Thing She Ever Did At Her Job Was Quit Like A Freakin' Champion,2089.0,2089.0,65.0,0.031115366203925323,0.019103768175062964
15897,4348,The Eerie Thought About God That The Inventor Of The Nuclear Bomb Had When It Went Off,2223.0,2223.0,81.0,0.03643724696356275,0.020862059258573065
15898,4348,"When The First Nuclear Bomb Went Off, The Inventor Had An Eerie Thought About God",1776.0,1776.0,31.0,0.017454954954954954,0.01841515854583291
15899,4348,Feeling Like A God? You Might Have Just Invented A Nuclear Bomb.,1820.0,1820.0,11.0,0.006043956043956044,0.015775040478165775
15928,4354,"She's Been Arrested, Imprisoned, Exiled And Censored. She's 81 Now, And She’s Just Getting Started. ",4864.0,4864.0,60.0,0.012335526315789474,0.006093805871083077
15929,4354,"70 Years Ago, She Dreamt Of Freedom. 30 Years Ago, They Threw Her In Jail. She's Still Fighting. ",5225.0,5225.0,66.0,0.01263157894736842,0.006270310630172128
16027,4376,Moms And Dads Are Supposed To Protect Their Kids. What These Parents Did Is Unspeakable. ,5574.0,5574.0,165.0,0.029601722282023683,0.03720932769655518
16028,4376,This Matters Because No Parent Should Ever Sell Their Kids For Sex,5246.0,5246.0,81.0,0.015440335493709493,0.01768483618356169
16066,4386,One Of The Only Times I'm Gonna Tell You Racism Is Hilarious,2434.0,2434.0,33.0,0.013557929334428924,0.013555535970349166
16067,4386,I Never Knew Two Sentences Repeated Over And Over Could Get Funnier Every Single Time.,2157.0,2157.0,33.0,0.015299026425591099,0.026787524710717055
16068,4386,An Absolutely Hilarious Skit About What Black People Go Through,2459.0,2459.0,38.0,0.015453436356242375,0.011663813587405297
16069,4386,"This Might Be Funny, But It Actually Happens To My Actor Friends. All The Time.",2059.0,2059.0,15.0,0.007285089849441476,0.027268730464511767
16070,4386,Do You See The Message Behind This Absolutely Hilarious Situation?,1990.0,1990.0,17.0,0.008542713567839196,0.024461846560058537
16092,4392,I Never Knew Two Sentences Repeated Over And Over Could Get Funnier Every Single Time,12182.0,12182.0,387.0,0.031768182564439335,0.028496062141750086
16093,4392,Two Sentences Repeated Over And Over Get Funnier Every Single Time,9738.0,9738.0,308.0,0.031628671185048265,0.02397803158359952
16094,4392,Hear Something Repeated Over And Over That Gets Funnier Every Single Time ,11080.0,11080.0,302.0,0.027256317689530685,0.021803961866437883
16095,4392,Two Sentences Repeated Over And Over Quickly Get Funnier And Funnier,10583.0,10583.0,290.0,0.02740243787205896,0.024057802403364296
16123,4399,Want An Easier Way To Hide Corrupt Money? Here's Your Answer.,10408.0,10408.0,46.0,0.004419677171406611,0.011621907070721634
16124,4399,A Scarily Accurate Parody That Shows The Reality Of Fake Companies Created To Hide Corrupt Profits,10249.0,10249.0,57.0,0.005561518196897259,0.015115080257048568
16126,4399,"Do You Want To Deal Guns, Drugs Or Women, AND Save Your Money? Look No Further!",10861.0,10861.0,35.0,0.003222539361016481,0.01197596902036568
16205,4418,I First Heard This Veteran's Words A Few Years Ago. They Still Send Chills Down My Spine.,7667.0,7667.0,86.0,0.011216903612886396,0.01991783412932335
16207,4418,"What War Really Is, By An Iraq Vet Who Decided To Speak Out",8492.0,8492.0,72.0,0.008478568064060292,0.012340477179311263
16208,4418,What Speaking Truth To Power Means To One Veteran,9233.0,9233.0,56.0,0.006065200909780136,0.01
16261,4430,"Heard Of Blood Diamonds? There Are Also Blood Chocolates, Blood Phones — Even Blood Blood-Thinners.",11329.0,11329.0,46.0,0.0040603760261276375,0.007275201949645463
16262,4430,What He Has To Say About Your Favorite Products And Brands Should Do More Than Worry You,10446.0,10446.0,98.0,0.009381581466590082,0.011068428600174166
16263,4430,There's A Lot More To 'Made In China' That Any Of Us Realizes,11612.0,11612.0,76.0,0.006544953496383052,0.01052044544641132
16264,4430,"Your Phone Isn't Innocent. Neither Are Chocolates, Diamonds, Or Cottons. Not Even Blood-Thinners.",12695.0,12695.0,49.0,0.00385978731784167,0.001936184524915792
16309,4442,This Incredible Timelapse Shows Us One Homeless Veteran's Transformation,6467.0,6467.0,175.0,0.02706046080098964,0.01757712655299369
16310,4442,All It Takes Is Two Minutes To See How Dignity And Respect Can Change A Man,7539.0,7539.0,137.0,0.018172171375513992,0.020569546095403374
16311,4442,R.E.S.P.E.C.T. See How Far A Little Dignity Takes This Homeless Veteran,8364.0,8364.0,94.0,0.011238641798182687,0.01221640765471774
16312,4442,"In Two Minutes, You’ll See How Dignity And Respect Can Change A Man
",8603.0,8603.0,175.0,0.02034174125305126,0.024647967178576723
16313,4442,See How Far A Little Dignity And Respect Takes This Homeless Veteran,7022.0,7022.0,76.0,0.01082312731415551,0.01479192341409369
16335,4448,You Will No Longer Wonder What The Farmer Says After You See This,9379.0,9379.0,129.0,0.013754131570529907,0.012543620428215203
16336,4448,You Will Never Look At Farming The Same Way Agains After Watching This,10265.0,10265.0,174.0,0.01695080370189966,0.013290292602120411
16337,4448,"Forget What The Fox Says, These Farmers Are Actually Using Real Words Like 'Work' And 'Corn'",9484.0,9484.0,92.0,0.009700548291859975,0.006006804320694119
16342,4450,"Brother, Can You Spare An Unemployment Extension?",13991.0,13991.0,81.0,0.005789436066042456,0.0046841379819653455
16344,4450,"Forget The 'War On Christmas,' What About The War On The Unemployed?",12998.0,12998.0,76.0,0.005847053392829666,0.005955452419190225
16345,4450,Food Banks Around The Country Are About To Get More People In Line Than Ever Before,13070.0,13070.0,95.0,0.0072685539403213465,0.0043835091077582605
16346,4451,This 4 Minute Video Is The Closest Most Of Us Will Get To Floating In Space,12800.0,12800.0,134.0,0.01046875,0.013473972946905177
16347,4451,Neil DeGrasse Tyson Shares The Most Astounding Fact About The Universe,13562.0,13562.0,186.0,0.013714791328712578,0.023594233261096668
16348,4451,Does Floating Through Space With Neil DeGrasse Tyson Narrating Sound Cool? Then This Is Your Stop.,13248.0,13248.0,87.0,0.006567028985507246,0.006479250752141784
16349,4451,An Incredible Mashup Of The Universe That’ll Make You Want To Take Joyride In A Rocket,14048.0,14048.0,142.0,0.010108200455580866,0.005811910752510682
16366,4456,What She Gives These Kids – Who Never Belonged In Prison – Is Wonderful,7346.0,7346.0,68.0,0.009256738361012797,0.011796744592305172
16368,4456,These Children Don't Deserve What Life Dealt Them. She Offers Them A New Hand.,7248.0,7248.0,49.0,0.006760485651214128,0.006323910411634133
16369,4456,She Helps People Escape From Prison For The Best Reason Possible.,6863.0,6863.0,56.0,0.008159696925542765,0.019335396266320422
16486,4487,A Hypnotizing Way To Visualize The Panic And Scale Of War,5269.0,5269.0,55.0,0.010438413361169102,0.014323916761712966
16487,4487,Bright Flashing Colors Give World War II A Facelift. It's Equal Parts Hypnotizing And Unsettling.,5269.0,5269.0,65.0,0.012336306699563485,0.01502048624186264
16488,4487,A Brand New Way To Visualize The Panic And Scale Of War,5721.0,5721.0,65.0,0.011361650061178116,0.011719362193793562
16489,4487,A Visualization Of World War II Like You've Never Seen Before,5740.0,5740.0,133.0,0.023170731707317073,0.02390858752224479
16494,4489,An Off-Duty Cop Gets Thrown Up Against A Wall And Frisked,4161.0,4161.0,81.0,0.01946647440519106,0.011016898984148028
16495,4489,"When Off-Duty Cops Are Getting Thrown Against Walls And Frisked, It's Time To Reexamine That Policy",4161.0,4161.0,48.0,0.011535688536409516,0.007773002245683358
16496,4489,What Does A Cop Think About The Stop-And-Frisk Policy? I'll Ask Him When He Gets Done Being Frisked.,3917.0,3917.0,46.0,0.011743681388817973,0.01371458348202936
16497,4489,"These Off-Duty Cops Are Getting Thrown Against Walls And Frisked. It's Poetic, But It's Not Justice.",3869.0,3869.0,45.0,0.011630912380460066,0.005165409366110946
16498,4490,"Sorry, America, But The 'Pursuit Of Happiness' Isn't Going To Cut It Anymore",5347.0,5347.0,35.0,0.0065457265756498975,0.014404409891610605
16499,4490,"If You're Living In A Developed Country, But You're Not Happy, What Are You Doing Wrong?",5201.0,5201.0,55.0,0.010574889444337628,0.010163620492486205
16500,4490,"If A Government Can't Be Responsible For Your Happiness, Why Have A Government At All?",5636.0,5636.0,14.0,0.00248403122782115,0.010018932241182485
16501,4490,Why The People In Bhutan Are Significantly Happier Than You Are,4707.0,4707.0,32.0,0.006798385383471425,0.015166426040035432
16502,4490,Why People Living In Bhutan Live Much Happier Lives Than You,4742.0,4742.0,35.0,0.007380851961197807,0.015016283372379396
16569,4507,"Behold, The Embarrassing Statistic That Too Many Major Universities Have In Common",3936.0,3936.0,85.0,0.021595528455284552,0.016164417759534318
16570,4507,"Behold, The Embarrassing Fail That Too Many Major Universities Seem To Have In Common",4100.0,4100.0,85.0,0.020731707317073172,0.020462282543469726
16579,4511,What Made The Real Piper From 'Orange Is The New Black' Pull A Blanket Over Her Head And Cry? ,4685.0,4685.0,88.0,0.018783351120597654,0.021531487533448343
16580,4511,Ex-Convicts Are Hiding Something From Society. But It's Not What You Think. ,5110.0,5110.0,127.0,0.024853228962818004,0.022590615133176464
16581,4511,"Yeah, But She Didn't Think She'd End Up In Prison Either. ",4874.0,4874.0,150.0,0.030775543701272057,0.016987566951123616
16582,4511,"Thousands Of Miles In The Air, The Rattle Of Chains Was Constant. Listen To What It Taught Her. ",5912.0,5912.0,138.0,0.02334235453315291,0.017050803978948127
16610,4519,"This ""Super-Sized"" Random Act Of Kindness Is Sure To Brighten Your Day ",3422.0,3422.0,68.0,0.019871420222092345,0.02273242956203484
16611,4519,"This ""Super-Sized"" Random Act Of Kindness Is Sure To Brighten Your Day ",3355.0,3355.0,90.0,0.026825633383010434,0.02273242956203484
16641,4529,This Marine Doesn't See Herself As A Victim. She Sees Herself As A Catalyst For Change.,7528.0,7528.0,107.0,0.014213602550478214,0.004854042343657538
16642,4529,A Marine Was Sexually Assaulted. Her Commander Said She Deserved It For Wearing Running Shorts!?,7005.0,7005.0,185.0,0.026409707351891507,0.016507675248523083
16672,4537,"I Wasn't A ""Lipstick Straight Girl"" Before I Came Out As Gay, Why Am I Now A ""Lipstick Lesbian""?",4920.0,4920.0,140.0,0.028455284552845527,0.011938065619402182
16673,4537,"Gaydar 101, 102, 103, And 104",5478.0,5478.0,161.0,0.029390288426433004,0.018068584498700177
16674,4537,A Quick Guide To Identifying Someone's Sexual Orientation By Appearance Alone,4326.0,4326.0,161.0,0.0372168284789644,0.017149549961849368
16675,4537,I'm Gay. I Also Like Spinach. You Shouldn't Assume Either Without Talking To Me First.,4092.0,4092.0,101.0,0.024682306940371455,0.005991968525418369
16676,4537,The Dating Tip That Should Be Spreading Around The Interwebs Like Wildfire,4588.0,4588.0,165.0,0.03596338273757629,0.009308258020339126
16677,4537,This Starts With How We Decorate Our Babies' Rooms So It's No Surprise We're Still Dealing With This,4797.0,4797.0,120.0,0.025015634771732333,0.007606663538426947
16678,4537,She's Gay. She Also Like Spinach. You Shouldn't Assume Either Without Talking To Her First.,4790.0,4790.0,132.0,0.02755741127348643,8.061196104796643e-05
16679,4537,Test Your Gaydar!,5363.0,5363.0,157.0,0.029274659705388777,0.017937978020564176
16725,4549,Behold The Power Of A Positive Attitude And One Spectacular Young Man,4815.0,4815.0,31.0,0.006438213914849429,0.0190737727538596
16726,4549,This 21 Year-Old Proves That Happiness Is At Least As Much About Attitude As It Is Circumstance,4618.0,4618.0,27.0,0.00584668687743612,0.018974882583536162
16797,4565,And Now For Your 1 Minute Of Inspiration,4372.0,4372.0,43.0,0.009835315645013724,0.003792834595084685
16798,4565,1 Minute Of Solid Inspiration For The Week. You're Welcome.,3876.0,3876.0,34.0,0.008771929824561403,0.0049210823052652465
16799,4565,Looking For A Quick Fix That Inspires You To Get Things Done? Here It Is!,3726.0,3726.0,38.0,0.010198604401502952,0.002304185632113525
16863,4581,A Jon Stewart Panel On Racism. Brought To You By All That Is Good And Holy.,4195.0,4195.0,81.0,0.019308700834326578,0.017017113701299158
16864,4581,That Time Jon Stewart Did A Panel On Racism And Made The Whole Internet Laugh,3912.0,3912.0,122.0,0.031186094069529654,0.020974032300885192
16865,4581,That Time Jon Stewart Did A Panel On Racism And Made The Whole Internet Laugh,3699.0,3699.0,99.0,0.0267639902676399,0.020974032300885192
16866,4581,A Jon Stewart Panel On Racism. Brought To You By All That Is Good And Holy.,3726.0,3726.0,70.0,0.01878690284487386,0.017017113701299158
16954,4605,And Now For Your 1 Minute Of Inspiration — Why We Work Together,4139.0,4139.0,66.0,0.015945880647499397,0.007658102276686386
16955,4605,And Now For Your 1 Minute Of Inspiration — How Change Happens,4435.0,4435.0,94.0,0.021195039458850057,0.0005311142105733462
16956,4605,And Now For Your 1 Minute Of Inspiration — Why We Seek Each Other Out,3771.0,3771.0,59.0,0.015645717316361708,0.002221123129420523
16957,4605,And Now For Your 1 Minute Of Inspiration — The Secret To Changing Things Is...,3583.0,3583.0,57.0,0.01590845660061401,0.01
16978,4611,What Living On Tips Means To Millions Of Americans,4033.0,4033.0,25.0,0.0061988594098685845,0.0064811974731944395
16979,4611,"Not Tipping Or Under-Tipping Is A Sexist Act. There, I Said It.",3734.0,3734.0,37.0,0.00990894483128013,0.017042528006657624
16980,4611,What Living On Tips Is Really Like,4228.0,4228.0,32.0,0.007568590350047304,0.007932120858894547
17161,4654,"If 3 Little Girls Did This To My House, I'd Do Everything I Could To Get Them Full Rides To Stanford",6388.0,6388.0,131.0,0.02050720100187852,0.018779994346158145
17162,4654,"If 3 Little Girls Did This To My House, I'd Do Everything I Could To Get Them Full Rides To Berkeley",6274.0,6274.0,100.0,0.015938795027095953,0.015055613258685856
17238,4672,Why You Might Want To Stop Whining About Your Family Over The Holidays ,4313.0,4313.0,39.0,0.009042429863204266,0.0104546014782617
17239,4672,"Yesterday, His Dad Died. Today, He Tells Us This. ",4550.0,4550.0,122.0,0.026813186813186812,0.022701440846796844
17240,4672,Why Would He Come Into Work A Day After Such A Personal Tragedy? He Has Something To Tell Us. ,3789.0,3789.0,94.0,0.02480865663763526,0.018262424275388926
17260,4677,"There Are 28,000 Homeless Children Living In OC, California — Hear One Of Their Stories",3294.0,3294.0,23.0,0.006982392228293868,0.009848744561179908
17261,4677,Hear Mark Explain What It's Really Like To Have No Home,3721.0,3721.0,26.0,0.006987368986831497,0.006214597092538694
17262,4677,"A Beautifully Shot Advocacy Video About A Young Boys Experience Being Homeless In OC, California",3295.0,3295.0,18.0,0.005462822458270106,0.017297891796675055
17263,4677,"The Reality Homeless Children Live —Told By Mark, 10 Years Old",3355.0,3355.0,29.0,0.008643815201192251,0.017347375262398414
17274,4680,In 3 Minutes You're Going To Learn What No One Wants To Hear About Those Cancelled Health Plans,9138.0,9138.0,124.0,0.0135697089078573,0.011472905071247656
17275,4680,It Takes Less Than 3 Minutes To Explain What No One Wants To Hear About Those Cancelled Health Plans,7860.0,7860.0,90.0,0.011450381679389313,0.01016824623827371
17284,4683,The Opposite Of Those Expensive Online Schools On The Commercials,5434.0,5434.0,43.0,0.00791313949208686,0.01
17285,4683,Educating The World? For Free? Game. On.,5816.0,5816.0,50.0,0.00859697386519945,0.005726593420029057
17287,4683,"He Was Tutoring His Cousins, So Naturally, He Took His Lessons Worldwide.",5720.0,5720.0,82.0,0.014335664335664336,0.003957566785705828
17295,4686,The Simplest Way Ever To Stop Bullying From Happening,6989.0,6989.0,113.0,0.016168264415510086,0.011324034007540392
17296,4686,"The Most Simple, Beautiful Gesture That Can Turn A Crowd To Love Instead Of Hate",6900.0,6900.0,126.0,0.018260869565217393,0.021594805862345866
17297,4686,What It Means To Support Our LGBTQ Friends In One Uplifting Clip,5916.0,5916.0,66.0,0.011156186612576065,0.011509170893697764
17298,4686,"When A Simple Gesture Of Love Spreads From Two Boys To A Whole Room, You Can Feel The Tide Turn",6785.0,6785.0,127.0,0.018717759764185705,0.020011637066047454
17299,4686,There's A Certain Magic That Happens When A Roomful Of People Shows A Little Love,6998.0,6998.0,86.0,0.012289225492998,0.013306793569446296
17366,4706,"10 Reasons To Love Science, With The Awesome Neil deGrasse Tyson",8359.0,8359.0,81.0,0.009690154324679985,0.004069634763609003
17367,4706,"Science Is Awesome, And Neil deGrasse Tyson Breaks Down Why",8346.0,8346.0,64.0,0.007668344116942248,0.008084074248763238
17368,4706,Neil deGrasse Tyson + Science Real Talk = Awesome,7959.0,7959.0,65.0,0.008166855132554341,0.00806688915560231
17375,4708,Someone You Might Not Expect Makes A Speech You Will Not Forget ,5141.0,5141.0,105.0,0.020424042015172145,0.027027078889670434
17376,4708,Someone You Might Not Expect Makes A Speech You Will Not Forget ,4509.0,4509.0,88.0,0.019516522510534488,0.027027078889670434
17377,4708,Someone You Might Not Expect Makes A Speech You Will Not Forget ,4251.0,4251.0,75.0,0.017642907551164433,0.027027078889670434
17508,4741,They Did It 86 Times To Every Other President Combined. 82 Times To Obama Alone.,5943.0,5943.0,114.0,0.019182231196365473,0.009290974282653075
17509,4741,Ever Get The Feeling Obama's Been Treated A Little Differently? You're Not Imagining Things.,5518.0,5518.0,96.0,0.017397607828923523,0.01661802677563943
17510,4741,Don't Like What Obama Has Done In Office? Check Out What They've Done To Him.,5218.0,5218.0,96.0,0.018397853583748562,0.02223186303562751
17511,4741,It Happened 86 Times Before In History. They Did It To Obama 82 Times.,5228.0,5228.0,92.0,0.017597551644988524,0.010294101915502197
17520,4744,A Church Told A Pastor That He Couldn't Preside Over His Son's Wedding. He Responded Appropriately.,4566.0,4566.0,111.0,0.02431011826544021,0.023672838717839463
17521,4744,A Church Told A Pastor That He Couldn't Preside Over His Son's Wedding. He Responded Like A Person.,4471.0,4471.0,112.0,0.0250503243122344,0.02269740936870079
17522,4744,A Church Told A Pastor That He Couldn't Preside Over His Son's Wedding. He Responded Like A Dad.,4490.0,4490.0,125.0,0.02783964365256125,0.024767555692418317
17523,4744,A Church Told A Pastor That He Couldn't Preside Over His Son's Wedding. It Backfires Predictably.,4302.0,4302.0,108.0,0.02510460251046025,0.023557279222209376
17569,4756,"Young Teen Spends Three Years In Jail For ... Hmm, No One Can Answer That.",5444.0,5444.0,67.0,0.01230712711241734,0.021175018482578405
17570,4756,Police Make Honest Mistakes. But A Young Boy Shouldn't Have To Spend Three Years In Jail For Them.,5502.0,5502.0,47.0,0.008542348237004725,0.01876519210933235
17571,4756,"Careful, Walking On The Street May Now Come With A 3-Year Jail Sentence",5234.0,5234.0,47.0,0.008979747802827665,0.018262862162766607
17572,4756,"After Spending 3 Years In Jail For No Reason, This Teenager Finally Gets A Chance To Speak Out",5349.0,5349.0,78.0,0.014582164890633763,0.02181262718658344
17605,4765,This Is The Sequel To The Hunger Games That You Already Paid For,1817.0,1817.0,31.0,0.0170610897083104,0.021515554410307846
17607,4765,I Like The Hunger Games. I'm Sharing This Anyways.,1860.0,1860.0,46.0,0.024731182795698924,0.01863075302810707
17852,4825,Hear What This Guy Figured Out About Spending Money And Happiness Before Going Shopping On Friday,3899.0,3899.0,32.0,0.008207232623749679,0.012230763169950445
17853,4825,Hear This Harvard Guy Talk About Spending Money And Happiness Before Going Out Shopping On Friday,3711.0,3711.0,40.0,0.010778765831312315,0.011064155566256536
17912,4841,"Hey There, Person Who Doesn't Think You're A Feminist. You Probably Actually Are.",5641.0,5641.0,96.0,0.017018259173905335,0.00788350653885303
17913,4841,You're Probably A Feminist Too,5431.0,5431.0,48.0,0.008838151353341926,0.00946850062928866
17914,4841,Is It Possible You're A Feminist And Don't Even Realize It?,5560.0,5560.0,48.0,0.008633093525179856,0.016603173857558037
17915,4841,Ten Dollars Says You're A Feminist (If You Say You're Not) And You Just Don't Know It Yet,5275.0,5275.0,44.0,0.008341232227488152,0.00523106646878993
17929,4845,It's Shocking How Much Cash This Person Would Make If They Didn't Love Their Adorable Client So Much,4305.0,4305.0,41.0,0.009523809523809525,0.014038892444480203
17930,4845,It's Shocking How Much Money These Women Would Make If They Didn't Love Their Client Soooo Much,4771.0,4771.0,37.0,0.007755187591699853,0.015429565409119007
17931,4845,It's Astonishing How Much Cash This Person Would Make If They Didn't Love Their Client So Completely,4244.0,4244.0,33.0,0.007775683317624882,0.018307186121047724
17932,4845,It's Amazing How Much Money This Lady Would Make If She Didn't Love Her Client As Much As She Does,4285.0,4285.0,33.0,0.007701283547257876,0.017246254118132066
17957,4851,Female Journalist Can't Believe Actress Could Criticize India That Way. She Gets A Lesson.,4184.0,4184.0,64.0,0.015296367112810707,0.03363681424591989
17958,4851,Bollywood Actress Given Chance To Apologize For Criticizing India. She Fights Back Instead.,4192.0,4192.0,81.0,0.019322519083969467,0.02847796873585611
17959,4851,"She's Not Sorry For What She Said. In Fact, She's Just Getting Angrier.",4124.0,4124.0,83.0,0.020126091173617848,0.016502653235110576
17960,4851,"Mallika Sherawat Stands up For Women's Rights In Her Country, And Publicly Fights For Them",3840.0,3840.0,22.0,0.005729166666666666,0.020357039167699344
18043,4872,Want To Save Our Local Economy With Something Delicious? Just Add Kevin Bacon.,4501.0,4501.0,33.0,0.007331704065763164,0.0019007007017464526
18044,4872,"Ever Play 6 Degrees Of Kevin Bacon? Well It's Like That, But With More Holiday Cheer.",4879.0,4879.0,68.0,0.013937282229965157,0.01
18045,4872,How We All Can Be 6 Degrees Of Kevin Bacon This Holiday Season,4528.0,4528.0,46.0,0.010159010600706713,0.01
18091,4882,Some Creepy Dudes Said Some Creepy Things To This Reporter. So She Is Calling Them Out In Public.,2603.0,2603.0,101.0,0.03880138301959278,0.03215264695781708
18092,4882,Some Creepy Guys Said Some Creepy Things To This Reporter. So She Is Calling Them Out In Public.,2757.0,2757.0,113.0,0.04098657961552412,0.032369778350057735
18102,4886,"If I Heard About A Stampede Of People Four Days AFTER Black Friday, I Might Be Happy",4641.0,4641.0,43.0,0.009265244559362206,0.005094182432182185
18103,4886,"A Stampede Of People On This Day, Four Days AFTER Black Friday, Would Be A Very GOOD Thing",4927.0,4927.0,38.0,0.00771260401867262,0.011406742690416685
18104,4886,"A Stampede Of People Four Days After Black Friday? That Would Be A Very Good Thing, In This Case.",5328.0,5328.0,49.0,0.009196696696696696,0.009061723411186402
18174,4902,"I've Gotten Some Pretty Awesome Gifts In My Life, But I Think These Folks May Have Hit The Jackpot",4431.0,4431.0,36.0,0.008124576844955992,0.018817104922011024
18175,4902,"Well I Think They Just Finally Answered The Question, ""Whats The Greatest Gift You Can Give Someone?""",3816.0,3816.0,35.0,0.009171907756813417,0.002919848148560115
18176,4902,"The Totally Free, Live-Saving, Beautiful, Inspiring And Humane Gift You Could Give Someone Someday",4259.0,4259.0,23.0,0.0054003287156609535,0.002183779786922522
18177,4902,"At First I Didn't Get Why They Were Thanking Their Heroes, Then I Realized How Deep It Really Went",4738.0,4738.0,50.0,0.010552975939214858,0.008507325343416408
18192,4906,"We Don’t Hear Enough From Native American Voices. Here’s One, With An Inspiring Message.",5470.0,5470.0,59.0,0.010786106032906764,0.0012030110332179756
18226,4916,A Kid Came Up To Her In The Hall And Told Her She Saved His Life. He Wasn’t The Only One In Tears.,5468.0,5468.0,97.0,0.017739575713240672,0.01245140668386137
18227,4916,"A Kid Came Up To Her And Tearfully Told Her That If He Hadn’t Seen Her Video, He Wouldn’t Be Here",6294.0,6294.0,88.0,0.013981569748967271,0.007765459889020523
18228,4916,"He Said, “If I Hadn’t Seen Your Video Thursday Night, I Wouldn’t Have Been Around To See It Friday”",5505.0,5505.0,66.0,0.011989100817438692,0.00718653084790603
18353,4951,We Should Probably Fix A Few Really Obvious Things That Are Wrong With The Nobel Prize,7706.0,7706.0,42.0,0.005450298468725669,0.013693977106490245
18354,4951,"Wait, The Guy Who Helped Wipe Out Polio Missed Out On The Nobel Prize Due To A Technicality?!",8105.0,8105.0,45.0,0.005552128315854411,0.010686142996430382
18355,4951,Do The Nobel Prizes Still Matter? That's A Tough Question After Considering These Facts.,8046.0,8046.0,54.0,0.006711409395973154,0.003717303030249256
18393,4961,This Ad Totally Nails 5 Double Standards Successful Women Face In Less Than 60 Seconds,5226.0,5226.0,146.0,0.027937236892460773,0.024313788882414818
18461,4978,Watch A Congressman Freak Out When Told To Not Talk About The People Suffering In The Room,5909.0,5909.0,133.0,0.022508038585209004,0.03169245835085044
18462,4978,Watch A Congressman Freak Out When Told To Not Talk About The People Suffering In The Room,5445.0,5445.0,123.0,0.022589531680440773,0.03169245835085044
18463,4978,A Guy Goes Onto The Floor Of Congress And Yells At Congress. SPOILER: He Actually Works In Congress.,4953.0,4953.0,52.0,0.010498687664041995,0.018026678491913493
18464,4978,This Congressman Has An Idea About How To Fix Immigration. It Involves Screaming On The House Floor.,5637.0,5637.0,52.0,0.009224764945893206,0.020829921615179894
18496,4986,This Ad Totally Nails 5 Ridiculous Double Standards Women Face In Less Than 48 Seconds,7204.0,7204.0,358.0,0.049694614103275955,0.02429780528069253
18497,4986,This Ad Totally Nails 5 Ridiculous Double Standards Women Face... In Less Than 60 Seconds,7418.0,7418.0,368.0,0.04960905904556484,0.025993994512822655
18515,4991,This Ad Totally Nails 5 Unfortunate Double Standards Women Face In Less Than 60 Seconds,6990.0,6990.0,263.0,0.03762517882689557,0.030313937695520175
18516,4991,NAILED IT: This Ad Calls Out 5 Ridiculous Double Standards Women Face In Less Than 60 Seconds,7423.0,7423.0,279.0,0.03758588171898154,0.027091694302357666
18517,4991,5 Ridiculous Double Standards Women Face In Less Than 60 Seconds,6236.0,6236.0,233.0,0.03736369467607441,0.03403786802795622
18579,5006,What Do These Scary-Looking People Have To Do With Child Abuse? The Answer Is Pleasantly Surprising.,6475.0,6475.0,129.0,0.019922779922779923,0.012182217394316725
18580,5006,What Do These Scary-Looking Bikers Have To Do With Child Abuse? The Answer Is Pleasantly Surprising.,6226.0,6226.0,109.0,0.017507227754577578,0.013337355288954418
18581,5006,Intimidating-Looking Men + Abused Children: Not Related In The Way We Might Think At First Glance,6089.0,6089.0,119.0,0.01954343898833963,0.008289955906961813
18582,5006,"A Really Cool Example Of Using Stereotypes In A Very Meaningful, Helpful Way",6133.0,6133.0,109.0,0.0177727050383173,0.014069671487687585
18725,5043,"The Future Of The Earth’s Next 100 Years, Visualized",5587.0,5587.0,97.0,0.01736173259352067,0.014664327327262671
18726,5043,"The Future Looks Great (If You Like Acidic Oceans, No Polar Ice, And Rising Seas)",5614.0,5614.0,65.0,0.011578197363733523,0.0008716503178299653
18727,5043,The Effect Of Climate Change Explained By Animated Time-Lapse,6032.0,6032.0,66.0,0.010941644562334218,0.010858642051776507
18728,5043,Want To Know What The Earth's Next 100 Years Might Look Like?,6012.0,6012.0,102.0,0.016966067864271458,0.011482974859762435
18817,5067,When Men Call Each Other These Names They Might As Well Be Hunting For Blood,6129.0,6129.0,50.0,0.008157937673356175,0.011202882511429564
18818,5067,I Wonder If Men Look Each Other In The Eye When They Call Each Other These Names,5981.0,5981.0,52.0,0.008694198294599565,0.019060397702523997
18819,5067,The Way This Poet Talks About Manhood Has Me Questioning Exactly What It Is,6859.0,6859.0,70.0,0.010205569324974486,0.010627726348949748
18879,5083,"Watch This Now, Because If These Humans Don't Do What They Do, These Animals Could Be Extinct",5674.0,5674.0,33.0,0.005816002819880155,0.012936831720902233
18880,5083,This Video Couldn't Have Been Filmed Unless These Awesome Humans Stepped In To Intervene,5925.0,5925.0,41.0,0.006919831223628692,0.01939888422445629
18881,5083,These Animals Could Be Extinct If These Humans Didn't Exist,6308.0,6308.0,39.0,0.006182625237793279,0.010905936675596181
18882,5083,"See These Rhinos While You Can Now, Because If These Humans Didn't Exist, Neither Would They",5491.0,5491.0,29.0,0.005281369513749772,0.007365318005247572
18942,5100,You Know All Those Pics You Post On Instagram? Add A Couple Hashtags And See What Happens Next.,4868.0,4868.0,44.0,0.009038619556285949,0.0137603597980398
18943,5100,She Says: A Small Bit Of Beauty Each Day Can Make A Huge Difference For Your Whole Life. Truth.,5085.0,5085.0,32.0,0.006293018682399214,0.004767175625974443
18944,5100,You Know You Take Zillions Of Photos With Your Cellphone Anyway; Why Not Do This With Them?,5853.0,5853.0,57.0,0.009738595592004101,0.013227049504710651
18945,5100,"One Photo A Day Can Keep The Doctor Away? Maybe, Just Maybe.",5622.0,5622.0,23.0,0.004091070793311989,0.01126861979044112
18967,5107,"Think The UN Is Just A Bunch Of Flags? Well, They're Waving A New One",5500.0,5500.0,38.0,0.006909090909090909,0.0029837346324458874
18968,5107,"Yo, World Leaders! Listen Up To Your Inter-Governmental Body, Why Don't Ya?",5369.0,5369.0,29.0,0.005401378282734215,0.01
18969,5107,"The UN Is Waving A Rainbow-Colored Flag, Y'All!",6225.0,6225.0,45.0,0.007228915662650603,0.007018836876549573
18990,5113,Something All Families Need Right Now — The Hell With Politics,5048.0,5048.0,37.0,0.007329635499207607,0.010919439689056624
18991,5113,These Two Adorable Children Are Excellent Reasons To Pass A No-Brainer Law,6244.0,6244.0,76.0,0.012171684817424727,0.011572878235904338
18992,5113,Meet Two Bite-Sized Reasons Why We Should Join The Rest Of The Developed World Already,5587.0,5587.0,60.0,0.010739216037229282,0.01524848825034784
19036,5126,Feeling Sympathetic Today? Stop It. You're Not Helping.,5471.0,5471.0,62.0,0.011332480350941327,0.008045886297048993
19038,5126,A Doctor Eloquently Destroys The Facade Of A Super-Annoying Sympathetic Friend,6389.0,6389.0,79.0,0.012365002347785255,0.032435286150942946
19088,5140,While This Kid Was Thinking About Public Education I Was Watching Cartoons. And That Was Last Week.,5250.0,5250.0,33.0,0.006285714285714286,0.011160606841238579
19089,5140,"A Kid Answers The Question ""What Do You Want To Be When You Grow Up?"" With SUCH A Clever Answer",5501.0,5501.0,96.0,0.017451372477731323,0.017454787781254637
19090,5140,When I Hear This 13 Year-Old Speak I'm Amazed At How Mature He Sounds. And I Think You Will Be Too.,5546.0,5546.0,61.0,0.010998918139199423,0.021313171496804346
19113,5147,A Teenager Is Going To Tell You Just Why He's So Happy. And You're Going To Want To Listen.,5270.0,5270.0,125.0,0.023719165085388995,0.015560693438094516
19114,5147,"A 13 Year Old Is Going To Tell You Why He's So Happy, And You're Going To Want To Listen",5008.0,5008.0,131.0,0.02615814696485623,0.017339609095192908
19115,5147,"A Kid Just Told Me Why He's Happy, And I'm Much Better Off For Listening",5827.0,5827.0,135.0,0.023168010983353356,0.010330992496548308
19126,5150,The Problem With Celebrity Gossip? They Don't Report Truly Astonishing Behavior Like His.,3435.0,3435.0,88.0,0.02561863173216885,0.022251388178092333
19127,5150,"Paul Walker's Unfinished Masterpiece Revealed. It's Not A Movie, It's Just Astonishingly Terrific.",3026.0,3026.0,62.0,0.020489094514210177,0.027795399384388336
19128,5150,How Come Paparazzis Never Manage To Catch Celebs Engaged In This Type Of Behavior?,3113.0,3113.0,58.0,0.018631545133311916,0.032938110519818986
19154,5158,Not An Exaggeration: This Video Can Actually Help You Save A Loved One's Life One Day,3179.0,3179.0,42.0,0.013211701793016672,0.016937257144706442
19155,5158,"Honest, This Video Can Show You Save How To Save A Loved One's Life One Day",3412.0,3412.0,34.0,0.00996483001172333,0.014996612451366492
19156,5158,As Important As CPR: This Video Can Actually Help You Save A Life One Day,3353.0,3353.0,33.0,0.009841932597673724,0.015563695909807667
19169,5162,The Problem With Celebrity Gossip? They Don't Report Truly Astonishing Behavior Like His.,3220.0,3220.0,60.0,0.018633540372670808,0.02226923554865659
19170,5162,You Probably Heard About Whatever Lindsay Lohan Did This Year. How Come We Didn't Hear About Him?,3613.0,3613.0,70.0,0.01937448104068641,0.027409294322511935
19171,5162,The Problem With Celebrity Gossip? We Never Hear About When Celebrities Act Like Him.,3275.0,3275.0,56.0,0.017099236641221375,0.022998875065600746
19172,5162,The Problem With Celebrity Coverage? They Never Show Is Videos Like His.,3500.0,3500.0,70.0,0.02,0.019693824859041694
19249,5182,A Rallying Cry For Every Fat Girl Who’s Ever Dated A Skinny Guy,5233.0,5233.0,92.0,0.01758073762660042,0.02463034045160277
19251,5182,Everything You Think You Know About Love And Weight Is A Myth. Here’s The Honest Truth.,5912.0,5912.0,103.0,0.017422192151556156,0.009596085767100488
19253,5182,"The Dating Cry For Every Fat Girl Who’s Ever Been Told ‘You’re Not Fat, You’re Beautiful’",5476.0,5476.0,108.0,0.019722425127830533,0.011832741356932026
19255,5182,"When You’re Fat And In Love, People Expect You To Be Insecure. Clearly Those People Never Met Her.",5386.0,5386.0,75.0,0.013924990716672856,0.01619096782299543
19324,5199,Ever Wonder Why You Get A Creepy-Crawly Feeling When There's A Spider Going Up Someone Else's Arm?,2538.0,2538.0,17.0,0.006698187549251379,0.005001785234043784
19326,5199,Empathy: Answers From Science Drawn By Someone Who Knows Their Way Around A Marker,2802.0,2802.0,28.0,0.009992862241256246,0.008554138856809917
19363,5208,Look Smart At Parties! Watch This Excellent Animated Explainer Of ‘Cap And Trade.’,3594.0,3594.0,18.0,0.005008347245409015,0.01
19364,5208,"Cap And Trade Is Definitely, Without A Doubt, The Best Idea Ever. Unless It’s The Worst?",3958.0,3958.0,15.0,0.0037897928246589186,0.010189336726524936
19365,5208,This Video Both Enlightened And Confused Me About Solving Climate Change. That's Why I Love It.,3837.0,3837.0,29.0,0.007557988011467292,0.0092904348157749
19366,5208,Did Corporate America Sell The Environmental Movement On Some Slimy Snake Oil?,4513.0,4513.0,25.0,0.005539552404165743,0.005225725197240657
19442,5228,So Your Girlfriend Says She’s Fat. Here’s Why 'You're Beautiful' Isn't The Best Response.,4440.0,4440.0,125.0,0.028153153153153154,0.025590913269626942
19443,5228,"The Empowering Dating Cry For Every Fat Girl Who’s Ever Been Told ‘You’re Not Fat, You’re Beautiful’",5832.0,5832.0,119.0,0.02040466392318244,0.013705276082117123
19453,5231,"If Someone Did This To My Pizza, I Would Probably Get Them Fired",4416.0,4416.0,85.0,0.0192481884057971,0.022516995843313237
19454,5231,"If A Politician Did This To My Pizza, I Would Probably Get Them Recalled",4405.0,4405.0,35.0,0.007945516458569807,0.019526509803846077
19456,5231,"Dear Politicians: If You Touch My Pizza Like This, I Will Do Everything I Can To Get You Voted Out",4109.0,4109.0,49.0,0.01192504258943782,0.0141540893919469
19457,5231,"Dear Politicians: If You Touch My Pizza, I Will Do Everything I Can To Get You Voted Out",3435.0,3435.0,32.0,0.009315866084425037,0.00871213143500143
19513,5246,"Kids Say The Darndest Things, Like When They Ask To Bum A Smoke",3374.0,3374.0,56.0,0.016597510373443983,0.017726954083972728
19514,5246,An Ad Campaign Targets Smokers With Kids In Pretty Ingenious Way,3281.0,3281.0,87.0,0.026516306004266993,0.016263990793783288
19515,5246,You Need To See The Look On These Smokers' Faces When These Kids Ask For A Lighter,3434.0,3434.0,92.0,0.026790914385556204,0.02782794384748277
19532,5251,Coming Soon To Schools Near You?,4577.0,4577.0,38.0,0.008302381472580292,0.0011206774340380239
19533,5251,What They're Doing To Kids In Pennsylvania Is Dooming Them To Fail,4567.0,4567.0,74.0,0.01620319684694548,0.01685143840803295
19534,5251,Is This The Future Of Education For All Of Our Kids?,5110.0,5110.0,39.0,0.007632093933463796,0.0054674428306113725
19592,5266,He Knows When You're Sleeping. He Knows When You're Awake. He Should Probably Mind His Own ████████.,2258.0,2258.0,35.0,0.01550044286979628,0.00998412836013421
19594,5266,He Knows When You're ████████. He Knows When You're █████. He Should Probably Mind His Own Business.,2340.0,2340.0,31.0,0.013247863247863248,0.010443806265691703
19595,5266,He Knows When You're Sleeping. He Knows When You're Awake. He Also Works For The ███. Sigh.,2077.0,2077.0,32.0,0.015406836783822821,0.007136135892295201
19596,5266,He Knows When You're Sleeping. He Knows When You're Awake. Which Is Why He's The Naughty One.,2258.0,2258.0,43.0,0.01904340124003543,0.005447446126519042
19602,5268,Have You Heard Of Exponential Growth? Because You Will When It Destroys All The Things.,2649.0,2649.0,37.0,0.013967534918837296,0.011104452948129685
19603,5268,"Wait, Is He Comparing Humans On Earth To Cancer Cells? Oh, So That's The Point.",2678.0,2678.0,51.0,0.019044062733383122,0.003798298398575071
19604,5268,"How Does It Feel To Be Living In The 59th Minute Of Our 60 Minutes On Earth? Yup, I'm Scared Too.",2751.0,2751.0,62.0,0.022537259178480554,0.01581865067823264
19641,5279,Still Need A Holiday Gift For Your Bestie? This One Promises A Wet And Wonderful Ripple Effect.,3236.0,3236.0,10.0,0.0030902348578491965,0.006435552418347594
19643,5279,Are All Your Last-Minute Holiday Gift Ideas Seeming A Little Too Dry? Here's A Fix For That.,3329.0,3329.0,18.0,0.0054070291378792434,0.013161873287184215
19644,5279,Knock Off 'Great Karma' And 'Last-Minute Holiday Gift' In One Go? Done And Done.,3586.0,3586.0,16.0,0.004461795872838818,0.003059480520328949
19705,5295,A Dude Trying To Ban Abortions Is Asked A Question He Never Considered.,3439.0,3439.0,207.0,0.06019191625472521,0.030500367510749325
19706,5295,A Dude Trying To Ban Abortions Is Asked A Question He Never Considered.,3792.0,3792.0,221.0,0.05828059071729958,0.030500367510749325
19866,5338,See These Two Singers Do An Amazing Cover Of Beyonce's Song About The Dangerous Standards Of Beauty,3062.0,3062.0,80.0,0.02612671456564337,0.029060551142773474
19867,5338,Watch The Incredible Cover These Two Singers Do Of A Beyonce Song About The Strive For Beauty,3054.0,3054.0,66.0,0.021611001964636542,0.021549896058572677
19868,5338,Hear These Two Singers Do A Stunning Cover Of Beyonce's Song About The Dangerous Standards Of Beauty,2950.0,2950.0,86.0,0.029152542372881354,0.028118149183494392
19869,5338,"Beyonce Released A Song About The Dangerous Standards Of Beauty, And These Girls Do An Amazing Cover",2975.0,2975.0,89.0,0.02991596638655462,0.03657095623009966
19911,5349,The Starting Point For Helping Working Folks Get Back On Their Feet Is Right Here,3355.0,3355.0,24.0,0.007153502235469449,0.005596843081839648
19912,5349,The Starting Point For Helping Americans Get Back On Their Feet Is Right Here,3263.0,3263.0,28.0,0.008581060373889058,0.002222595472765578
19913,5349,Is This The Starting Point For Getting This Country Back On Its Feet?,3253.0,3253.0,22.0,0.006762988011066708,0.016080140340746937
19936,5355,Having A Bad Day? Take A Listen. Having A Great Day? Pay Close Attention.,2723.0,2723.0,81.0,0.0297466030113845,0.010014786868265749
19937,5355,46 Things You Should Really Hear When You're Having A Bad Day,2803.0,2803.0,113.0,0.04031394933999286,0.01988364346902499
19940,5355,"Everyone Has Bad Days. Next Time You're Feeling Blue, Follow These Simple Instructions.",2794.0,2794.0,89.0,0.03185397279885469,0.012350283524988384
19949,5358,Public Figures And Media Personalities Occasionally Mess Up. This Is What A Real Apology Looks Like.,2661.0,2661.0,68.0,0.025554302893649003,0.02238729086061171
19952,5358,"Well, How Refreshing! A TV Personality Says Something Offensive. And Then Is Genuinely Sorry.",2772.0,2772.0,67.0,0.024170274170274172,0.027409523824909833
20025,5378,"Fighting For The Rights Of All People Is Pretty Noble, Right?",2458.0,2458.0,34.0,0.013832384052074858,0.005389277718760115
20026,5378,"Non-Violence And Justice Are Great Ways To Move People, Right?",3028.0,3028.0,25.0,0.008256274768824307,0.005608195560335106
20027,5378,"Non-Violence, Justice, & Fighting For The Rights Of All People. Just Another Day For This Guy.",2712.0,2712.0,36.0,0.01327433628318584,0.01
20041,5381,14 Fact-Checked Things To Help Your Pessimistic Friends Complain Less About How Awful The World Is,3407.0,3407.0,94.0,0.027590255356618725,0.02073859066515602
20042,5381,14 Fact-Checked Things To Make Your Pessimistic Friends Complain Less About How Bad It's Getting,3476.0,3476.0,96.0,0.02761795166858458,0.01800345947074123
20043,5381,14 Fact-Checked Things To Calm Your Pessimistic Friends Who Freak Out About The World Collapsing,3537.0,3537.0,77.0,0.021769861464517953,0.01818560075599436
20045,5382,"Speaking Of The 1% ... Here Are The 1% Of The 1%, And They Have A Shocking Impact On Something Huge",3243.0,3243.0,24.0,0.0074005550416281225,0.007631643470195976
20046,5382,"Nevermind the 1%. Here Are The 1% Of The 1%, And They Bought Everybody Last Year",3588.0,3588.0,28.0,0.007803790412486065,0.008508262380784188
20047,5382,"Forget the 1%. Here Are The 1% Of The 1%, And They Vote With Their Dollar Bills",3381.0,3381.0,21.0,0.006211180124223602,0.013667505199599776
20070,5387,14 Fact-Checked Things To Make Your Pessimistic Friends Realize Our World Isn't That Bad,3479.0,3479.0,97.0,0.027881575165277377,0.021297792844405396
20071,5387,14 Fact-Checked Things To Make Your Pessimistic Family Realize Our World Isn't That Bad,3352.0,3352.0,69.0,0.02058472553699284,0.015820688171111003
20072,5387,14 Fact-Checked Things To Make Those Pessimistic Friends Realize Our World Isn't That Bad,3394.0,3394.0,97.0,0.028579846788450207,0.019303844086214147
20073,5387,14 Fact-Checked Things To Make My Pessimistic Friends Realize Our World Isn't That Bad,3358.0,3358.0,93.0,0.02769505658129839,0.020449687322819234
20074,5387,14 Fact-Checked Things To Make Your Pessimistic Friends Realize Our World Isn't All Bad,3569.0,3569.0,112.0,0.031381339310731296,0.020182501984574584
20075,5387,14 Fact-Checked Things To Make Your Pessimistic Friends Realize Our World Isn't A Factory Of Awful,3404.0,3404.0,113.0,0.033196239717978845,0.01664436332910446
20076,5387,14 Fact-Checked Things To Make Your Friends Realize Our World Isn't A Factory Of Sadness Cookies,3104.0,3104.0,69.0,0.02222938144329897,0.012592968333439057
20077,5387,14 Fact-Checked Things To Make Your Friends Complain Less About How Awful Our World Is,3486.0,3486.0,98.0,0.028112449799196786,0.0164404649399051
20280,5435,"Honey Bees Are Vanishing, And Surprise! It's Not Because Of Aliens.",2296.0,2296.0,15.0,0.006533101045296167,0.004683980733522067
20281,5435,"This Video Makes Me Wanna Hug A Honey Bee, But That's Probably A Bad Idea",2316.0,2316.0,20.0,0.008635578583765112,0.0033008600404276275
20283,5435,What's Going On With The Bees Is Kinda A Problem If You Like Eating Food,2337.0,2337.0,21.0,0.008985879332477536,0.010287165487099775
20284,5435,"Bees Are Vanishing. And If You're Not Scared, You Should Probably Watch This.",2253.0,2253.0,17.0,0.007545494895694629,0.010630452402242373
20285,5435,"If You Like Eating Food At All, What's Happening To The Bees Might Just Be A Problem",2257.0,2257.0,17.0,0.007532122286220647,0.008158572304149328
20286,5435,Fun Bee Fact: Bees Pollinate 1/3 Of Your Food. Unfun Bee Fact: They're All Dying.,2193.0,2193.0,15.0,0.006839945280437756,0.007854233739119712
20287,5435,"Don't Swat That Bee! Unless, Like, You Don't WANT The 1/3rd Of Your Food It Pollinates.",2177.0,2177.0,7.0,0.003215434083601286,0.005902281775472761
20327,5447,"A Rare Disease Just Took 17-Year-Old Sam’s Life, But Oh, What A Happy Life It Was",2865.0,2865.0,20.0,0.006980802792321117,0.019965293459895415
20328,5447,"Sam Just Lost His Life To A Rare Disease, But It's The Battles He Won He'd Like To Tell You About",2762.0,2762.0,24.0,0.008689355539464157,0.01826441774373707
20329,5447,How Did Sam Accomplish So Much In His Short 17 Years Of Life? He Had Three Secrets.,2859.0,2859.0,36.0,0.012591815320041973,0.014570530110775014
20330,5447,"Right Before Dying From A Rare Life-Long Disease, Sam Revealed His Three Secrets To Happiness",2850.0,2850.0,40.0,0.014035087719298246,0.02129525522145861
20371,5459,The Next 4 Minutes Might Change The Way You Think About Climate Change,2167.0,2167.0,18.0,0.008306414397784956,0.009460153194171709
20373,5459,Is It Funny Or Sad That So Many People Still Think Global Warming Doesn't Exist? I'll Let You Pick.,2210.0,2210.0,15.0,0.006787330316742082,0.008459589595753995
20374,5459,"Remember That One Time Donald Trump Said Global Warming Was B.S. On Twitter? Yeah, He Was Wrong.",2199.0,2199.0,15.0,0.0068212824010914054,0.007130082394903023
20409,5469,A Trivia Question Many People Couldn't Answer Correctly The First Time Around,2345.0,2345.0,29.0,0.012366737739872069,0.016930616168952056
20410,5469,I Wish I Had Stats On How Many People Don't Know How To Answer This Question. Wait. No I Don't.,2368.0,2368.0,21.0,0.008868243243243243,0.009562676244192977
20411,5469,"Seems Like A Simple Question ... Yet, People Have A Real Hard Time Getting To The Right Answer",2258.0,2258.0,21.0,0.009300265721877768,0.010973407975655651
20412,5469,Should We Be Concerned That A Lotta People Don’t Instantly Know The Answer To This Question?,2255.0,2255.0,27.0,0.01197339246119734,0.020605853053896332
20443,5478,How Yogurt Commercials Are Totally Sexist,2348.0,2348.0,22.0,0.009369676320272573,0.021473860793776153
20445,5478,"A Caricature Of Women, Care Of Yogurt Companies",2301.0,2301.0,31.0,0.013472403302911778,0.01645011120662644
20446,5478,"Yogurt Commercials: Like 'The Song That Doesn't End', But With Misogyny!",2329.0,2329.0,30.0,0.012881064834693002,0.018682570483448728
20451,5480,Be Right Back! Right After Your Commercial Break Full Of Female Stereotypes.,2832.0,2832.0,31.0,0.010946327683615819,0.015927632355928954
20452,5480,"We'll Be Back, Right After Your Commercial Break Full Of Female Stereotypes",2847.0,2847.0,41.0,0.014401123990165085,0.013506006157371055
20453,5480,"The Smooth, Tart, Creamy Taste Of Stereotypes",2927.0,2927.0,30.0,0.010249402118209771,0.008219750143777332
20465,5484,"To The Middle School Kid Whose Life Is Misery, Here's A Special Message To You From A Wise Nerd",5224.0,5224.0,81.0,0.015505359877488514,0.009052430799735596
20466,5484,"To The Middle School Kid Whose Life Is Miserable, Here's A Special Message To You From A Giant Nerd",5297.0,5297.0,70.0,0.013215027373985274,0.009786867653956012
20467,5484,"To The Middle School Kid Whose Life Is Misery, Here's A Message To You From A Warrior Nerd",5205.0,5205.0,57.0,0.01095100864553314,0.011473404549510558
20468,5484,"To The Middle School Girl Whose Life Is Misery, Here's A Special Message To You From A Giant Nerd",5154.0,5154.0,79.0,0.0153279006596818,0.012749730478517797
20469,5484,"To The Middle School Kid Whose Life Is Misery, Here's A Special Message To You From A Classy Nerd",5206.0,5206.0,77.0,0.014790626200537841,0.009728096496803989
20470,5484,"To The Middle School Kid Whose Life Is Misery, Here's A Special Message To You From A Giant Nerd",5156.0,5156.0,69.0,0.013382467028704423,0.008484602190582047
20517,5497,3 Simple Lessons Brought To You By A First-Class Passenger On The Plane That Landed In The Hudson,4001.0,4001.0,60.0,0.014996250937265684,0.0201705182092541
20518,5497,3 Important Lessons Brought To You By A First-Class Passenger On The Plane That Landed In The Hudson,4071.0,4071.0,30.0,0.007369196757553427,0.019537926104154016
20519,5497,3 Tokens Of Advice Brought To You By A First-Class Passenger On The Plane That Landed In The Hudson,4164.0,4164.0,48.0,0.011527377521613832,0.014293052115537965
20536,5501,First They Gave Us Books For Free. Then Music And Movies. Now It’s The Internet. Are They Nuts?,4297.0,4297.0,53.0,0.012334186641843147,0.005010845242867707
20587,5512,"Citizen Journalism In 2013: ""It's General Panic. We Are On The Ground, Doing Our Reporting.""",3364.0,3364.0,30.0,0.0089179548156956,0.007596465307860952
20588,5512,News Clips Captured By Citizens Around The World Reveal How Far A Ways We Still Have To Go,3214.0,3214.0,56.0,0.017423771001866834,0.011777186243501984
20589,5512,Here's A 5 Minute Video That'll Make You Rethink Our Entire News Media Circus,3435.0,3435.0,82.0,0.023871906841339156,0.019418400659371764
20590,5512,"When You Think About How These Videos Got To Us, It’ll Make You Rethink Our News",3347.0,3347.0,46.0,0.013743651030773827,0.006732675989461762
20591,5513,Here’s Some Prison Food That Actually Isn’t Also Being Used To Punish Inmates,3444.0,3444.0,51.0,0.014808362369337979,0.0010393660478075677
20592,5513,"These Prisoners Are Digging Their Way Right Out Of Prison, But Not The Way You'd Think",3389.0,3389.0,40.0,0.011802891708468575,0.009043255344341927
20593,5513,"OK, Here's One For Ya: What Does A Prison Inmate And An Organic Farmer Have In Common?",3348.0,3348.0,22.0,0.006571087216248507,0.009508748427546867
20594,5513,"Usually, 4 Out Of 10 Inmates Return To Prison Within 3 Years. But If They Pick Up Gardening…",3288.0,3288.0,42.0,0.012773722627737226,0.010259443307528603
20792,5565,What Do Radio Commercials For Black People Really Sound Like?,2869.0,2869.0,99.0,0.03450679679330777,0.009884371409748488
20793,5565,Watch A Hilarious Stand Up Routine About How Radio Commercials For Black People Really Sound,2715.0,2715.0,200.0,0.07366482504604052,0.015216499148977946
20794,5565,Watch A Hilarious Stand Up Routine About How Radio Commercials (For Black People) Actually Sound,2717.0,2717.0,215.0,0.07913139492086861,0.01333637763049013
20801,5567,We Can't All Be Extroverts. Just Ask This Famous Introvert.,2143.0,2143.0,64.0,0.029864675688287448,0.017887636629292752
20802,5567,"We Can't All Be Extroverts. Just Ask This Once Painfully Shy, Famous Introvert.",2225.0,2225.0,72.0,0.032359550561797755,0.02279481058737041
20803,5567,We Can't All Be Extroverts. Just Ask This Famous Talented Introvert.,2218.0,2218.0,77.0,0.034715960324616775,0.021116745073219725
20804,5567,We Can't All Be Extroverts. Just Ask This Famous Dancing Introvert.,2151.0,2151.0,63.0,0.029288702928870293,0.017844945524293866
20889,5588,An Actor Who Got Super Famous Overnight Has Some Profound Thoughts On Celebrity Worship,2001.0,2001.0,116.0,0.057971014492753624,0.0224937109175649
20890,5588,When Even King Joffrey Baratheon Recognizes Something Is Unfair...,2003.0,2003.0,87.0,0.04343484772840739,0.023691976230300338
20962,5606,The Truth About Sexual Objectification? It's Anything But Sexy.,2694.0,2694.0,47.0,0.017446176688938383,0.01499901508202275
20963,5606,The Next 6 Minutes Will Probably Piss You Off. Hopefully For The Right Reason.,2716.0,2716.0,51.0,0.01877761413843888,0.02215459006195978
20964,5606,What's The Difference Between Being A Sexual Subject And A Sexual Object? A Lot.,2773.0,2773.0,52.0,0.01875225387666787,0.02022990927280343
20965,5606,"It's Totally Cool For Women (And Men) To Be Sexual Subjects. But Objects? Um, No.",2672.0,2672.0,31.0,0.011601796407185628,0.012022124070252214
20966,5606,"They Say 'Sex Sells', But What Exactly Is It Selling?",2840.0,2840.0,22.0,0.007746478873239437,0.015683221547659595
20967,5606,Welcome To Sexual Objectification 101,2817.0,2817.0,39.0,0.013844515441959531,0.021372036799385055
21018,5618,She Set Out To Prove That Happiness Could Be Inversely Proportional To Her Carbon Footprint,3090.0,3090.0,29.0,0.009385113268608414,0.003662111716484137
21019,5618,"What A Person Can Learn From A 1,000 Mile Hike With A Donkey",3092.0,3092.0,37.0,0.011966364812419146,0.003775687664391271
21020,5618,"What Kind Of Person Walks 1,000 Miles Just To Prove A Point? My Favorite Kind, That's What.",3034.0,3034.0,40.0,0.013183915622940013,0.011163997618799028
21031,5621,Ever Wonder Why It's Hard To Eat Just One French Fry?,3447.0,3447.0,62.0,0.01798665506237308,0.016322739784054078
21042,5624,Sexual Objectification: What Is It And Why Should We Even Care?,3176.0,3176.0,128.0,0.04030226700251889,0.016635784446304584
21044,5624,EXPOSED: The Ugly Side Of Sexual Objectification,3225.0,3225.0,158.0,0.048992248062015506,0.018388250482435645
21045,5624,Exposing The Stark Reality Behind Sexual Objectification,3299.0,3299.0,183.0,0.05547135495604729,0.022204753533491897
21092,5636,The 'Dystopian Society' Of Marijuana Legalization Videos. Technically Closer To Reality Though.,2518.0,2518.0,47.0,0.018665607625099286,0.013058004422037953
21093,5636,The Only Way You Won't Understand This Video Is If You're Already High,2553.0,2553.0,67.0,0.02624363493928711,0.015008152808037302
21094,5636,The 'Fahrenheit 451' Of Marijuana Legalization Videos. Technically Closer To Reality Though.,2489.0,2489.0,29.0,0.011651265568501407,0.01771137289037708
21095,5636,Spoiler Alert: The 'Flower' Is A Symbol For Marijuana,2591.0,2591.0,47.0,0.018139714395986106,0.013020733086040842
21120,5643,Watch This Kid Challenge His Governor To Follow The Constitution,3296.0,3296.0,50.0,0.01516990291262136,0.007882286662366865
21122,5643,Watch This Kid Challenge His Governor To Follow The Constitution,3119.0,3119.0,51.0,0.01635139467778134,0.007894275678837662
21164,5655,You Don't Care About Your Privacy And Honey Boo Boo Is The Reason Why,2447.0,2447.0,49.0,0.020024519820187985,0.02125695386149339
21165,5655,Why Don't You Care About Your Privacy? Because Kim Kardashian.,2461.0,2461.0,31.0,0.01259650548557497,0.009914120884434817
21166,5655,Maybe I Don't Care About My Privacy Because Of Kim Kardashian,2372.0,2372.0,28.0,0.011804384485666104,0.011251941082002613
21179,5658,Yogurt Commercials. Have You Ever Seen One Targeted At Men?,3758.0,3758.0,57.0,0.01516764236295902,0.014868821395010102
21212,5666,Watch A Senator Smack Down Carbon Deniers With 90 Seconds Of Powerful Commentary,2161.0,2161.0,41.0,0.01897269782508098,0.018139799301886025
21214,5666,Nails It: A Senator Smacks Down Deniers With 90 Seconds Of Powerful Commentary,2206.0,2206.0,55.0,0.024932003626473256,0.02216249755171704
21215,5666,Watch A Senator Smack Down Deniers With 90 Seconds Of Powerful Analysis,2211.0,2211.0,47.0,0.02125734961555857,0.020433302179214876
21365,5707,A New Report Shows That The Global Top One Percent Need To Learn How To Share,2218.0,2218.0,18.0,0.008115419296663661,0.005208867041738813
21366,5707,$1.6 Trillion Is The Total Wealth Of The World's A) Poorest 3.5 Billion Or B) Richest 85 Folks?,1956.0,1956.0,21.0,0.010736196319018405,0.003920983565644165
21367,5707,The Richest 85 People In The World Have As Much Wealth As The Poorest 3.5 Billion. Mad Yet?,1991.0,1991.0,21.0,0.01054746358613762,0.007171252234116887
21368,5707,"I Wonder If Anyone This Rich Thinks, “Yeah, I Need All This Money”",2080.0,2080.0,46.0,0.022115384615384617,0.011087481150487813
21370,5708,How A Hashtag Sparked A Movement That Launched An App That Might Put A Dent In Sexism In Advertising,2103.0,2103.0,40.0,0.019020446980504042,0.012740992052696427
21371,5708,How A Hashtag Sparked A Movement That Launched An App That Might Put A Dent In Sexist Advertising,2099.0,2099.0,43.0,0.02048594568842306,0.013738382060522383
21424,5722,"The Reason Why They Put 7,000 Pounds Of Fishing Nets On A Beach Is Actually Pretty Cool",2798.0,2798.0,53.0,0.018942101501072194,0.0062551895899279775
21425,5722,"They Dumped 7,000 Pounds Of Trash On A Beach To Make A Point",2848.0,2848.0,44.0,0.01544943820224719,0.0027360217253615503
21427,5722,"A Company Put 7,000 Pounds Of Fishing Nets On A Beach For People To Find. But Why?",2673.0,2673.0,47.0,0.017583239805462027,0.006711757855816297
21481,5736,A Before And After That Has Me In Disbelief,3298.0,3298.0,57.0,0.017283201940570043,0.029444012023661384
21514,5744,Extremely Catchy Country Music With A Message That Matters,1995.0,1995.0,49.0,0.02456140350877193,0.006181990189585965
21515,5744,"With Songs That Matter Like This, I Know Why This Country Singer Has A Grammy",1998.0,1998.0,51.0,0.025525525525525526,0.005559075514613515
21516,5744,A Song About The Double Standards That Keep Us All From Following Our Hearts,1988.0,1988.0,48.0,0.02414486921529175,0.011571126687173874
21517,5744,Tap Your Feet To Some Pro-Gay Country Music,2000.0,2000.0,24.0,0.012,0.009997905621764754
21526,5747,When You Need Help Talking To Others ... There's An App For That,1952.0,1952.0,16.0,0.00819672131147541,0.0032805641587395316
21527,5747,How An App Can Help The Voiceless Have Voices Again,2068.0,2068.0,14.0,0.006769825918762089,0.01
21528,5747,"An App That Talks Back, But Not In That Mildly Entertaining Way Siri Does. This One's Helpful.",1968.0,1968.0,17.0,0.008638211382113821,0.01061640349162475
21529,5747,Speech And Language Difficulties? Just Pick Up Your Phone.,1990.0,1990.0,13.0,0.006532663316582915,0.01
21534,5749,Caught On Tape: Congressman Threatens To Throw Reporter Off Balcony For Asking The Wrong Question,2140.0,2140.0,35.0,0.016355140186915886,0.034988000158870436
21535,5749,"Reporter Asks The Wrong Question, Politician Threatens To Throw Reporter Off A Balcony. Yes, Really.",2105.0,2105.0,52.0,0.02470308788598575,0.040917058755339096
21536,5749,"Reporter Asks The Wrong Question, Congressman Threatens To Throw Reporter Off A Balcony",2119.0,2119.0,41.0,0.019348749410099102,0.04311022875767588
21538,5750,The US Is Trying To Sneak Through One Of The Biggest Corporate Power Grabs Of All Time,2555.0,2555.0,69.0,0.02700587084148728,0.011015472002932031
21539,5750,A Top-Secret Agreement Is One Of The Biggest Corporate Power Grabs Of All Time,2652.0,2652.0,58.0,0.021870286576168928,0.011250382617453848
21540,5750,"If It Weren't For Whistleblowers, This Massive Corporate Power Grab Would Still Be A Secret",2524.0,2524.0,52.0,0.020602218700475437,0.010916684810631436
21541,5750,No Wonder They're Trying To Keep This Massive Corporate Power Grab A Secret,2582.0,2582.0,55.0,0.021301316808675447,0.00832047346035724
21546,5752,"Is Your Daughter A Rebel? Well, At Least She's Not Leaving Dead Villagers All Over The House.",4383.0,4383.0,93.0,0.021218343600273786,0.009229381361637135
21547,5752,"Your Teenager May Be Rebellious, But At Least They're Not Leaving Dead Villagers All Over The House",4322.0,4322.0,80.0,0.01850994909763998,0.011424858315621615
21548,5752,"Your Daughter May Be Rebellious, But At Least She's Not Leaving Villagers All Over The House",4423.0,4423.0,76.0,0.017182907528826587,0.011093676280541392
21578,5759,"I Wonder If Anyone That Rich Thinks, “Yeah, I Need All This Money”",3090.0,3090.0,46.0,0.01488673139158576,0.010547821819630227
21579,5759,"I Wonder If Anyone That Rich Thinks, “Yeah, I Really, Truly Need All This Money""",3044.0,3044.0,48.0,0.01576872536136662,0.010232871736003164
21580,5759,"I Wonder If Anyone That Rich Thinks, “Yeah, I Need All This Money. All. Of. It.”",3144.0,3144.0,53.0,0.016857506361323157,0.008943375824334712
21581,5759,"I Wonder If Anyone That Rich Thinks, “Yeah, I Need All This Money. MUAHAHAHAHA!”",3049.0,3049.0,50.0,0.016398819285011478,0.011075784792258427
21594,5763,How Bette Midler’s Pet Peeve Made New York City A Better Place To Live,3117.0,3117.0,86.0,0.027590632017965994,0.02125849341807895
21595,5763,Plastic Bags Are So Awful That There's A Team Of People Dedicated To Fishing Them Out Of Trees,2968.0,2968.0,26.0,0.00876010781671159,0.0076577786024633054
21596,5763,This Grocery Bag Thought It Would Live Happily Ever After. Then Bette Midler Came Along.,3067.0,3067.0,87.0,0.028366481904140855,0.019431720029602768
21597,5763,It’s Awesome When Firefighters Rescue Kittens From Trees. This Rescue Is More Of A Forehead-Slapper.,2986.0,2986.0,77.0,0.02578700602813128,0.016170704707050718
21598,5764,"Our Tank’s Empty And We’ve Been Running On Fumes. So What's Our Plan B, Humanity?",3024.0,3024.0,29.0,0.00958994708994709,0.013901570082414215
21599,5764,Why Our Civilization Is Basically A Lemonade Stand Without Any Lemons,3080.0,3080.0,28.0,0.00909090909090909,0.011622731643874942
21600,5764,"We Keep Trying To Get The Economy To Grow, But We’re All Out Of Grow-Juice",3014.0,3014.0,26.0,0.008626410086264101,0.004589545320597997
21601,5764,What Happens After We Use Up All Of The Planet?,3091.0,3091.0,28.0,0.009058557101261728,0.005287314033395749
21614,5768,Why Is Relatively Normal Child-Like Behavior Being Treated As An Illness? Gue$$.,3047.0,3047.0,65.0,0.02133245815556285,0.008770133224388786
21615,5768,Does Your Child Have ADHD? Some Powerful Companies Want You To Say 'Yes.',2952.0,2952.0,31.0,0.010501355013550135,0.01
21616,5768,One Doctor's Quest To Stop Certain Companies From Scaring You Broke,3085.0,3085.0,43.0,0.01393841166936791,0.009102169947459805
21617,5768,ADHD Exists. So Do Doctors That Overdiagnose It.,3053.0,3053.0,41.0,0.013429413691451031,0.010813507168730606
21763,5804,Un-vaguing The Bullying Topic - Some Quick Numbers To Bring Everyone Up To Speed,2812.0,2812.0,20.0,0.007112375533428165,0.007929232985006968
21884,5837,Here Is The Harrowing Footage Of Gay Men Being Beaten On Camera In Russia,3945.0,3945.0,61.0,0.015462610899873257,0.020748439972532163
21885,5837,I Would Say They Don't Want You To See Their Torture Of Gay Men — But They Upload It Online Instead,3865.0,3865.0,135.0,0.03492884864165589,0.018492987158370167
21886,5837,"Gay Man In Russia Are Being Asked:​ ""Do You Agree That We Should Kill You?""",4041.0,4041.0,81.0,0.0200445434298441,0.013832211215886696
21887,5837,The Anti-gay Gangs Dont Need To Hide Their Homophobia — They Film It And Put It Online Instead,3898.0,3898.0,108.0,0.027706516162134428,0.020399442582069657
21892,5839,"Millions Have Been Inspired By These Raw, Beautiful Portraits. But About The Guy Behind The Camera?",3944.0,3944.0,66.0,0.016734279918864097,0.01791026008352334
21894,5839,"He's Inspired Millions With His Raw, Beautiful Portraits. But What's His Story?",3971.0,3971.0,63.0,0.01586502140518761,0.015014266840505809
21930,5848,"Whenever You See A Middle Eastern Person On Television, What Kind Of Character Are They Playing?",3071.0,3071.0,26.0,0.008466297622924128,0.013588482473222271
21931,5848,This Actress Is Having The Most Entertaining Identity Crisis I've Seen In A While,3016.0,3016.0,74.0,0.02453580901856764,0.02428231441529537
21932,5848,If You Think That Seeing Middle Eastern People On TV As One Thing Isn't Affecting How We See Them...,3045.0,3045.0,36.0,0.011822660098522168,0.009619444801925617
21995,5865,"OK, Smarty Pants. You Think Our Problems Are So Bad, But Can You Point To Where Things Are Better?",2576.0,2576.0,44.0,0.017080745341614908,0.005264285815325618
21996,5865,"‘If You Think A Country Does Things Better Than We Do Right Now, Show Us.’ OK … Here’s One.",2491.0,2491.0,45.0,0.018065034122842234,0.014761879265941457
21997,5865,"When My Father-In-Law Says, 'Move To Another Country,' He Has No Idea  I’m Already IN That Country…",2512.0,2512.0,53.0,0.02109872611464968,0.006409675463007178
21998,5865,"There Is A Country That Solved A Lot Of Things: Jobs, Education, A Growing Middle Class. Which One?",2507.0,2507.0,62.0,0.02473075388911049,0.012892787563569808
22022,5872,"This Man Was Jailed For Him Beliefs, But Now He's Found A Way To Tell His Story",4564.0,4564.0,28.0,0.006134969325153374,0.01413258765384598
22023,5872,Political Prisoners — Still Screwed By Their Government Even When Released — Find A Way To Survive,4533.0,4533.0,8.0,0.0017648356496801235,0.008840843798632262
22024,5872,A Burmese Political Prisoner Finds A Way To Tell His Story.. With A Taxi?,4412.0,4412.0,14.0,0.003173164097914778,0.004764784636516196
22025,5872,"Still Screwed By His Government, He's Found A Way To Survive",4580.0,4580.0,28.0,0.00611353711790393,0.007076752461317058
22084,5887,The Video That Accurately Describes A World Where Men Are Abused And Discriminated Against,2580.0,2580.0,157.0,0.060852713178294576,0.009467011037035726
22086,5887,A French Film Perfectly Shows A World Where Men Are Subjected To Sexism,2590.0,2590.0,168.0,0.06486486486486487,0.024894250290969797
22087,5887,"This French Film Features Topless Woman, But Not For The Usual Reason",2629.0,2629.0,109.0,0.04146063141879042,0.019707343772319717
22142,5901,"Marcy's Just A High School Girl Pursuing A Praiseworthy Dream, But The Odds Aren't In Her Favor",3029.0,3029.0,56.0,0.01848794981842192,0.006300911821590229
22143,5901,"Marcy's Just A Hard-Working High School Girl Pursuing A Dream, But The Odds Aren't In Her Favor",3066.0,3066.0,85.0,0.027723418134377037,0.00532424500980821
22144,5901,"She's Just A High School Girl Pursuing A Dream, But The Odds Aren't In Her Favor",3041.0,3041.0,84.0,0.027622492601118053,0.00659016026908837
22161,5906,The Song ‘America The Beautiful’ Gives These Majesties A Shout Out. So Why Are We Blowing Them Up?,3438.0,3438.0,24.0,0.006980802792321117,0.00684855322869179
22162,5906,This Definitely Qualifies As An Excessive Use Of Force. Against Mountains. For A Dumb Reason.,3563.0,3563.0,29.0,0.00813920853213584,0.011562115440445305
22163,5906,See How We're Making Molehills Out Of Mountains — For A Really Dumb Reason,3661.0,3661.0,29.0,0.007921332969134116,0.012456607721423978
22164,5906,Holy Schnikes! WTF What Did Mountains Ever Do To Deserve This?,3490.0,3490.0,29.0,0.00830945558739255,0.011810620554869151
22193,5914,We Don't Still Look At Americans As Pilgrims So Why Do We Look At American Indians The Way We Do?,3344.0,3344.0,54.0,0.016148325358851676,0.005682730629100314
22194,5914,It's Been Over 100 Years Since An Artist Has Done This In America. About Time Someone Did It Again.,3285.0,3285.0,95.0,0.0289193302891933,0.01599771784545363
22195,5914,An Inspiring Photography Project Involving Modern American Indians In The United States,3234.0,3234.0,68.0,0.021026592455163882,0.005196504667199733
22196,5914,"I Would Say That What She's Making Is Beautiful Art, But It's More Than That.",3228.0,3228.0,56.0,0.01734820322180917,0.00880540071976029
22201,5917,"In A Few Years, You Might Have To Being Paying Extra To Watch This Cartoon",4561.0,4561.0,13.0,0.0028502521376891033,0.009233775350620612
22202,5917,Do You Love/Hate The Internet? Get Ready To Hate/Hate The Internet For A While.,4508.0,4508.0,11.0,0.0024401064773735583,0.01193391758959126
22203,5917,The Internet Is Heading In A Direction We REALLY Don't Want It To Go,4682.0,4682.0,14.0,0.00299017513882956,0.0045410350974775335
22204,5917,You Know How Everyone Hates YouTube Advertisements? Imagine That Times Several Billion.,4473.0,4473.0,12.0,0.0026827632461435278,0.01863761564030287
22260,5933,"If You've Ever Looked At A Person Who Is Trans And Thought 'Wow, I Can Barely Tell,' Watch This.",2751.0,2751.0,76.0,0.027626317702653582,0.024957601523819938
22261,5933,"Have You Ever Looked At A Person Who Is Trans And Thought 'Wow, I Can Barely Tell,' Watch This.",2749.0,2749.0,57.0,0.020734812659148782,0.021758717765583035
22262,5933,"Ever Looked At A Person Who Is Trans And Thought 'Wow, I Can Barely Tell'? You Should Watch This.",2780.0,2780.0,64.0,0.02302158273381295,0.019343388819446423
22279,5938,Dear Media: I Wonder What It's Like To Be So Misinformed About So Many People?,8144.0,8144.0,99.0,0.012156188605108056,0.01591549437839268
22281,5938,The Media Would Like To Inform Everyone In Their 20s-30s That They Are Awful. Dear Media: Stop It.,8183.0,8183.0,76.0,0.00928754735427105,0.021712678280274227
22282,5938,Wonder What It's Like To Be Completely Misinformed About An Entire Generation? Let's Ask The Media.,8201.0,8201.0,110.0,0.01341299841482746,0.017382549662957984
22283,5938,They Didn't Create This Mess. They Came Late To The Banquet And Were Served Crumbs.,8318.0,8318.0,90.0,0.010819908631882664,0.01148456583393315
22293,5941,A College Football Player Could Become The First Openly Gay Football Player In NFL History,9066.0,9066.0,49.0,0.005404809177145378,0.008581339961986833
22294,5941,Gossip Can Kill Any Career. So This Athlete Is Taking That Part Out Of The Equation.,9228.0,9228.0,72.0,0.007802340702210663,0.01
22295,5941,"Breaking The Mold Like This Football Player Just Did Can't Be Easy, But It's Definitely Terrific",8839.0,8839.0,73.0,0.008258852811404005,0.014403258993995645
22296,5941,This College Football Player Is Speaking His Truth. His History-Making Potential Speaks For Itself.,9172.0,9172.0,38.0,0.004143044047099869,0.0029122238031365558
22327,5949,"A Moving Clip On Why We All Need Health Care. Yeah, Even You.",5550.0,5550.0,24.0,0.004324324324324324,0.01
22328,5949,Here's A Reminder Of What Politicians Lose Sight Of When They Fight Over Health Care,5637.0,5637.0,24.0,0.004257583821181479,0.008377981295369109
22329,5949,A Video Captures Perfectly The Reason Health Insurance Exists In The First Place,5559.0,5559.0,35.0,0.0062960964202194636,0.013467352373175402
22330,5949,"Dear Politicians Are Trying To Repeal Lifesaving Laws, Do Me A Solid And Watch This First",5439.0,5439.0,38.0,0.0069865784151498436,0.011910891373154788
22522,5997,The Photos Facebook Doesn't Want You To See Are A Whole Lot Better Than The Ones It Does,3323.0,3323.0,80.0,0.024074631357207343,0.02289343036358296
22523,5997,What's One Of The Best Places To Buy A Gun Without A Pesky Background Check? You Might Be There Now.,3294.0,3294.0,23.0,0.006982392228293868,0.00866445576809716
22620,6022,Fascinating Facts That You Probably Won't Find In Any Econ 101 Classroom,3674.0,3674.0,57.0,0.015514425694066412,0.01698902768079539
22621,6022,"Interesting Facts To Know On This Whole ""Living Wage"" Debate-Thing",3717.0,3717.0,44.0,0.011837503362927092,0.02196112159283307
22622,6022,What Should The Minimum Wage Actually Be? This Guy Explains The Answer's Not So Easy.,3723.0,3723.0,63.0,0.016921837228041903,0.008981423535608178
22623,6022,"Why Do We Even Need A Minimum Wage? And If We Raise It, Won't That Make Prices Go Up And Stuff?",3649.0,3649.0,46.0,0.012606193477665114,0.011466675674727964
22624,6022,Any Decent Econ 101 Student Will Tell You That Raising The Minimum Wage Is Bad News For The Economy,3683.0,3683.0,70.0,0.019006244909041542,0.008384936628909751
22634,6025,Do You Know Anybody Who Lives On Minimum Wage? Here Are A Few People You Won’t Forget.,3990.0,3990.0,71.0,0.017794486215538845,0.013008976035720128
22635,6025,Video Portraits Of Life On A Minimum Wage,3981.0,3981.0,35.0,0.008791760864104497,0.010589924076971336
22636,6025,"‘Wait, Aren’t All Minimum Wage Folks Just Kids In High School?’",4136.0,4136.0,56.0,0.013539651837524178,0.0099723873396152
22637,6025,Life On Minimum Wage: It’s Not Supposed To Be Like This.,4058.0,4058.0,40.0,0.009857072449482503,0.011429113084269395
22719,6046,"If You Read Closely, These Kids Have A Message For American's Who Love Their Guns",3051.0,3051.0,50.0,0.01638806948541462,0.0072789517529175535
22721,6046,Can You Read Whats Written On Those Hearts And Not Think Twice About America's Gun Laws?,3024.0,3024.0,53.0,0.017526455026455025,0.01164879205827133
22722,6046,"These Kids Have A Message On Those Hearts For You, America",3073.0,3073.0,25.0,0.008135372600065083,0.00685010976011165
22740,6051,You Know Who Uses A Ton Of Welfare? People Who Aren't Poor. And Probably You.,3013.0,3013.0,73.0,0.024228343843345504,0.011051307027377008
22741,6051,Everyone Thinks Just The Poor Use It. But Everyone Is Wrong.,3077.0,3077.0,51.0,0.016574585635359115,0.016095599025942032
22785,6063,"If Someone Tells You To Go To College To Get Ahead, Say 'Watch This, Then We Can Talk'",2276.0,2276.0,48.0,0.0210896309314587,0.012993155005322743
22788,6063,"When Someone Tells You To Go To College To Get Ahead, Say 'Watch This, Then We Can Talk'",2313.0,2313.0,35.0,0.015131863380890618,0.012528964049947805
22803,6067,"4 Ladies Get The ""Cover Girl"" Makeover Of Their Dreams… And Then Hate The Results",2608.0,2608.0,112.0,0.04294478527607362,0.03326765739094727
22804,6067,"4 Ladies Get The ""Cover Model"" Makeover Of Their Dreams… And Then Get Weirded Out By The Results",2547.0,2547.0,103.0,0.04043973301923832,0.031812862094975594
22806,6067,"4 Ladies Get The ""Cover Model"" Makeover Of Their Dreams… But Aren't Happy With The Results",2491.0,2491.0,92.0,0.03693295865114412,0.029017652942916902
22814,6070,"These Graphs Showing Sexism Didn't Surprise Me, But Oh How I Wish They Were Wrong",2281.0,2281.0,27.0,0.01183691363437089,0.009348609664833694
22815,6070,What Industry Have Men Completely Taken Over This Time?,2401.0,2401.0,15.0,0.006247396917950854,0.016259186675055628
22816,6070,"One Of These Charts Is Exactly Like The Other, And I Wish It Weren't",2260.0,2260.0,22.0,0.009734513274336283,0.014294982117445782
22817,6070,"Good Thing This Graph Showing Sexism In 2008 Isn't The Same As In 2013. Oh, WHAT!? It Is!?",2320.0,2320.0,30.0,0.01293103448275862,0.020503697414758614
22818,6070,"Hey, Remember Sexism? Good Thing THAT's Over, Right? Oh Wait ...",2287.0,2287.0,37.0,0.016178399650196764,0.015782520161999724
22819,6070,Ugh. These Graphs Prove That Men Completely Dominate Yet Another Industry.,2327.0,2327.0,22.0,0.009454232917920068,0.007229603267472106
22849,6078,Is Sugar The Original Gateway Drug? You Should See What It's Doing To Our Brains.,2886.0,2886.0,52.0,0.018018018018018018,0.01575594200192487
22850,6078,Is Sugar The Original Gateway Drug? What It's Doing To Our Brains Is Pretty Wild.,2862.0,2862.0,60.0,0.020964360587002098,0.012992024575730683
22873,6085,"If You Think Only Poor Folks Need Government, Wait Till You See What Rich Folks Do With It",3342.0,3342.0,100.0,0.029922202274087373,0.028111504900600572
22874,6085,"If You Think Only Poor People Use This Stuff, Wait Till You See What Rich Folks Do With It",3383.0,3383.0,142.0,0.04197457877623411,0.024690528953610392
22961,6105,A TV Star Asks: Would The White Man Have Killed The Black Teen If He Were Playing Jon Bon Jovi?,2287.0,2287.0,26.0,0.011368605159597726,0.016592926531103436
22962,6105,"A TV Star Explain's Why The Dunn Trial Is A White, American, Societal Problem, Not A Black One",2287.0,2287.0,19.0,0.008307826847398338,0.016230032500734244
22963,6105,Jesse William's Perfect Answers (And Unimpressed Face) Make This 'Dunn Trial' Interview A Must Watch,2270.0,2270.0,39.0,0.017180616740088105,0.02537649645893595
23031,6126,An Awful Librarian Tried To Have A Little Boy Arrested. The Cops Reacted The Same Way You Would.,2045.0,2045.0,75.0,0.03667481662591687,0.030267204123611786
23032,6126,A Librarian Tried To Have An Awesome Little Boy Arrested. The Cops Reacted The Same Way You Would.,2024.0,2024.0,79.0,0.03903162055335968,0.0321520023523212
23033,6126,A Librarian Called The Cops On A Little Boy For Being Black. They Reacted The Same Way You Would.,2021.0,2021.0,91.0,0.0450272142503711,0.030590897937504365
23034,6126,How A Racist Librarian Lost A Civil Rights Battle To A Brave And Calm 9-Year-Old Kid,1940.0,1940.0,80.0,0.041237113402061855,0.02375056409660643
23035,6126,A Librarian Tried To Have A Genius Little Boy Arrested. The Cops Reacted The Same Way You Would.,2021.0,2021.0,97.0,0.047996041563582385,0.033018488644890855
23044,6129,"A White Man Killing A Black Kid Is An American Problem, Not A Black One",2502.0,2502.0,42.0,0.016786570743405275,0.02732640126369203
23045,6129,"Grey's Anatomy Star Says A White Man Killing A Black Kid Is An American Problem, Not A Black One",2493.0,2493.0,26.0,0.010429201764941836,0.02223599424564082
23046,6129,"Jesse Williams Explains Why A White Man Killing A Black Kid Is An American Problem, Not A Black One",2492.0,2492.0,37.0,0.014847512038523275,0.02567164269881387
23085,6139,"There’s A Behind-The-Scenes Dance That Happens In Washington, Every Day",2994.0,2994.0,33.0,0.011022044088176353,0.010761571408912114
23086,6139,Those Lobbyists? They Keep A Dangerous Cycle Going. But Who Does It Benefit?,3075.0,3075.0,5.0,0.0016260162601626016,0.01
23087,6139,"When You Give Rich Business People Tax Breaks All In The Name Of 'Jobs,' What Actually Happens?",2995.0,2995.0,32.0,0.010684474123539232,0.005411827380178591
23088,6139,Economist Robert Reich Takes Just 5 Minutes To Show Us Why Our Political System Is Totally Screwed,3076.0,3076.0,35.0,0.011378413524057216,0.014046125250605496
23099,6142,Meet The Indiana Joneses With Two X Chromosomes,2833.0,2833.0,38.0,0.013413342746205436,0.011350033381329993
23100,6142,"It’s Not Just Hard To Be A Woman Explorer. It’s Hard To Be An Explorer, Period.",2745.0,2745.0,21.0,0.007650273224043716,0.009357131647626866
23101,6142,"Does 'Explorers Club' Sounds Like A Bunch Of Guys Sitting Around Comparing Spears To You, Too?",2727.0,2727.0,15.0,0.005500550055005501,0.01
23102,6142,Quick! How Many Female Explorers And Discoverers Can You Name?,2778.0,2778.0,15.0,0.005399568034557235,0.003717576691009851
23141,6152,A Pop Star In Iran Just Made A Huge Gesture In Support Of Love,2564.0,2564.0,19.0,0.0074102964118564745,0.01826092254939628
23142,6152,"In A Country Where Being Gay Is Illegal, A Pop Star Offers A Gorgeous Statement Of Solidarity",2432.0,2432.0,22.0,0.009046052631578948,0.021791949872424898
23143,6152,An Pop Legend In The Middle East Shows Her Support For Equal Rights,2581.0,2581.0,17.0,0.0065865943432778,0.012439985073065702
23144,6152,A Beautiful Music Video About The Ugly State Of Homophobia,2506.0,2506.0,32.0,0.012769353551476457,0.0167613125511697
23173,6159,How The BIllable Hour Ruined Lawyers’ Ability To Feel Happy,2016.0,2016.0,11.0,0.005456349206349206,0.014326725360054755
23174,6159,"CEOs Aren’t Greedy For Money, They’re Actually Addicted To It",2000.0,2000.0,12.0,0.006,0.008517566210466385
23175,6159,"Mo’ Money, Mo’ Problems: It's A Real Thing That Happens In Your Brain.",2026.0,2026.0,10.0,0.004935834155972359,0.007109583010001055
23176,6159,Why A Gillion More Dollars Is Never Enough For The Super-Rich,2033.0,2033.0,9.0,0.004426955238563699,0.008005824750307805
23209,6166,A Beautiful Music Video About The Ugly State Of Homophobia,1927.0,1927.0,32.0,0.01660612350804359,0.01676495093409875
23210,6166,"If Their Love Makes You Uncomfortable, Then You Make Me Uncomfortable",2049.0,2049.0,32.0,0.015617374328940947,0.01814902110141324
23211,6166,"If You Have A Problem With This Love Story, Then I Have A Problem With You",2005.0,2005.0,31.0,0.015461346633416459,0.01709411256620612
23212,6166,What It Feels Like For Millions Of Gay Couples Around The World,2029.0,2029.0,32.0,0.015771315919172007,0.010721376766407937
23213,6166,"If You Have A Problem With This Love Story, Then You Might Have Problems With A Lot Of Things",2024.0,2024.0,34.0,0.016798418972332016,0.016181893532961074
23214,6166,How It Feels To Have The Missing Piece Not Fit In Your Puzzle,2055.0,2055.0,28.0,0.013625304136253041,0.011937109010033274
23252,6175,Meet The Kids Who Will One Day Be The Last Line Of Defense Against Impending The Robot Uprising,2292.0,2292.0,8.0,0.0034904013961605585,0.006633642829707373
23253,6175,What Subject Should Schools Ditch To Make Room For A Robotics Class? Maybe They Don’t Have To.,2304.0,2304.0,12.0,0.005208333333333333,0.00587098125995072
23338,6189,Here’s A Good Reason To Cross Sodas Off Your Grocery List. Forever.,2022.0,2022.0,33.0,0.016320474777448073,0.012208899923680034
23339,6189,"Now, Here’s A Good Reason To Cross Sodas Off Your Grocery List. Forever.",2018.0,2018.0,42.0,0.02081268582755203,0.013968916856768977
23341,6189,Here Are Plenty Of Reasons To Cross Sodas Off Your Grocery List. Forever.,2006.0,2006.0,39.0,0.019441674975074777,0.010834085492373427
23368,6196,"Forget Marriage Equality For A Second, Should People Be Getting Married At All?",2276.0,2276.0,30.0,0.013181019332161687,0.008562261042447332
23369,6196,The Ridiculous Requirement That Makes Success Vs. Failure In Marriage Completely Meaningless,2340.0,2340.0,18.0,0.007692307692307693,0.024232631981188982
23370,6196,Why A Funeral Is Currently The Only Place To Congratulate A Widow Or Widower,2314.0,2314.0,17.0,0.007346585998271392,0.01723065193817302
23396,6202,Here's A Short Clip Illustrating How Smart Orcas Are And How Ruthless SeaWorld Is,2406.0,2406.0,44.0,0.01828761429758936,0.013870636346062743
23398,6202,A Short Clip Illustrating How Smart Orcas Are And How Cruel SeaWorld Is,2449.0,2449.0,28.0,0.011433238056349531,0.013056697206133994
23399,6202,"The Smarter The Orca, The Crueler The SeaWorld",2364.0,2364.0,34.0,0.014382402707275803,0.012603414276271683
23400,6202,A Short Clip Illustrating How Amazingly Smart Orcas Are And How Utterly Ruthless SeaWorld Is,2419.0,2419.0,42.0,0.017362546506821,0.014707511962078887
23401,6203,We've Seen It With Smoking And Drunk Driving. How's This For The Next Health Hazard Campaign?,2061.0,2061.0,19.0,0.009218825812712276,0.015564645393119634
23403,6203,We've Seen Campaigns On Smoking And Drunk Driving. Now It's Time To Look At Our Trash.,2008.0,2008.0,11.0,0.005478087649402391,0.005056383921839054
23404,6203,We've Seen It With Smoking And Drunk Driving. How's This For The Next Public Awareness Campaign?,1987.0,1987.0,21.0,0.010568696527428284,0.019064460671487538
23414,6206,"Is This An Unintended Consequence Of Anti-Abortion Laws, Or Just What They Wanted?",2041.0,2041.0,43.0,0.021068103870651642,0.010693645074414315
23415,6206,Nebraska Couple Shares How The Latest Anti-Abortion Laws Devastated Their Family,1996.0,1996.0,51.0,0.02555110220440882,0.016015822073481824
23416,6206,"How Come When Men Debate Laws Affecting Women They Don’t, You Know, Ask An Actual Woman About It?",2004.0,2004.0,29.0,0.014471057884231538,0.012261615465938363
23417,6206,"Before Men Debate Laws On Women’s Bodies, Maybe They Should Listen To An Actual Female Person First",2020.0,2020.0,33.0,0.016336633663366337,0.016987144264014074
23418,6206,What Are The Consequences Of Men Enacting Certain Laws On Women’s Bodies? Absolutely Devastating.,2047.0,2047.0,60.0,0.029311187103077674,0.008551964525911289
23419,6206,Men Who Pass Laws Affecting Women’s Bodies Should Listen To A Woman Or Two (Or 100 Million),1967.0,1967.0,35.0,0.017793594306049824,0.0078067341298421475
23432,6209,Watch The Disney Princesses Realize How Much They Gave Up In The Name Of ‘True Love',2001.0,2001.0,67.0,0.033483258370814596,0.026419289970039693
23435,6210,17 Disturbing Bits Of Math To Make You Realize How Fundamentally Broken Our Politics Are,2071.0,2071.0,55.0,0.02655721873491067,0.020849160458942587
23436,6210,17 Frustrating Bits Of Math To Make You Realize How Fundamentally Broken Our Country Is,1985.0,1985.0,73.0,0.03677581863979849,0.01509103881506179
23437,6210,17 Disturbing Bits Of Math To Make You Realize How Fundamentally Broken Our Country Is,2043.0,2043.0,79.0,0.03866862457170827,0.02357696337934255
23438,6210,17 Disturbing Bits Of Math To Make You Realize How Broken Our Country Is And 1 Way We Could Fix It,1985.0,1985.0,49.0,0.02468513853904282,0.01652210374339195
23439,6210,17 Disturbing Bits Of Math To Make You Realize How Fundamentally Broken America Is And How To Fix It,2028.0,2028.0,65.0,0.03205128205128205,0.022619764559184016
23440,6210,17 Unpleasant Bits Of Math To Make You Realize How Fundamentally Broken Our Country Is,1954.0,1954.0,62.0,0.03172978505629478,0.02157696118319396
23441,6210,17 Eye-Opening Bits Of Math To Make You Realize How Fundamentally Broken Our Country Is,2045.0,2045.0,70.0,0.034229828850855744,0.024392255507870518
23520,6226,"If You Were Wondering What No Choice Looks Like, She Can Tell You.",2198.0,2198.0,40.0,0.018198362147406732,0.010471485631453802
23522,6226,"If You Were Wondering What No Choice Looks Like, Dee Dee Can Tell You",2228.0,2228.0,30.0,0.013464991023339317,0.015820988347545216
23523,6226,"If You Were Wondering What No Choice Looks Like, This Grammy Winner Can Tell You",2180.0,2180.0,27.0,0.012385321100917432,0.020004037404008683
23524,6226,"If You Were Wondering What No Choice Looks Like, This Jazz Singer Can Tell You",2280.0,2280.0,22.0,0.009649122807017544,0.018247790389787723
23570,6238,How Is A Monkey Like A Polar Bear? Because They're Both Getting Hosed By Global Warming.,4536.0,4536.0,5.0,0.0011022927689594356,0.0022041294633712537
23571,6238,Monkeys Got Problems. It Turns Out They've Got Even More Problems Than We Expected.,4638.0,4638.0,47.0,0.010133678309616215,0.012308010053348719
23572,6238,Monkeys Are In The Same Boat As Polar Bears And Penguins,4435.0,4435.0,15.0,0.0033821871476888386,0.010610250575185446
23573,6238,How Global Warming Just Doubled Its Destructiveness,4535.0,4535.0,17.0,0.0037486218302094816,0.008825246953072586
23574,6238,"Oh, God Dammit, Global Warming! Seriously? You ALSO Destroy Hot Climates?",4533.0,4533.0,19.0,0.004191484667990294,0.00544381050141909
23616,6249,"Politics In My Sermon? A Sermon In My Politics? Strangely, It Makes Sense (And It's Totally Cool).",3522.0,3522.0,15.0,0.004258943781942078,0.01165569960889895
23617,6249,"Religion And Politics... Too Controversial For Polite Conversation, Right? Well, Polite Is Boring.",3573.0,3573.0,24.0,0.006717044500419815,0.014629816442539297
23618,6249,The Story Of America Is One Of Protest And Dissent. Let This Reverend Remind You About It.,3457.0,3457.0,16.0,0.0046282904252241824,0.01615341960878386
23619,6249,Do Bad Laws Cause People To Suffer? Or Is The Answer Much Deeper Than That?,3569.0,3569.0,18.0,0.0050434295320818156,0.006995917470262692
23690,6267,"Nobody Wants The Home Advertised In This Clip, But Too Many People Live Here",3910.0,3910.0,56.0,0.01432225063938619,0.01811553912000475
23692,6267,Take A Look At This Real-Estate Pitch. Would You Buy A Home In This Area?,3800.0,3800.0,43.0,0.011315789473684211,0.013440382141618634
23693,6267,"But Actually, Have You Ever Had To Plan Out How You'll Survive Winter?",3821.0,3821.0,43.0,0.011253598534415075,0.004553215418330511
23907,6320,Mother Nature Is Pretty Darn Resilient. But Only To A Point.,4105.0,4105.0,42.0,0.01023142509135201,0.01
23908,6320,Forecast Calls For Cloudy With A Chance Of Another Devastating Dust Bowl,3894.0,3894.0,24.0,0.0061633281972265025,0.015674976951484423
23909,6320,Farmers Have Figured Out A Few Things About Their Land. Maybe We Should Listen?,4076.0,4076.0,28.0,0.0068694798822374874,0.008074377526972812
23910,6320,Forecast Calls For Partly Cloudy And A Whole Hell Of A Lot Of Dust,4018.0,4018.0,30.0,0.007466401194624191,0.010362730881736153
23911,6320,"When These Farmers Had Their ‘A-Ha!’ Moment, They Decided To Speak Out",4008.0,4008.0,46.0,0.011477045908183632,0.006028657661873455
23912,6320,"It’s A Dirty Job, And It Might Be Getting A Whole Lot Dirtier",4030.0,4030.0,27.0,0.006699751861042184,0.005579905294405613
23925,6324,They Worked On It For 9 Long Years. Now's Your Chance To See It In Person.,2221.0,2221.0,43.0,0.01936064835659613,0.0017858038809452506
23926,6324,They Worked On It For Nine Long Years. Now's Your Chance To See It In Person.,2190.0,2190.0,46.0,0.021004566210045664,0.0016493594791473407
23927,6324,"9 Years And A Slow Start Later, A Group Of Inspiring Artists Completely Crushed Their Goals",2279.0,2279.0,31.0,0.013602457218078104,0.004129796030866686
23928,6324,"They Worked On A Poster For 9 Years, So The Internet Gave Them $120,000. Well Isn't That Nice?",2228.0,2228.0,60.0,0.026929982046678635,0.014232175770140727
23929,6324,"Nine Years Later, It's Finally Time To Show The World The Captivating Story They've Drawn",2340.0,2340.0,45.0,0.019230769230769232,0.011024898375991578
23930,6324,"They Put In The 9 Years Of Prep, But Guess Who Turned A Molehill Of Money Into A Mountain?",2239.0,2239.0,40.0,0.01786511835640911,0.0034020366003288203
24039,6352,An Anchor Couldn't Figure Out The Problem With The Arizona Anti-Gay Law. She Has A Better Idea Now.,1959.0,1959.0,77.0,0.039305768249106685,0.03350980857223084
24040,6352,A News Anchor Thinks We're Being Unfair To The Arizona Anti-Gay Law. Her Guest Tries To Explain.,2050.0,2050.0,46.0,0.0224390243902439,0.02791656133157506
24105,6367,Just Watching This Video Could Prevent You From Ever Serving On A Jury,2584.0,2584.0,27.0,0.01044891640866873,0.012765884350380593
24106,6367,Most Interesting Thing You'll See All Day: A Legal Loophole That Can Ruin A Jury.,2466.0,2466.0,28.0,0.0113544201135442,0.02354865992310472
24107,6367,The Legal Loophole That Just Knowing About Can Get You Removed From A Jury,2549.0,2549.0,43.0,0.016869360533542564,0.017241256109559674
24108,6367,The Law No Lawyer Or Judge Will Tell You About That Could Get You Kicked Off A Jury,2480.0,2480.0,50.0,0.020161290322580645,0.02176162523071418
24187,6386,Read The Unique Way An Author Tips A Hat To His Bullies,4035.0,4035.0,37.0,0.009169764560099132,0.005861298327984524
24188,6386,"An Author Acknowledges Those Who Have Touched His Life For The Worse, And It Couldn't Be Better",3997.0,3997.0,39.0,0.009757317988491368,0.003293115701524893
24189,6386,An Author's Apt Acknowledgement Of His Antagonists,4016.0,4016.0,15.0,0.0037350597609561755,0.00581799178600779
24190,6386,One Of The Most Inspiring And Ra Ra Ways I've Ever Seen Someone Open A Book,4001.0,4001.0,34.0,0.00849787553111722,0.02128237686590965
24192,6386,An Author Proves The Best Revenge Is Massive Success,4082.0,4082.0,31.0,0.007594316511513963,0.005795495414324334
24193,6386,A Writer Thanks His Bullies In His First Book,4094.0,4094.0,23.0,0.0056179775280898875,0.003176981212759275
24227,6393,Two Guys Test A Well-Known Stereotype On The Streets Of Los Angeles,4439.0,4439.0,111.0,0.02500563189907637,0.021698860600898477
24228,6393,"Two Guys, One Car. It's A Different Kind Of Disturbing Than That One Video With A Similar Name.",4289.0,4289.0,60.0,0.013989274889251575,0.01473160062248122
24230,6393,This Street Experiment Got Over 4 Million Views In 2 Weeks. Bad Stereotypes Have That Effect.,4496.0,4496.0,94.0,0.02090747330960854,0.019000425192148392
24231,6393,There Are At Least 2 Major Lessons Here: 1) Don’t Steal Cars. 2) Stereotypes Matter.,4416.0,4416.0,52.0,0.01177536231884058,0.010238637252263986
24232,6393,"Stealing Cars Is A Bad Idea (Obvi). So Are Stereotypes. Together, They’re A Troublesome Duo.",4468.0,4468.0,50.0,0.011190689346463742,0.005072258029407074
24255,6399,"When Teachers Try To Americanize A Mexican Child's Name, They Receive A Hilarious Result",4357.0,4357.0,151.0,0.03465687399586872,0.025270975260891206
24256,6399,"Teachers Try To Americanize A Mexican Child's Name And They Get A Hilarious Result (To Us, At Least)",4477.0,4477.0,171.0,0.03819522001340183,0.029335493722048314
24257,6399,An Extremely Funny Thing Happens When Some Teachers Try (And Fail) To Americanize A Child,4523.0,4523.0,89.0,0.01967720539464957,0.027111448284298144
24258,6399,An Amusing Thing Happens When A Few Teachers Try To Make A Mexican Child As American As Possible,4328.0,4328.0,99.0,0.022874306839186693,0.021911256254234977
24273,6403,"Teachers Try To Americanize A Mexican Child's Name And They Get A Hilarious Result (To Us, At Least)",2415.0,2415.0,61.0,0.02525879917184265,0.029335493722048314
24274,6403,Try To Americanize A Mexican Child's Name: Get A Hilarious Result,2440.0,2440.0,70.0,0.028688524590163935,0.023540376872863054
24275,6403,"Teachers Try To Americanize A Mexican Child's Name; Get A Hilarious Result (To Us, At Least)",2419.0,2419.0,75.0,0.03100454733360893,0.02919719598808349
24276,6403,"Teachers Try To Americanize A Mexican Child's Name And Get A Hilarious Result (To Us, At Least)",2380.0,2380.0,100.0,0.04201680672268908,0.028651008421413666
24285,6406,Jon Stewart Slays The Food Stamp Fraud Dragon In One Hilarious Clip,1984.0,1984.0,67.0,0.03377016129032258,0.02608641216574353
24286,6406,"‘People On Welfare, Going To Disney Land, Buying The Big Chicken Legs’",2036.0,2036.0,54.0,0.026522593320235755,0.0016514789846351543
24287,6406,Why Huge Turkey Legs Might Become A Weapon In The Coming Class War,2068.0,2068.0,18.0,0.008704061895551257,0.0009653867567662195
24288,6406,Jon Stewart Tackles The Fox News Obsession With People Actually Using Food Stamps For Good,2000.0,2000.0,59.0,0.0295,0.022664942436638455
24340,6418,The 'No-Brainer' Argument Against Raising The Minimum Wage Might Not Be As No-Brainer As You Think,3339.0,3339.0,43.0,0.01287810721772986,0.013558994142208451
24341,6418,The Most Obvious Argument Against Raising The Minimum Wage Might Not Be As Fool-Proof As You Think,3273.0,3273.0,39.0,0.011915673693858845,0.021099489310953647
24342,6418,The Most Popular Argument Against Raising The Minimum Wage Might Not Be As Fool-Proof As You Think,3314.0,3314.0,44.0,0.013277006638503319,0.018325655287812406
24343,6418,What If The Most Simple Argument Against Raising The Minimum Wage Isn't As Simple As We All Think?,3384.0,3384.0,44.0,0.013002364066193853,0.023362205615454688
24345,6418,The No-Brainer Argument Against Raising The Minimum Wage Might Require More Brains Than You Think,3288.0,3288.0,35.0,0.010644768856447688,0.015131878475268241
24366,6423,The Most Obvious Argument Against Raising The Minimum Wage Might Not Be As Fool-Proof As You Think,4033.0,4033.0,72.0,0.017852715100421523,0.021099489310953647
24368,6423,The No-Brainer Argument Against Raising The Minimum Wage Might Require More Brains Than You Think,4007.0,4007.0,59.0,0.014724232592962317,0.015115165680018982
24413,6434,The Story Of Having HIV And Getting Kicked Out Of The House At The Age Of 16.,2509.0,2509.0,24.0,0.009565563969709047,0.010432516372516354
24414,6434,"HIV-Positive, Homeless, And Gay In New York At The Age Of 16? Give This Story A Listen.",2518.0,2518.0,25.0,0.009928514694201748,0.009477710868365512
24415,6434,Growing Up In The Bronx Is Tough. It's Tougher When You Have HIV And Get Kicked Out At 16.,2502.0,2502.0,10.0,0.003996802557953637,0.009148427776268082
24416,6434,The Life Story Of An HIV-Positive Man From The Bronx Is Fascinating,2536.0,2536.0,19.0,0.00749211356466877,0.008937001838057098
24424,6437,Some Say Health Care Is Controversial. Are These Benefits For Women So Controversial?,2513.0,2513.0,7.0,0.002785515320334262,0.007540635688946129
24425,6437,Look At These Benefits For Women And Tell Me What's So Controversial About Health Care Reform,2510.0,2510.0,8.0,0.0031872509960159364,0.01167438274442095
24426,6437,There's A Deadline Coming Up. If You Meet It You Can Save $600.,2590.0,2590.0,3.0,0.0011583011583011582,0.01
24499,6455,"If A Male Filmmaker Was Asked This Idiotic Question, He Would Presume The Reporter Was Drunk",3453.0,3453.0,199.0,0.05763104546770924,0.0356112270998355
24500,6455,"If A Dude Director Was Asked This Idiotic Question, He Would Presume The Reporter Was Drunk",3409.0,3409.0,163.0,0.047814608389557055,0.032138614891703714
24501,6455,"If A Dude Director Was Asked This Dumb Question, He Would Presume The Reporter Was Drunk",3459.0,3459.0,170.0,0.049147152356172306,0.030826696085726732
24502,6455,"If A Guy Was Asked This Idiotic Question, He Would Presume The Reporter Was Drunk",3334.0,3334.0,175.0,0.05248950209958008,0.03438554491227147
24503,6455,"If A Dude Filmmaker Was Asked This Idiotic Question, He Would Presume The Reporter Was On Drugs",3457.0,3457.0,192.0,0.055539485102690196,0.02905184236652322
24519,6460,Here's The One Word You Should Strike From Your Vocabulary Today,2310.0,2310.0,63.0,0.02727272727272727,0.015566996916075274
24521,6460,How One Word Is Stopping Young Girls From Becoming World Leaders,2209.0,2209.0,73.0,0.033046627433227706,0.015736644867299168
24522,6460,"Why Are Men ""Bosses"" But Women Are Always ""Bossy""?",2370.0,2370.0,46.0,0.019409282700421943,0.007887555953888348
24700,6502,How Our Jobs Could Keep It Interesting By Keeping Us Home,4236.0,4236.0,17.0,0.0040132200188857416,0.000349330959122744
24701,6502,Why Being Made To Work 9 To 5 Makes Zero Sense These Days,4194.0,4194.0,58.0,0.013829279923700524,0.004431484023982233
24702,6502,Why The 9 To 5 Life Gets A 0 Out Of 10 From Most Of Us,4165.0,4165.0,35.0,0.008403361344537815,0.00711756444256186
24703,6502,A Simple Reason Why The Employee Who Wrote This Headline Happily Did So On The Weekend,4244.0,4244.0,42.0,0.009896324222431668,0.017618635189304066
24704,6502,Why Are More Office Employees Smiling Instead Of Searching The Classifieds In Their Cubicles?,4242.0,4242.0,17.0,0.004007543611504008,0.004335921364698564
24705,6502,Getting Work Done In Ratty Pajamas Is Easier Than It Seams,4268.0,4268.0,22.0,0.005154639175257732,0.005887964609575485
24743,6511,The Astounding Intelligence And Rage Of Apes In Captivity,2651.0,2651.0,50.0,0.01886080724254998,0.02116028477542896
24744,6511,"An Ape That Can Remember 600 Words, And Maybe Even Speak In English? Meet Kanzi.",2655.0,2655.0,35.0,0.013182674199623353,0.006448499038949444
24745,6511,The Astounding Intelligence (And Sometimes Rage) Of Apes Raised Captivity,2671.0,2671.0,37.0,0.013852489704230626,0.018880954656432348
24766,6516,"He Used To Recruit For Them. Now, He's Working Against Them And They Want Him Gone.",3490.0,3490.0,81.0,0.023209169054441262,0.0054720601600105915
24767,6516,"He Used To Recruit For Them. Now, He's Working Against Their Message And They Want Him Dead.",3422.0,3422.0,107.0,0.031268264172998245,0.01333404645661314
24768,6516,"He Used To Recruit For Them. Now That He's Working Against Them, They Want Him Dead.",3406.0,3406.0,75.0,0.02201996476805637,0.009459628260792427
24769,6516,"He Used To Recruit For Them. Now, He's Working Against Them And They Want Him Dead.",3402.0,3402.0,72.0,0.021164021164021163,0.009586944679576881
24855,6536,A Beautiful Explanation Of The Differences Between The Fantasy Of Love And The Reality Of Love,3478.0,3478.0,138.0,0.039677975848188614,0.010495916092332911
24856,6536,Want To Find Out Exactly What Love Is (And Isn't)? Two Lovely People Sum It Up Nicely.,3478.0,3478.0,94.0,0.02702702702702703,0.01238462450546559
24857,6536,"When We Were Thinking About Love At 12 Years Old, We Probably Didn't Think About Love Sh*tting",3394.0,3394.0,112.0,0.032999410724808484,0.004440094505472325
24858,6536,A Really Honest and Realistic Answer To The Question 'What Is Love?',3360.0,3360.0,80.0,0.023809523809523808,0.0145690368268501
24899,6546,A Huge Health Opportunity Being Replaced By Bright City Lights,2001.0,2001.0,8.0,0.00399800099950025,0.005487940841734509
24900,6546,The Magnetic Connection Between Health Care And The City,1973.0,1973.0,10.0,0.00506842372022301,0.00271237243998086
24901,6546,"In Exchange For The City, A Missed Opportunity Overtakes Rural Areas",2032.0,2032.0,12.0,0.005905511811023622,0.0014680035063692615
24928,6552,One President Defined Security 70 Years Ago.  But Was Anyone Listening?  Anyone? Bueller?,1979.0,1979.0,15.0,0.007579585649317837,0.014945730495305254
24929,6552,"Economic Security = Peace.  70 Years Later, Why Is This Still Such A Radical Notion?",1940.0,1940.0,3.0,0.0015463917525773195,0.01
24930,6552,What This President Said About Security Needs To Be Tattooed On Every Congressperson's Hand,2056.0,2056.0,36.0,0.017509727626459144,0.019926849406053746
24931,6552,Watch A Former President Delivering A Solution To An Old Problem We Still Haven't Managed To Fix,2089.0,2089.0,21.0,0.010052656773575874,0.017555625783244645
24932,6552,Desire A Secure Nation And World Peace?  Here Is The Bill of Rights To Get Us There.,1989.0,1989.0,13.0,0.006535947712418301,0.0020785876285721143
24933,6552,FDR Presented An Economic Bill of Rights in 1944.  I think It's Time To Pass Them.,2055.0,2055.0,17.0,0.00827250608272506,0.004358954953414825
25006,6570,Feel Ugly Today? Stop Beating Yourself Up and Listen To These Four Songs,2074.0,2074.0,48.0,0.023143683702989394,0.016144003436782798
25007,6570,"Every Time You Feel Ugly, Stop Looking At Photos Of Hot People: Listen To These 4 Songs Instead",1973.0,1973.0,59.0,0.029903699949315764,0.018841804705370942
25008,6570,"There's More To Life Than Being Really, Really, Ridiculously Good Looking",2032.0,2032.0,92.0,0.045275590551181105,0.031734837883661014
25009,6570,The Four Songs To Listen To If You Feel Ugly Today,1965.0,1965.0,63.0,0.03206106870229008,0.015145182771258665
25109,6591,She Has A Horrifying Story To Tell. Except It's Not Actually True. Except It Is Actually True.,2081.0,2081.0,66.0,0.03171552138395002,0.023424012903490967
25131,6596,"You Either Know Her Or Ought To Know Her. But Either Way, She's Part Of History Again.",2741.0,2741.0,56.0,0.020430499817584824,0.007488389304607422
25132,6596,"You Either Know Her Or Ought To Know Her, But Either Way She's Part Of History Again, Thanks To You.",2745.0,2745.0,57.0,0.020765027322404372,0.005678980150754236
25133,6596,"You Either Know Her Or Ought To Know Her. But Either Way, She's Part Of History Again.",2638.0,2638.0,55.0,0.02084912812736922,0.007488389304607422
25134,6596,"You Either Know Her Or Ought To Know Her. But Either Way, She's Part Of History Again.",2638.0,2638.0,56.0,0.02122820318423048,0.007488389304607422
25153,6601,What The Entire World Can Agree We Need Is Being Destroyed Bit By Bit,2467.0,2467.0,22.0,0.008917713822456425,0.01388872960890163
25154,6601,A Gorgeous Poem Honoring What We Are All Made Of But Losing A Drop At A Time,2528.0,2528.0,42.0,0.01661392405063291,0.008780777653205576
25155,6601,"Think Of The Last Time You Were At The Beach Or The Lake, Then Watch",2422.0,2422.0,38.0,0.01568951279933939,0.005628520605836289
25157,6601,"This Poem Is Deep, Kind Of Like All Those Oceans We're Ruining",2540.0,2540.0,40.0,0.015748031496062992,0.007479228311927881
25158,6601,Something The Entire World Agrees We Need Yet The Entire World Is Destroying Little By Little,2567.0,2567.0,31.0,0.012076353720296066,0.01700761969167241
25249,6620,"Hey Look At These Gay Parents Parent Their Kids. Or As I Call Them, ‘Parents’.",2623.0,2623.0,31.0,0.01181852840259245,0.01869329464934969
25250,6620,A Company Is Hoping To Change Your Views On What Wholesome In America Means,2559.0,2559.0,10.0,0.003907776475185619,0.008590415970086092
25251,6620,A Company Starts Making Gay Couples More Visible And The Republic Remains Intact,2547.0,2547.0,14.0,0.005496662740478995,0.017690597561237628
25252,6620,"'How Do You Define Wholesome?' Apparently Tattoos, Gay People, Families, And Puppies Are Part Of It",2529.0,2529.0,18.0,0.0071174377224199285,0.011026220881274118
25259,6622,"It Looks Like A Toy, It Acts Like A Toy, But It's Amazingly So Much Better Than A Toy",3420.0,3420.0,43.0,0.012573099415204679,0.01603753206335904
25260,6622,This Kid Was Having Trouble Fitting In. But Then He Got A Four-Wheeler.,3200.0,3200.0,40.0,0.0125,0.015534848606840304
25261,6622,Who Knew That A Scientist In A Toy Store Could Unleash Such Amazing Levels Of Functional Awesome?,3296.0,3296.0,23.0,0.006978155339805826,0.013555003105577869
25270,6625,For-Profit Prisons Are Selling Like Hotcakes. Here Are The Horrifying Results.,3165.0,3165.0,36.0,0.011374407582938388,0.008045442917401509
25271,6625,Meet The Billion-Dollar Industry That Literally Banks On Jam-Packed Prisons,2962.0,2962.0,22.0,0.007427413909520594,0.007794572779498228
25306,6633,"This Movie May Seem Like A Spoof, But It's A Pretty Accurate Portrayal Of Our World Leaders",1537.0,1537.0,17.0,0.011060507482108002,0.014815567684161896
25307,6633,"I'd Say I'd Go And Watch This Movie, But I See It Everyday On My Television",1568.0,1568.0,12.0,0.007653061224489796,0.013302469347375737
25308,6633,"See How World Leaders Love *Saying* What's Wrong, But They Do Little To Actually Fix Things",1548.0,1548.0,6.0,0.003875968992248062,0.0010619141263405376
25311,6635,What Happens When A Former Child Model Talks About An Industry That Would Rather Stay In The Shadows,3991.0,3991.0,128.0,0.032072162365321975,0.026357543074909517
25312,6635,"One Former Child Model Had Something To Say To People, And It's Making A Difference",4007.0,4007.0,132.0,0.03294235088594959,0.025397369853266585
25313,6635,"It Took Courage To Talk About Changing An Industry That's So Powerful And Famous, But She's Doing It",4033.0,4033.0,114.0,0.028266798909000745,0.007667423296850941
25314,6635,What Happens When Someone Who Worked In One Famous Industry Shows Us The Dark Places It Hides,4062.0,4062.0,161.0,0.0396356474643033,0.016036863900710772
25341,6642,25 Really Engaging Images About The Minimum Wage,4121.0,4121.0,114.0,0.027663188546469302,0.005215598921852517
25342,6642,25 Fascinating Images About The Minimum Wage,3972.0,3972.0,107.0,0.026938569989929505,0.011008312716122091
25343,6642,25 Really Interesting Things About The Minimum Wage,3995.0,3995.0,73.0,0.018272841051314142,0.011609829045502378
25374,6649,"The Classroom Is Full, But How Come There's No Teacher To Lead It?",3217.0,3217.0,12.0,0.003730183400683867,0.00828189400524347
25375,6649,Schools + Students = YAY! Schools - Teachers = Real Life in 29 Countries??,3277.0,3277.0,6.0,0.00183094293561184,0.004793097041295127
25376,6649,Where Are Teachers Needed The Most In The World Right Now?,3263.0,3263.0,17.0,0.005209929512718358,0.0004093086320403408
25377,6649,The Disappearing Teacher Would Be A Cool Science Experiment If It Weren't Already A Sad Reality,3173.0,3173.0,13.0,0.0040970690198550265,0.01233824583721668
25378,6649,There's A Teacher Shortage Happening And Hiring More Isn't The Only Answer,3210.0,3210.0,8.0,0.0024922118380062306,0.0032825302522612315
25379,6650,Meet The 'Poop Guy' Teenage Girls Consider A Hero In India,4005.0,4005.0,61.0,0.01523096129837703,0.013380004141282986
25380,6650,"He May Clean Toilets For A Living, But What He's Doing In India Is The Opposite Of Crappy",4152.0,4152.0,34.0,0.008188824662813102,0.00912605920592745
25381,6650,How Being A Father Led This Man To An Inspiring Life Known As 'Poop Guy',4092.0,4092.0,36.0,0.008797653958944282,0.009046698008440945
25382,6650,"For The Dignity Of His Daughter, A Father Lives A Life As 'Poop Guy'",3981.0,3981.0,92.0,0.023109771414217533,0.005460696313038685
25383,6650,He's Got A Great Laugh And Goes By 'Poop Guy.' What More Do You Want To Know?,3963.0,3963.0,26.0,0.006560686348725713,0.0046657205149855914
25384,6651,"What Happens When Black Women Ask White People To Bring Their ""Ignorance AND Their Pain"" To A Conversation?",3508.0,3508.0,74.0,0.021094640820980615,0.015048586706920893
25385,6651,You Might See Black Hair In A Different Light After You Watch This — Even If You're Black!,3516.0,3516.0,101.0,0.028725824800910123,0.01931869799884703
25387,6651,You Might See Black Hair In A Shimmery New Light After You Watch For A Few Minutes,3538.0,3538.0,75.0,0.0211984171848502,0.020456183338846398
25441,6665,Do You Know Where The Internet Lives In Your City?,3509.0,3509.0,23.0,0.006554573952693075,0.0032341615258934444
25442,6665,Did You Know You Could Actually *Touch* The Internet?,3519.0,3519.0,22.0,0.00625177607274794,0.001950629423592763
25443,6665,How The Internet Sometimes Lives In A Luxury Apartment In The Sky,3503.0,3503.0,14.0,0.003996574364830145,0.002626339509746253
25444,6665,How An Email You Send Could Pass Through A Skyscraper On It's Way To Where It's Going,3515.0,3515.0,16.0,0.004551920341394026,0.007074451896550241
25445,6665,"If You've Ever Wanted To Hug The Internet For Being So Swell, Here's Where It Is",3644.0,3644.0,34.0,0.009330406147091108,0.003435165976335677
25446,6665,"Reach Out And Touch The Internet. No, Really, You Can Actually Do That.",3435.0,3435.0,16.0,0.004657933042212519,0.01
25467,6670,Imagine *Hearing* For The First Time — Then See These Children React To It Just Wonderfully.,2203.0,2203.0,52.0,0.023604176123467997,0.013323491588596765
25469,6670,See The Wonderful Moment These Children Hear Sound For The First Time. With Tony Hawk.,2249.0,2249.0,43.0,0.019119608714984436,0.020116849457492418
25470,6670,See These Children's Reaction When They Hear Sound For The First Time In Their Lives,2210.0,2210.0,58.0,0.026244343891402715,0.017034995540330534
25512,6680,Would A Draft Prevent Future Wars?,4228.0,4228.0,25.0,0.005912961210974456,0.01
25513,6680,When We Say War Should Be Avoided At All Costs Do We Even Know What Costs We're Talking About?,4090.0,4090.0,42.0,0.010268948655256724,0.002778651637492576
25514,6680,He Says A Draft (!) Would Make The World More Peaceful And Is Actually Kind Of Convincing About It,4108.0,4108.0,39.0,0.00949367088607595,0.00470709422319335
25515,6680,Do We Truly Understand The True Cost Of War? Would A Draft Help Us Feel It?,4112.0,4112.0,19.0,0.004620622568093385,0.008993798471828412
25516,6680,It Is Definitely Controversial But Is It The Only Way To Understand The True Cost Of War?,4043.0,4043.0,50.0,0.012367054167697254,0.013804882614499038
25517,6680,Is A Draft The Only Way To Understand The True Cost Of War?,4165.0,4165.0,14.0,0.0033613445378151263,0.003288143454005457
25543,6686,Roughly 200 Years Of American History. One Mesmerizing GIF.,3676.0,3676.0,90.0,0.024483133841131665,0.012041557181291818
25546,6686,A Mesmerizing GIF Of The U.S. Eating North America,3819.0,3819.0,114.0,0.029850746268656716,0.0003653865309747829
25557,6689,Ever Wondered What Folks Who Don't Believe In God Actually Believe In? Then You Should Watch This.,2161.0,2161.0,53.0,0.024525682554372975,0.03215383217464916
25559,6689,Ever Wondered What People Who Don't Believe In God Actually Believe In? It's Deeper Than You Think.,2233.0,2233.0,81.0,0.036274070756829375,0.03146961816223649
25560,6689,Ever Pondered What People Who Don't Believe In God Actually Believe In? Then You Should Watch This.,2171.0,2171.0,62.0,0.02855826807922616,0.03057420628713621
25561,6689,Ever Wondered What People Who Don't Believe In God Actually Believe In? It's Not Much Of A Surprise.,2181.0,2181.0,79.0,0.03622191655204035,0.031484956432502716
25570,6691,It's Finally (Almost) Here! A Guarantee That You're Buying Responsible Food,1917.0,1917.0,3.0,0.001564945226917058,0.009511737964002476
25571,6691,"Maybe You Haven't Meet These People (Yet), But That Doesn't Mean You Don't Care About Them",1853.0,1853.0,16.0,0.008634646519158122,0.0063175410216794545
25572,6691,You Don't Want To Get Hurt On The Job. Neither Do They.,1877.0,1877.0,11.0,0.005860415556739478,0.0038469075973838283
25573,6691,A Way To Make Sure My Favorite Strawberry Margaritas Are Only Irresponsible If I Want Them To Be,1878.0,1878.0,18.0,0.009584664536741214,0.010611883792242378
25574,6691,Could These People Be The Friend You Just Haven't Met Yet? Let's Treat 'Em That Way.,1893.0,1893.0,18.0,0.009508716323296355,0.0018748346651157781
25575,6691,One Minute About An Exciting New Certification For Food,1879.0,1879.0,6.0,0.0031931878658861094,0.009499230705680919
25584,6694,Could These People Be The Friends You Just Haven't Met Yet? Let's Treat 'Em That Way.,2576.0,2576.0,13.0,0.005046583850931677,0.0021390440977238833
25586,6694,Friends Don't Let Friends Eat Unethical Strawberries,2687.0,2687.0,16.0,0.00595459620394492,0.0046305441262934795
25587,6694,"They're Red, They're Juicy, And They're About To Get A Whole Lot Better For Everyone",2623.0,2623.0,11.0,0.0041936713686618375,0.0061376433941721514
25588,6694,"If These People Were Your Friends, You Would Want Them To Be Safe. Doesn't The Same Apply Here?",2688.0,2688.0,23.0,0.00855654761904762,0.01162169595714653
25589,6694,A New Guarantee That Should Totally Change The Way We Buy Food,2640.0,2640.0,16.0,0.006060606060606061,0.013005026951724785
25590,6694,Behind The Berries: A Truth About Your Food That You May Not Think About Every Day,2528.0,2528.0,18.0,0.007120253164556962,0.011812518934908478
25591,6694,The Hopefully Not-So-Secret Way To Get Strawberries That Are Even Better Than Before,2672.0,2672.0,13.0,0.0048652694610778445,0.006030126552805082
25592,6694,Strawberry Shortcake May Be More Unethical Than You Think ... But Not For Long,2558.0,2558.0,16.0,0.006254886630179828,0.005982133385167972
25668,6707,A Closer Look At  A Much Buzzed-About Food Phenomenon,2273.0,2273.0,9.0,0.003959524857017158,0.019650262201482888
25669,6707,These Buzzy Little Buggers Are Making All Of Your Favorite Food,2191.0,2191.0,7.0,0.003194888178913738,0.009765103238161217
25783,6736,The Awkward Moment When We Realise It's Not Awkward But Really Great Thanks To The Upworthy Audience,4418.0,4418.0,45.0,0.010185604345857854,0.010775379199965445
25785,6736,"These Filmmakers Are Helping Society Take A Big Step Towards Equality, And It's All Thanks To You",4238.0,4238.0,18.0,0.004247286455875413,0.006244631907498601
25786,6736,"Thanks, Upworthians, For Bringing Attention To A Film That Will Help Pave The Way To Gender Equality",4266.0,4266.0,25.0,0.005860290670417253,0.012753052696978
25787,6736,Everyone Agrees Equal Means Equal Here At Upworthy. Next Stop: The Rest Of The World.,4319.0,4319.0,8.0,0.0018522806205140078,0.01
25788,6736,A Step In Equal Pay For Women Was Made By Focusing On These Filmmakers,4383.0,4383.0,14.0,0.0031941592516541184,0.013103669913081548
25827,6747,I Think It's Time We Had A Serious Talk About The Elephant In The Room,2303.0,2303.0,29.0,0.012592270950933565,0.014904351439541517
25828,6747,I Think It's Time We Had A Serious Talk About The Non-Metaphorical Elephant In The Room,2352.0,2352.0,25.0,0.010629251700680272,0.014609188719733176
25964,6779,Who Do You Want Deciding Your Sex Life? You Or Hobby Lobby? And What Are Your Hobbies?,3726.0,3726.0,39.0,0.010466988727858293,0.00978227217818951
25965,6779,"If You Like Your Boss To Tell You When And If You Can Use Birth Control, Don't Watch This",3724.0,3724.0,56.0,0.015037593984962405,0.0143627501874679
25966,6779,What The Future Of Your Private Parts Will Look Like If Hobby Lobby Has It's Way,3806.0,3806.0,66.0,0.017341040462427744,0.015371329119261399
25968,6779,I'm Against My Boss Telling Me What I Can Do In My Private Life. I'm Zany Like That.,3689.0,3689.0,48.0,0.013011656275413392,0.010327858798368403
25969,6780,The Lengths Some Kids Have To Go To Retrieve Balls Kicked Too Far,2010.0,2010.0,23.0,0.011442786069651741,0.01231503073187314
25970,6780,I Bet You Didn't Have To Go This Far To Get A Ball You Kicked Over A Fence As A Kid,1961.0,1961.0,32.0,0.01631820499745028,0.005621224103680126
25971,6780,The Dark Side To Fun And Games In A World Of Forgotten Explosive Devices,2063.0,2063.0,16.0,0.007755695588948134,0.007097829707835042
26090,6806,Actress Cameron Diaz Points Out A Pretty Solid Problem With A Certain Type Of Beauty Product,2752.0,2752.0,83.0,0.030159883720930234,0.03305795472057707
26091,6806,An Actress And A Mogul Point Out A Pretty Solid Problem With A Certain Type Of Beauty Product,2687.0,2687.0,70.0,0.026051358392259024,0.02967600158464951
26092,6806,An Actress Is Unapologetic About Her Wrinkles. And Why Should She Be?,2764.0,2764.0,59.0,0.02134587554269175,0.01680325404961392
26093,6806,Cameron Diaz And Oprah Talk About The Absurdity Of Anti-Aging,2593.0,2593.0,39.0,0.01504049363671423,0.0324948567374099
26094,6806,An Actress And A Media Mogul Talk About Beauty Standards,2794.0,2794.0,29.0,0.010379384395132427,0.021648053908104814
26135,6815,See How An Artist Sneak-attacked A Public Sculpture To Make A Point,2730.0,2730.0,34.0,0.012454212454212455,0.019678449674210906
26136,6815,A Supersized Art Project Shows Us Something That Happens All The Time But We Rarely Ever See,2489.0,2489.0,38.0,0.015267175572519083,0.018460834526114262
26137,6815,What One Artist Did When A Public Sculpture Was Looking A Little Too Clean,2589.0,2589.0,49.0,0.01892622634221707,0.024882750569285385
26138,6815,A Guerrilla Art Project Shows How Our Trash Can Come Back To Haunt Us,2607.0,2607.0,38.0,0.01457614115841964,0.006668575885537539
26139,6815,Why Is A Giant Sculpture Of Beautiful Animals Covered In A Giant Piece Of Garbage?,2650.0,2650.0,33.0,0.012452830188679246,0.015781004816029395
26140,6815,One Artist Transformed Garbage Into A Work Of Art That Makes A Powerful Statement About Garbage,2644.0,2644.0,25.0,0.009455370650529501,0.01349782024082647
26150,6818,How Much Greater Are Wall Street Bonuses Than The Earnings Of Every Minimum Wage Worker In The US?,2091.0,2091.0,22.0,0.010521281683405069,0.013752756489706357
26151,6818,They Make It Rain On Wall Street. But A Lot Of Other People Are Hanging Out To Dry.,1968.0,1968.0,13.0,0.0066056910569105695,0.0013517607737825862
26152,6818,"Here's What The Monopoly Man Was Missing In His Quest For More, More, More",2004.0,2004.0,21.0,0.010479041916167664,0.007483212707133556
26154,6818,"A Rich Guy Once Said To Me, ‘If You Got A Lot Of It, Spend It.’ Here’s Why He Was Exactly Right.",1941.0,1941.0,40.0,0.020607934054611025,0.008337342685806931
26155,6818,"Next Time You’re Spending Your Ass On Groceries, Try Not To Think About These Bar Charts. Or Do.",2057.0,2057.0,48.0,0.02333495381623724,0.01522165964133269
26173,6823,These Filmmakers Almost Had To Abandon Their Project To Change America In A Wonderful Way. Almost.,2017.0,2017.0,40.0,0.01983143282102132,0.01159244868999202
26174,6823,They Almost Had To Abandon A Film That Could Help Change America In A Wonderful Way. Almost.,1989.0,1989.0,34.0,0.017094017094017096,0.009292856170899977
26213,6832,#Whaling Is The New #Planking And The New #Twerking And This Is The Best Video Of It,1975.0,1975.0,44.0,0.022278481012658228,0.012499865361655132
26214,6832,#Whaling Is The New #Planking And The New #Twerking And This Is The 1 Video You Need,2063.0,2063.0,50.0,0.024236548715462918,0.00851793482165681
26223,6835,"Unless You're Ridiculously Wealthy, I Have A Feeling This Graph Might Make You Pretty Angry",3172.0,3172.0,45.0,0.014186633039092055,0.020446619405243477
26224,6835,Are You As Rich As Donald Trump? No? Then Here's A Graph That Might Make You Pretty Angry.,3241.0,3241.0,47.0,0.014501697007096576,0.009879218313037959
26226,6835,Are You Rollin' In The Dough? No? Here's A Graph I'd Like You To See.,3257.0,3257.0,29.0,0.008903899293828677,0.010467276843429156
26227,6835,Do You Make Mad Cash Money? No? Then Here's A Graph That Might Make You Pretty Angry.,3271.0,3271.0,26.0,0.007948639559767655,0.016454056528983782
26228,6835,Are You Rollin' In The Dough? No? Me Neither. Let's Get Mad At This Graph Together.,3222.0,3222.0,18.0,0.00558659217877095,0.006008519456132145
26233,6837,A Clever Satire That Shows Racism For What It Is,3195.0,3195.0,65.0,0.02034428794992175,0.02033315379575502
26234,6837,A Clever Satire That Shows Racial Profiling Not-So-Subtle Thing It Is,3210.0,3210.0,59.0,0.01838006230529595,0.018639983595023522
26235,6837,A Clever Satire That Shows Points Out The Problem With Racial Profiling In An Easy-To-Understand Way,3297.0,3297.0,55.0,0.01668183196845617,0.02024105426490526
26236,6837,A Clever Satire That Shows Racial Profiling For What It Is,3280.0,3280.0,86.0,0.02621951219512195,0.02083061362126586
26237,6837,A Clever Satire That Shows Points Out The Problem With Racial Profiling In A Very Simple Way,3219.0,3219.0,48.0,0.014911463187325256,0.021845955456719565
26267,6845,A Man Of God Seeks An Army Of Soccer Moms To End The Violence In A Great American City,2491.0,2491.0,22.0,0.008831794460056202,0.007120589286328905
26268,6845,The US Has Its Own Gun-Toting Kid Soldiers. There’s A Reason So Many Of Us Don't Know About Them.,2414.0,2414.0,22.0,0.009113504556752278,0.008597343761225094
26269,6845,The Tragic Reason A Priest Is Calling For The Support Of Suburban Soccer Moms,2398.0,2398.0,26.0,0.010842368640533779,0.013437437663253454
26270,6845,"Whoa, These Kids Aren't Playing With Toy Guns. And That Is A Huge Problem.",2358.0,2358.0,21.0,0.008905852417302799,0.01173181773269898
26271,6845,"What Do Suburban Soccer Moms Have To Do With Inner City Gang Violence? Not Enough, Says This Priest.",2384.0,2384.0,21.0,0.008808724832214765,0.006287890690921883
26325,6858,This Very Small Number Means We Have A Very Big Problem,3702.0,3702.0,59.0,0.015937331172339277,0.015065108228916727
26326,6858,"The Next Time You Go To Vote, Remember This Number",3629.0,3629.0,32.0,0.008817856158721412,0.0032379943334203583
26327,6858,"The Next Time You See A Terrible Political Ad, Remember This Number",3573.0,3573.0,41.0,0.011474951021550517,0.010729759495083174
26328,6858,"One Of The Best TED Talks Of 2013, Remixed For Your Viewing Pleasure",3652.0,3652.0,37.0,0.010131434830230011,0.011997071990835842
26352,6864,"When What Seems Like A Simple Medical Treatment Can Save A Life, The Impact Is Like WHOA",3594.0,3594.0,11.0,0.003060656649972176,0.013720085402087096
26353,6864,The Non-Expectations Of Health Care For These Women Makes The Fact They Received It Even Sweeter,3784.0,3784.0,9.0,0.0023784355179704017,0.008897469339510621
26354,6864,What To Expect When You're Not Expecting? Women Receive Care Thanks To A Video Seen From Far Away.,3620.0,3620.0,16.0,0.004419889502762431,0.010326524572531063
26355,6864,"The World Looks A Whole Lot Smaller When You Can See The Direct, Feel-Good Impact Being Made",3592.0,3592.0,11.0,0.003062360801781737,0.01
26356,6864,"Odds Are They're Not In Uganda, But Here's Evidence They're Playing A Role In What Can Happen There",3629.0,3629.0,4.0,0.0011022320198401765,0.006217376385871947
26367,6867,"See Which Iconic, Inspiring Women A Photographer Chose To Dress Young Girls Up As",2273.0,2273.0,38.0,0.01671799384073911,0.018180878862336314
26368,6867,"These Adorable Girls Are Dressed Up As Inspiring, Bold Women Who Helped ""Pave The Way""",2274.0,2274.0,33.0,0.014511873350923483,0.005880283695584903
26369,6867,"How Do You Inspire Young Girls? Dress Them Up As Bold, Awesome Women To Remind Them That They Can",2197.0,2197.0,36.0,0.016385980883022302,0.011246355650206609
26370,6867,See The Inspiring Women A Photographer Wanted Girls To Look Up To (By Dressing Them Up As Them!),2147.0,2147.0,35.0,0.016301816488122962,0.015650110207530248
26371,6868,You Watched A Clip On Upworthy...And Then It Won An Oscar.,1986.0,1986.0,14.0,0.007049345417925478,0.009250932980665148
26405,6875,"If You’re Drinking From A Plastic Water Bottle, This Baby Is Judging You",3658.0,3658.0,44.0,0.01202843083652269,0.012280672470924835
26406,6875,"Superhero Baby Joins Adorable Rap Crusade, Shares Green Message With World",3555.0,3555.0,21.0,0.00590717299578059,0.007280212912877303
26407,6875,Plastic Bottles Are A Huge Waste Of Our Money And The Planet’s Oil. Even A Baby Knows That.,3667.0,3667.0,30.0,0.008181074447777475,0.010216936256364707
26408,6875,Will An Adorable Toddler Finally Be Enough To Guilt Us Into Dropping This Dumb Habit?,3646.0,3646.0,96.0,0.026330224904004388,0.01542635881899534
26409,6875,Why A Rapper And A Toddler Nearly Started A Brawl With A Bunch Of Teenage Soccer Players,3679.0,3679.0,70.0,0.019026909486273443,0.020696739227286758
26410,6875,This Adorable Caped Sidekick And His Friend Have An Argument You Can’t Argue With,3603.0,3603.0,56.0,0.015542603386067166,0.009227765000153319
26411,6875,"‘Bottles Are For Babies,’ Says Sophisticated Toddler On Environmental Crusade",3611.0,3611.0,34.0,0.009415674328440876,0.014531442481207133
26433,6881,"If A Movie Doesn't Pass These 3 Simple Questions, Hollywood Needs To Sort Itself Out",3113.0,3113.0,42.0,0.013491808544812078,0.016037213416810105
26434,6881,What The Bechdel Test Is And Why Every Movie In Hollywood Needs To Pass It,3258.0,3258.0,34.0,0.010435850214855739,0.012749266168619752
26435,6881,Do Women Have A Conversation About Anything Other Than Men? No? Then It Fails This Test.,3218.0,3218.0,45.0,0.013983840894965818,0.026212199629181705
26436,6881,"Women In Movies Always Talk About Men. If They Don't, Why Do So Many Films Fail This Test?",3295.0,3295.0,31.0,0.009408194233687404,0.022942867334859004
26450,6885,"At First He Just Seems Like A Lone Crazy Person, But Then The Camera Zooms Out",3900.0,3900.0,124.0,0.031794871794871796,0.017753082313987013
26451,6885,The Best Thing About This Ad Might Also Be The Saddest: How Rarely We See It,3857.0,3857.0,52.0,0.013481980814104226,0.030236260720395737
26452,6885,A Father Daughter Duo That Is Sure To Make You Cheer,3900.0,3900.0,47.0,0.012051282051282051,0.008890227349528273
26453,6885,Maybe The Best Cheerleading Routine You'll See All Season,3862.0,3862.0,66.0,0.017089590885551526,0.0213885704061074
26454,6886,A Supersized Art Project Shows Us Something Tragic That Always Happens But We Rarely Ever See,3888.0,3888.0,77.0,0.019804526748971193,0.022940751780830347
26455,6886,A Supersized Art Project Shows Us Something That Happens All The Time But We Rarely Ever See,3910.0,3910.0,67.0,0.017135549872122763,0.018465280274706376
26456,6886,A Sneaky Art Project Shows Us Something That Happens All The Time But We Rarely Ever See,3892.0,3892.0,74.0,0.019013360739979446,0.02121833106442681
26480,6892,"Dangit, I Want The Right To Make Less Money With Fewer Benefits. Wait, What?!",3924.0,3924.0,8.0,0.0020387359836901123,0.00893579720955337
26481,6892,How About The Right To Not Get Screwed Over By Shady Employers?,3863.0,3863.0,9.0,0.0023297954957287085,0.011237337074225634
26568,6914,"I Don't Expect A Vegan Diet To Support My Efforts To Get Buff For The Summer, But That May Be Wrong",7976.0,7976.0,90.0,0.011283851554663993,0.005392359002518301
26569,6915,Are You One Of The People Being Robbed On The Job?,5759.0,5759.0,28.0,0.004861955200555652,0.00656205765823928
26570,6915,"Minimum Wage Employers Get Away With Low Wages, But NO Wages?!",5670.0,5670.0,30.0,0.005291005291005291,0.012959249306083347
26571,6915,The One Where 'The Hamburglar' Taught McDonald's Management How To Steal Things,5575.0,5575.0,46.0,0.008251121076233183,0.0174526977715802
26572,6915,"When Workers Steal From A Company, They Go To Jail. When Companies Steal From Workers, However...",5555.0,5555.0,44.0,0.007920792079207921,0.014094939998558428
26573,6915,The Biggest Robbery Of Our Time Happens Every Pay Day,5608.0,5608.0,39.0,0.00695435092724679,0.02147706080150747
26578,6917,The One Where 'The Hamburglar' Taught McDonald's Management How To Steal Things,5437.0,5437.0,41.0,0.0075409233032922565,0.017732140816239337
26579,6917,'Do You Want A Full Paycheck With That?',5477.0,5477.0,27.0,0.004929706043454446,0.0107122432799366
26580,6917,Have You Ever Worked 'Off The Clock'?,5372.0,5372.0,41.0,0.00763216679076694,0.0067139349555510736
26593,6921,"After Workouts, Not Many People Think To Eat Something Vegan. Apparently, It May Be The Move",5568.0,5568.0,41.0,0.0073635057471264365,0.00925008283785414
26594,6921,Whats Different About This Guy's Goals For Getting Ripped In The Gym? He's Attempting It Vegan,5729.0,5729.0,42.0,0.007331122359923198,0.01586559011943516
26595,6921,Proof That Eating Vegan And Getting The Muscles Can Co-Exist,5667.0,5667.0,28.0,0.0049408858302452795,0.00916076425446061
26596,6922,Watch A Hilarious Actress Shut Down People's Body-Shaming Comments About Her Outfits,5394.0,5394.0,216.0,0.04004449388209121,0.024272912341724316
26597,6922,Give It Up For The Realness She Delivers To All The People With Annoying Weight Comments,5530.0,5530.0,132.0,0.023869801084990958,0.020322499157650883
26598,6922,"Not Being A Size Zero Does Not Mean You Are ""Letting Yourself Go,"" As This Actress Reminds Us",5485.0,5485.0,127.0,0.023154056517775752,0.02134118733784032
26599,6922,An Woman Goes On TV And Is Applauded For Ability To Dress Herself: Today In Hollyweirdness,5400.0,5400.0,124.0,0.022962962962962963,0.01885666722161451
26619,6928,Do I Have Your Consent To Show You This Video About The Part Of Sex That's Often Overlooked?,6258.0,6258.0,230.0,0.036752956216043464,0.020768725116141362
26620,6928,Do I Have Your Permission To Show You This Video About The Part Of Sex That's Often Misunderstood?,6250.0,6250.0,219.0,0.03504,0.020086891526829596
26622,6928,Will You Let Me Show You This Video About The Part Of Sex That's Often Overlooked?,6309.0,6309.0,193.0,0.030591218893644,0.026603568537164845
26623,6928,Do I Have Your Permission To Show You A Video About The Part Of Bedroom Fun That's Often Overlooked?,6189.0,6189.0,183.0,0.02956858943286476,0.02163881166728616
26624,6928,Do I Have Your Consent To Show You A Video About A Part Of The Whole Sex Thing That's Misunderstood?,6200.0,6200.0,173.0,0.027903225806451614,0.020765503066501236
26634,6931,A Powerful Photo Series Shows Nine Normal People Spilling Their Illegal Secrets,5425.0,5425.0,188.0,0.034654377880184335,0.017982528024462763
26635,6931,A Powerful Photo Series Shows Nine People Revealing Their Illegal Secrets,5537.0,5537.0,172.0,0.03106375293480224,0.015844100595780848
26636,6931,Powerful Photography Shows Nine People Spilling Their Illegal Secrets,5486.0,5486.0,161.0,0.02934742982136347,0.009765480195920075
26637,6931,A Compelling Photo Series Shows Nine People Spilling Their Illegal Secrets,5196.0,5196.0,148.0,0.02848344880677444,0.016799765884623036
26638,6931,A Powerful Photo Series Shows Nine People Spilling Their Criminal Secrets,5504.0,5504.0,136.0,0.024709302325581394,0.019524125679339602
26639,6932,When Do Girls Start Hiding In Front Of Cameras? It's So Much Better When They Smile.,3299.0,3299.0,31.0,0.009396786905122764,0.020502262639075702
26645,6935,What Will It Take To Get Politicians To Care About Climate Change? One Guy Has An Idea.,3213.0,3213.0,27.0,0.008403361344537815,0.0052068111737752915
26646,6935,One Guy's Brilliant Summary Of Where We Are And Where We Need To Go On Climate Change,3166.0,3166.0,25.0,0.007896399241945672,0.0015297323274528038
26648,6935,"Congress Might Not Care About Climate Change, But There Is A Way To Make Them Care",3304.0,3304.0,16.0,0.004842615012106538,0.009422567381281242
26649,6936,"OK, Time To Give OkCupid Some Hearts For Such A Brilliant Gesture",3223.0,3223.0,32.0,0.009928637914986037,0.017272253947975706
26650,6936,"Bigoted Internet CEO, Meet Dating Site That Is All About Love. You’re Welcome.",3211.0,3211.0,34.0,0.01058860168171909,0.012355576034748614
26652,6936,An Internet Browser Company Has A New CEO Who Is A Bigot. This Huge Dating Site Decided To Respond.,3196.0,3196.0,50.0,0.015644555694618274,0.018637639853562815
26653,6936,"Oh, The Burn! OkCupid’s Excellent Response To Firefox CEO’s Hate.",3297.0,3297.0,46.0,0.013952077646345162,0.023409875249238606
26654,6936,"OkCupid Responds To Hate With Love, And Browsers",3227.0,3227.0,25.0,0.0077471335605825845,0.011432699170366397
26662,6940,Busting The Top 5 Immigration Myths,3130.0,3130.0,24.0,0.0076677316293929714,0.007835242793068426
26663,6940,"The Top 5 Immigration Myths, Busted In One Minute",3248.0,3248.0,35.0,0.010775862068965518,0.012170149963454014
26664,6940,This Ain’t No Ellis Island: The Top 5 Immigration Myths.,3320.0,3320.0,45.0,0.01355421686746988,0.005531744637213785
26665,6940,The Top 5 Myths About People Coming To Our Country,3254.0,3254.0,37.0,0.011370620774431468,0.0031673763378827595
26666,6940,For Your Consideration: The Top 5 Myths About Immigration.,3235.0,3235.0,31.0,0.009582689335394128,0.003024076231735725
26722,6952,Ever See A Sad Horse Gallop Free Or A See A Pigeon Crying In A Tree? They May Have Life Figured Out.,3192.0,3192.0,19.0,0.005952380952380952,0.009186326969966322
26723,6952,A Pair Of Quotes On Happiness From Over 75 Years Ago That Are Still Helpful Today,3248.0,3248.0,38.0,0.011699507389162561,0.0013600353949419376
26724,6952,The Grass Just May Be Happier On The Other Side Of Your Click,3130.0,3130.0,12.0,0.0038338658146964857,0.01
26725,6952,"If You Think The Grass Is Brown No Matter Where You're Standing, Maybe You Should Take This Advice",3238.0,3238.0,21.0,0.006485484867201977,0.005704224039725922
26726,6952,A Pair Of Truisms For Those Who Have Taken One Too Many Jealous Glances At The Neighbors,3253.0,3253.0,35.0,0.010759299108515216,0.012288447343695042
26727,6952,Why Those Dumb Birds Outside Your Window Tweet So Happily At 6 O'Clock In The Blasted Morning,3247.0,3247.0,25.0,0.0076994148444718205,0.009999856490824504
26742,6956,A Pair Of Quotes On Happiness From Over 75 Years Ago That Are Still Helpful Today,2663.0,2663.0,21.0,0.007885843034171986,0.00137444420067925
26743,6956,2 Vintage Quotes On Happiness That Are Still Turning Some Frowns Upside Down In A New Century,2682.0,2682.0,33.0,0.012304250559284116,0.008448933058181018
26745,6956,A Pair Of Truisms For Those Who Have Taken One Too Many Jealous Glances At The Neighbors,2710.0,2710.0,35.0,0.012915129151291513,0.012293937225051699
26746,6956,2 Century-Past Quotes On Happiness That Might Turn Our Frowns Upside Down In The Present,2713.0,2713.0,31.0,0.01142646516771102,0.008766127586538174
26747,6956,A Pair Of 75 Year Old Truisms For Those Who Take Too Many Jealous Glances At Their Neighbors,2660.0,2660.0,17.0,0.006390977443609023,0.014527200319877344
26748,6957,"A Top Black Actress Is, Now A Talk Show Host, Is In As Many Movies As Her Successors.",2436.0,2436.0,25.0,0.010262725779967159,0.021324890635984667
26749,6957,GOOD: Being In As Many Films By Year's End As The All-Time Top Black Actress. BAD: She's Not In Any.,2413.0,2413.0,34.0,0.014090343970161625,0.0056450939122115115
26750,6957,Seeing This Many Films With Top Tier Black Actresses Is Only Good If They Were Actually IN Any,2441.0,2441.0,26.0,0.010651372388365424,0.001716997885111652
26751,6957,Why Whoopi Goldberg's 'Sister Act' Is Considered The Most Pinnacle Of How Far A Certain Lady Can Go,2455.0,2455.0,34.0,0.01384928716904277,0.017922080973152767
26753,6957,Why Whoopi Goldberg Is The Most Successful Black Movie Star In Hollywood's Eyes,2378.0,2378.0,27.0,0.011354079058031959,0.015871050075228283
26816,6970,This Woman Has To 'Prove' She's A Lesbian Or She'll Be Deported To A Country That Will Imprison Her,4246.0,4246.0,46.0,0.010833725859632595,0.02109893431941924
26817,6970,This Woman Has 2 Weeks To Prove She's A Lesbian Or She'll Be Deported,4328.0,4328.0,43.0,0.009935304990757857,0.028351258046095895
26818,6970,A Lesbian May Be Deported To One Of The Most Dangerous Places In The World To Be A Lesbian,4341.0,4341.0,43.0,0.009905551716194425,0.02307558429821601
26819,6970,This Woman Will Be Jailed For Being A Lesbian If She's Deported Home,4438.0,4438.0,30.0,0.0067598017124831005,0.02003194542467695
26858,6979,The Raw Truth About How Much More You’d Pay If Walmart Wages Went Up,2217.0,2217.0,44.0,0.019846639603067207,0.013496850890226647
26859,6979,"Hey, Buddy, Can You Spare A Red Cent? Because That’s What It Would Cost If Walmart Raised Its Wages",2290.0,2290.0,19.0,0.008296943231441048,0.015012626122480886
26860,6979,A Dart To The Heart Of The Minimum Wage Debate: The Real Cost To All Of Us If Walmart Raises Wages.,2258.0,2258.0,30.0,0.013286093888396812,0.010761437195943174
26861,6979,"The Argument That Raising Wages At Big Stores Will Cost Everybody Lots More, Shot Down In 2 Minutes",2167.0,2167.0,30.0,0.01384402399630826,0.023612928854550526
26863,6979,The Real Truth About Raising Walmart Wages In 2 Minutes,2264.0,2264.0,19.0,0.008392226148409895,0.018104220442112212
26925,6992,Did You Know Being Straight Is A Choice? Just Kidding!,2226.0,2226.0,30.0,0.013477088948787063,0.010243376191570008
26928,6992,"Homosexuality Is Genetic. Homophobia? That's Learned, Holmes.",2266.0,2266.0,32.0,0.01412180052956752,0.02170556205821681
26929,6992,"If You Say Being Gay Is A Choice, Then I Say You Don't Understand The Basics Of How Science Works",2184.0,2184.0,34.0,0.015567765567765568,0.01023044123619642
26930,6992,Is Being Gay A Genetic Thing? Let's Ask Science. Because It's True.,2075.0,2075.0,46.0,0.02216867469879518,0.017103576740477515
26931,6992,The Science Of Gay,2300.0,2300.0,40.0,0.017391304347826087,0.019270857067050572
27209,7054,A Little Girl Uses A Metaphor To Get You To Think About What Stops Girls From Getting Into Science,3849.0,3849.0,115.0,0.029877890361132763,0.011122704407528834
27211,7054,A Little Girl Uses A Metaphor To Get You To Learn About What Stops Girls From Getting Into Science,3686.0,3686.0,98.0,0.026587086272381984,0.011654090565573929
27212,7054,A 6-Year-Old Girl Uses A Metaphor To Teach You About What Stops Girls From Getting Into Science,3806.0,3806.0,106.0,0.027850761954808196,0.015623519207565795
27213,7054,A Little Girl Uses A Metaphor To Get You To Think About Why There Aren't More Girls In Science,3911.0,3911.0,91.0,0.023267706468933776,0.010518581358690163
27214,7054,A 6-Year-Old Uses A Metaphor To Get You To Think About What Stops Girls From Getting Into Science,3832.0,3832.0,94.0,0.024530271398747392,0.014372112634815342
27241,7059,Which Came First? The Chicken Or The Way We've Failed Our Daughters?,3256.0,3256.0,52.0,0.01597051597051597,0.012124054293187227
27242,7059,"An Egg, A Little Girl, And The Future Of Science",3138.0,3138.0,30.0,0.009560229445506692,0.008690511583728711
27243,7059,Our Daughters Don't Want To Chicken Out Of Science Class. So Why Do We Set Them Up To?,3176.0,3176.0,39.0,0.012279596977329974,0.01046225232437671
27244,7059,An Old Anti-Drug Ad Gets Remade To Fit A Bigger Problem. It Involves Our Daughters And Chickens?,3245.0,3245.0,55.0,0.01694915254237288,0.031240516135930034
27245,7059,An Old Anti-Drug Ad Gets Remade To Fit A Bigger Problem. Girls Learned It From Watching Us.,3239.0,3239.0,66.0,0.02037665946279716,0.035729440217821
27275,7067,"Forget Traffic School, These Speeding Drivers Were Sent To Their Own Funeral",4017.0,4017.0,121.0,0.030121981578292257,0.013064669613282634
27276,7067,You Have To See A Bunch Of Folks Basically Have A Breakthrough When They Attend Their Own Funeral,4074.0,4074.0,148.0,0.03632793323514973,0.023647869154270387
27277,7067,How A Really Extreme Alternative To Traffic School Is Pretty Damn Effective,4099.0,4099.0,94.0,0.022932422542083435,0.015882292636846422
27284,7069,This Little Girl Needs Just 90 Seconds To Explain The Problem With Girls' Toys Today,4505.0,4505.0,108.0,0.02397336293007769,0.02666244690122284
27285,7069,What Princesses And Drugs Have In Common,4528.0,4528.0,101.0,0.02230565371024735,0.0224256081064121
27327,7079,"'They Say I Might Grow Out Of It, But Why Would I Want To Grow Out Of My Skin?'",4511.0,4511.0,59.0,0.013079139880292618,0.010153034587797054
27328,7079,This Guy Has Tourettes. He Wants You To Tell Everyone About It.,4568.0,4568.0,85.0,0.018607705779334502,0.011460471961298381
27329,7079,He Doesn't See What He Has As An Affliction. And Neither Should You.,4542.0,4542.0,89.0,0.019594892118009688,0.005397180514256689
27383,7093,Exactly The Right Person Explains Why Wealth Redistribution Needs To Happen Immediately,5044.0,5044.0,70.0,0.01387787470261697,0.01808474515375537
27384,7093,The Guy Who Knows A Little Something About Wealth Redistribution Explains Why We Need It STAT,5085.0,5085.0,41.0,0.008062930186823991,0.011338661819602112
27385,7093,He Is Exactly The Right Person To Explain Why Wealth Redistribution Needs To Happen Immediately,5044.0,5044.0,65.0,0.01288659793814433,0.013171166929646372
27386,7093,Exactly The Right Person Explains Why Rich People Need To Give Up Some Of Their Money,5022.0,5022.0,79.0,0.01573078454798885,0.019004905118431302
27427,7101,"Right Now, A Few Hundred People Control The US Economy. Let's Try Something Different.",4142.0,4142.0,23.0,0.005552873008208595,0.01026239523805712
27428,7101,There's This Whole Other Way Of Doing Things That's Going To Make A Lot Of People Rich(er) In The US,4341.0,4341.0,35.0,0.008062658373646624,0.008489338637244664
27429,7101,How We Can Make The US Economy One To Be Admired — For The Right Reasons,4284.0,4284.0,24.0,0.0056022408963585435,0.01
27430,7101,How Democracy And Capitalism Can Be Combined For The Greatest Good Of The Country,4323.0,4323.0,17.0,0.003932454314133704,0.0011533017446952037
27431,7101,Capitalism Is Dying. It’ll Probably Go To Hell. But Something A Lot Better Is Taking Its Place.,4118.0,4118.0,49.0,0.011898980087421079,0.010205460865962334
27432,7101,How We Can Tweak Capitalism To Make A Lot More People Rich(er) And Happier In The US,4167.0,4167.0,28.0,0.00671946244300456,0.0045343021919800495
27482,7111,"Women Should Be Seen Equal By Now, Don't You Think?",2555.0,2555.0,24.0,0.00939334637964775,0.007126116538237202
27483,7111,Are You Ready For The Autocomplete Truth On Women's Rights?,2562.0,2562.0,15.0,0.00585480093676815,0.008683867056647762
27484,7111,A Worldwide Ignorance Of The Facts Is Not What We All Need To Move Forward,2618.0,2618.0,18.0,0.006875477463712758,0.016300442925691612
27485,7111,"Who's Going To Stop The Broken Record On Women's Rights, Or Are We Just Going To Let It Play?",2616.0,2616.0,19.0,0.007262996941896025,0.003170840102927012
27490,7113,"Say Half Of This To Your Daughter's Boyfriend, She'll Disown You. She'll Hug You For The Last Part.",2606.0,2606.0,92.0,0.035303146584804296,0.029599387807615042
27492,7113,"If Your Dad Said The First Part Of This, You Would Hide In Horror. You Might Hug Him For The Rest.",2722.0,2722.0,74.0,0.02718589272593681,0.02837694027801262
27493,7113,Everything Her Dad Says In The First Half Of This Would Horrify Her. The Rest Of It Is Awesome.,2545.0,2545.0,66.0,0.02593320235756385,0.02756490860526165
27561,7126,"If The World's Gettin' You Down, Remember That These Amazing Things Could Actually Be Possible",2012.0,2012.0,15.0,0.007455268389662028,0.005352533830381511
27562,7126,Kids Aren't The Only Ones Who Deserve This Stuff. Everyone Does.,2060.0,2060.0,8.0,0.003883495145631068,0.009272586400935605
27563,7126,"You May Be Preoccupied By Today, But Don't Forget To Dream Big For Tomorrow",2083.0,2083.0,8.0,0.003840614498319731,0.01
27564,7126,"If We Don't Dream Big And Aim For These Goals, What Will Become Of Our Children?",1903.0,1903.0,6.0,0.0031529164477141357,0.01338577871641616
27565,7126,What Does The Future Look Like? I'd Be Pretty Darn Excited If It Looked Like This.,2017.0,2017.0,19.0,0.009419930589985127,0.006040666040515474
27566,7126,Watch A Stunning Video Give A Glimpse Of The World We Should Aim For,2025.0,2025.0,14.0,0.006913580246913581,0.014574373420964112
27567,7126,We Owe It To Our Kids To Make A World Like This Reality,2009.0,2009.0,12.0,0.005973120955699353,0.009313694681508989
27600,7133,"Hillary Clinton Confirms That There Are Double Standards In The Media, Shocks Exactly Nobody",2029.0,2029.0,21.0,0.010349926071956629,0.010074685821251993
27602,7133,Hillary Clinton Waxes Eloquent On Double Standards In The Media,2057.0,2057.0,21.0,0.010209042294603793,0.010919618740976206
27679,7146,A 2 Minute Pretzel Of A Monologue. An Emotion Pretzel.,2095.0,2095.0,9.0,0.0042959427207637235,0.016538189172850215
27680,7146,"This Guy Thinks Rape Is Hilarious, And For Once, I Agree With Him",2118.0,2118.0,34.0,0.016052880075542966,0.01410970038608567
27681,7146,"A Guy Talks About Rape From A Man's Perspective. (And It's Not What You Think, Either.)",2157.0,2157.0,47.0,0.021789522484932777,0.020837563992466453
27682,7146,A Man Talks About Rape And Shows You How Many Twists And Turns An It Truly Has,2028.0,2028.0,36.0,0.01775147928994083,0.009965532875737024
27683,7146,A Man Talks About Comedy And Rape And Childhood And Happiness. I'm Just Sitting Here Amazed.,2145.0,2145.0,23.0,0.010722610722610723,0.009438237475764815
27684,7146,A 2 Minute Monologue That Has Me Thinking About A Serious Topic In A Whole New Light,2181.0,2181.0,11.0,0.0050435580009170105,0.015535057952864646
27705,7151,If You Think That A Brighter Future Is Possible You've Come To The Right Place,2993.0,2993.0,12.0,0.004009355162044771,0.004340767899082876
27706,7151,"These Are Some Amazing Goals To Have, And Finally A Huge Company Might Actually Help Us Get There",3017.0,3017.0,13.0,0.004308916141862778,0.006425317806026254
27708,7151,A Huge Company Decides To Step Up And Do Something To Make Sure Our Grandkids Will Have A World,3033.0,3033.0,37.0,0.012199142762940983,0.010094027320099052
27709,7151,"Watch This Beautiful, Inspiring Video Of A Huge Company Actually Doing Good Stuff",3034.0,3034.0,30.0,0.00988793671720501,0.01671734408181196
27710,7151,Could It Actually Be Possible To Live A Fantastic Life Without Ruining The Planet For Our Grandkids?,3019.0,3019.0,20.0,0.006624710168930109,0.0026352104711437766
27711,7151,Reality Check: Is Your Lifestyle Stealing From Future Generations? Time To Put A Stop To That.,2997.0,2997.0,18.0,0.006006006006006006,0.002356133074856529
27738,7158,The Way One Can Erase All Of The Moments In Women's History With Just 11 Letters,2998.0,2998.0,69.0,0.023015343562374918,0.01875750885334402
27739,7158,A Funny Way One Can Erase All Of The Moments In Women's History With Just 11 Letters,3065.0,3065.0,68.0,0.022185970636215333,0.02248508454419181
27799,7173,Wanna Know Why Nearly A Million Young Americans Drop Out Of High School Every Year?,2587.0,2587.0,27.0,0.010436799381522999,0.011084959367678494
27800,7173,Sh*t Has To Get Pretty Bad For A Kid To Drop Out Of School. Maybe We Ought To Hear That Kid’s Story?,2528.0,2528.0,32.0,0.012658227848101266,0.011758882298120589
27802,7173,'Be Cool. Stay In School?’ If Only It Were As Simple As That.,2480.0,2480.0,13.0,0.005241935483870968,0.007742281201447618
27803,7173,Seeing How Many Kids Drop Out Of High School Each Year Shows Why This Contest Matters,2519.0,2519.0,14.0,0.0055577610162763,0.007868316469618771
27819,7177,A Look At How Women Around The World Are Handling Climate Change,4101.0,4101.0,13.0,0.0031699585466959277,0.0047267372100892775
27820,7177,"These Women Now Have The Power To Change Their Lives, And Now They're Doing It For Themselves",4073.0,4073.0,9.0,0.00220967345936656,0.007896246787906371
27821,7177,A Look At How Women Around The World Affected By Climate Change Survive (and Thrive) Through It,3961.0,3961.0,13.0,0.003281999495077001,0.002343936362863835
27823,7177,Women Play A Key Role In Communities Fight Against Climate Change,3969.0,3969.0,6.0,0.0015117157974300832,0.0010225523789471965
27824,7177,You Don't Have To Be In America To Care About Climate Change,4069.0,4069.0,4.0,0.0009830425165888424,0.01
27825,7177,Think Climate Change Just Means Snow And Summer Alternate Every Day?,4014.0,4014.0,13.0,0.0032386646736422523,0.008672424919213427
27939,7198,There Are Many Reasons Not To Attend The Circus.  Here Are Some Of The Most Heartbreaking.,2567.0,2567.0,20.0,0.007791195948578107,0.01514648306087564
27940,7198,"Constant Fear, Chaining, Confinement, And Abuse.  And In 2014, We Call It Entertainment.",2537.0,2537.0,16.0,0.0063066614111154905,0.011089747781254053
27975,7206,You Probably Can't Beat This Kids Game. But That's Kinda The Point.,3594.0,3594.0,41.0,0.011407902058987202,0.012329241363620732
27977,7206,You Probably Can't Beat This Cute Lil' Game. But That's Kinda The Point.,3596.0,3596.0,31.0,0.008620689655172414,0.009899866568241484
27978,7206,You Probably Can't Beat This Arcade Game. But That's Kinda The Point.,3452.0,3452.0,23.0,0.006662804171494786,0.009121112583656126
28054,7221,You Probably Can't Beat This Kids Game. But That's Kinda The Point.,3299.0,3299.0,33.0,0.010003031221582298,0.012329241363620732
28055,7221,Remember Choose Your Own Adventure? Here's A Way More Disturbing Version.,3218.0,3218.0,31.0,0.009633312616532008,0.02045104190978158
28056,7221,Eat The Dots. Chase The Hunger Monsters. All In A Day's Fun For Some Kids.,3205.0,3205.0,8.0,0.0024960998439937598,0.0018220447609450952
28057,7221,"It's Like An Arcade Game. But You're A Kid, Finding Food ... Chomp Chomp Chomp!",3214.0,3214.0,17.0,0.005289359054138146,0.01
28058,7221,"A Game That Explains Hunger In America AND Isn't A Drag To Play? BRB, Playing FOREVER.",3217.0,3217.0,25.0,0.007771215418091389,0.0040900808066808
28061,7222,The Best Take I've Seen On Equal Opportunity In Science By The Most Qualified Person To Speak On It,3139.0,3139.0,51.0,0.01624721248805352,0.005371091196413828
28062,7222,"Asked ""What's Up With Chicks And Science?"" Neil deGrasse Tyson Breaks Down Equal Opportunity",3308.0,3308.0,41.0,0.012394195888754534,0.009456167058716942
28063,7223,"Wow. When I Was 15, I Was Trying My Best To Be Rebellious. This Girl's Got Somethin' Else In Mind.",3883.0,3883.0,67.0,0.017254699974246716,0.019892496596618178
28065,7223,Meet The Teen Who's Changing The Lives Of So Many With Something You Would Just Throw Away,3816.0,3816.0,66.0,0.01729559748427673,0.0114477965216888
28066,7223,"She's Super Smart, She's Changing The Lives Of Her Neighbors, And She's ... Only 15!?",3854.0,3854.0,63.0,0.01634665282823041,0.010635053419842114
28068,7223,Being 15 Is Hard Enough Without Figuring Out How To Heat Your Neighbor's Homes In The Winter,3668.0,3668.0,28.0,0.007633587786259542,0.008437911454377134
28169,7246,These Women Got Tired Of The World Ignoring Them. So They Fixed Their Problems Themselves.,2090.0,2090.0,45.0,0.0215311004784689,0.013264252001856755
28170,7246,"A Group Of Women Got Tired Of The World Ignoring Them, So They Fixed Their Problems By Themselves",2009.0,2009.0,44.0,0.021901443504230962,0.012432706878079208
28171,7246,"Some Women Got Tired Of The World Not Fixing Their Problems, So They Did It For Themselves",1987.0,1987.0,48.0,0.02415702063412179,0.010957311720409792
28173,7246,"These Women Got Tired Of The World Ignoring Their Problems, So They Fixed It Themselves",1982.0,1982.0,49.0,0.02472250252270434,0.01158992454897391
28191,7250,That One Time A Cartoon Punched Fake Science In The Face With ACTUAL FACTS,3793.0,3793.0,93.0,0.02451885051410493,0.019061336052160573
28192,7250,Take A Shot Of This And Be Immune To Bad Science. Win-Win!,3848.0,3848.0,35.0,0.009095634095634096,0.013054311935461319
28193,7250,Shots Are Totes Scary. But So's Living Like It's 1699.,3761.0,3761.0,47.0,0.01249667641584685,0.008800680828688115
28194,7250,A Bunch Of Folks Aren't Doing One Simple Thing. And It's Bringing Us Back To 1600s,3854.0,3854.0,67.0,0.017384535547483135,0.009598563325133792
28195,7250,A Video In Which Pretty Much Every Anti-Vax Argument Is Sent Straight To Bed Without Dinner,3902.0,3902.0,79.0,0.020246027678113787,0.019936957189498502
28208,7253,"When You're For And Against Vaccines At The Same Time, Fox News Will Go Nuts On You — And Win",2287.0,2287.0,52.0,0.022737210319195452,0.013826161351931047
28209,7253,"If You Want To Be For & Against Something At The Same Time, Be Prepared For The Wrath Of Fox News",2311.0,2311.0,48.0,0.02077022933794894,0.010928097839679716
28210,7253,Apparently The Best Part About Being Against Something Is That You Can Be For It Too,2339.0,2339.0,45.0,0.01923899102180419,0.007384977092030735
28212,7253,A Celeb Is All Over The Place On Her Vaccine Stance. Fox News Has A Total Heyday With It.,2338.0,2338.0,45.0,0.01924721984602224,0.01214574399790543
28213,7253,Why Be For Or Against Something When You Can Be For AND Against It At The Same Time? Huzzah!,2316.0,2316.0,34.0,0.01468048359240069,0.008328329713986376
28275,7268,A Celeb Decides To Be For AND Against A Heated Issue And Gets Schooled By... Fox News,4079.0,4079.0,108.0,0.026477077715126255,0.028878258221125712
28276,7268,Fox News Has A Heyday With A Celeb's Stance On Vaccines. Or Shall I Say... Stances?,3955.0,3955.0,62.0,0.015676359039190898,0.0202881887133432
28277,7268,A Celeb Decides To Be On Both Sides Of A Heated Debate And Gets Schooled By... Fox News,4116.0,4116.0,132.0,0.03206997084548105,0.0288773955507618
28278,7268,"Fox News Calls Out A Celeb's Flip-Flop On A Heated Topic, And They're So Right About It",3994.0,3994.0,117.0,0.029293940911367052,0.03149725315273419
28304,7273,Two Very Powerful Women Are Asked About Double Standards. Their Responses? Not Shocking.,3147.0,3147.0,64.0,0.020336828725770577,0.013372256849367669
28306,7273,Two Powerful Women Get Asked About Double Standards. Their Responses? Thoroughly Unshocking.,3125.0,3125.0,74.0,0.02368,0.012439780027100347
28307,7273,Two Powerful Women Field Questions About Double Standards. Their Answers Definitely Won't Shock You.,3135.0,3135.0,51.0,0.016267942583732056,0.009684814598617635
28362,7285,"We Need More Women Like These In Science, Technology, Electronics, And Math",2842.0,2842.0,9.0,0.0031667839549612948,0.01179949173898948
28363,7285,"Why Is It That When She Wanted To Be A Scientist, The Only Woman She Found In Books Was Marie Curie?",2822.0,2822.0,10.0,0.003543586109142452,0.007000693341018887
28364,7285,Work That's All About Science And Math Is Missing Half Of The Population. Guess Which.,2831.0,2831.0,17.0,0.006004945249028612,0.009386615452193364
28365,7285,"If We Want More Women To Help With That Whole 'Changing The World' Thing, Maybe Start Right Here?",2832.0,2832.0,12.0,0.00423728813559322,0.006855860985409156
28444,7304,A Congressman Who's Had It Tells A Leader Of The War On Drugs Exactly What He Doesn't Want To Hear,2417.0,2417.0,56.0,0.023169218038891187,0.023090015167562487
28470,7310,"Sometimes We Take Vaccines For Granted, While Many Desperately Want Them. Here Are The Numbers.",2209.0,2209.0,7.0,0.003168854685377999,0.007589475564376124
28471,7310,1.5 Million Kids Die Annually From Medial Conditions That Are Preventable — And Other Important Info,2322.0,2322.0,1.0,0.0004306632213608958,0.008279358161329957
28472,7310,"Spending Just 24 Cents Each Could Save 118,000 Kids' Lives. Those Are Numbers I Like.",2226.0,2226.0,2.0,0.0008984725965858042,0.00450083357300109
28598,7338,Someone Decided To Imagine What The World Would Be Like If Our Role Models Had Not Been Assasinated,2210.0,2210.0,38.0,0.017194570135746608,0.010588564692627294
28599,7338,Imagine What The World Would Look Like If Our Role Models Had Not Been Assasinated,2304.0,2304.0,40.0,0.017361111111111112,0.012610653099190815
28600,7338,Imagine What The World Would've Looked Like If These Amazing People Weren't Assassinated,2206.0,2206.0,39.0,0.017679057116953764,0.009224905650459563
28601,7338,Imagine What The World Would've Looked Like If These Amazing People Had Not Been Assassinated,2208.0,2208.0,53.0,0.024003623188405796,0.009286719378195123
28602,7338,Someone Decided To Imagine What Our World Would Look Like If Our Role Models Had Not Been Murdered,2227.0,2227.0,37.0,0.01661427929950606,0.01573887628877215
28644,7347,Stick Your Money Where A Terrible Company's Mouth Is Because There's An App For That,2229.0,2229.0,10.0,0.004486316733961417,0.008584256473635981
28645,7347,Want To Scare The Pants Off Some Unethical Companies Like A Boss? There's An App For That.,2149.0,2149.0,29.0,0.013494648673801768,0.01
28646,7347,A Slew Of Companies Are About To Be Unhappy And It's Because Of How You're About To Spend Your Money,2317.0,2317.0,23.0,0.009926629261976695,0.007161974333267613
28647,7347,If Money = Power Then You're About To Become The Most Powerful Person Ever,2173.0,2173.0,15.0,0.006902899217671422,0.003113739223279628
28648,7347,You Know How Rich People Can Use Money To Vote? This App Puts That Kind Of Power In Your Hands.,2262.0,2262.0,11.0,0.004862953138815208,0.01
28703,7357,An Excellent Breakdown Of What A 'Manic Pixie Dream Girl' Is In Movies And Why They Suck,2232.0,2232.0,41.0,0.018369175627240143,0.016003116205726857
28704,7357,"If You Recognize The Woman Character Trope Described Here, You'll Shake Your Head Too",2213.0,2213.0,37.0,0.016719385449615907,0.021246277765710732
28705,7357,"Can Hollywood Stop With The Cute, Pixie Girl Who's Only There To Help The White, Straight Male Hero",2199.0,2199.0,28.0,0.01273306048203729,0.020343889314685077
28706,7357,Lady Characters There To Prop Up And Save The Male Heroes Of The Film? No Thanks.,2267.0,2267.0,24.0,0.0105866784296427,0.012171114662005617
28716,7360,"This is For Anyone Who's Heard (Or Used) The Phrase ""It Was Their Fault' About Sexual Assault",2219.0,2219.0,31.0,0.013970256872465074,0.009322108863220397
28717,7360,Ever Heard These Words Used About Sexual Assault? These Celebrities Are Saying NOPE To That.,2238.0,2238.0,49.0,0.021894548704200177,0.014684921943684535
28718,7360,A 30 Second Silencer Of All The Arguments Used By People Who Defend Sexual Assault,2206.0,2206.0,65.0,0.02946509519492294,0.009999795774329242
28895,7402,A Heartfelt Message From LGBTQ Elders To The LGBTQ Youth Of Today,2163.0,2163.0,42.0,0.019417475728155338,0.014261732483344784
28896,7402,They're Old And Gay And You Should Probably Hear What They Have To Say,2236.0,2236.0,35.0,0.015652951699463326,0.011636389862258002
28897,7402,Words Of Wisdom From A Group Of People Who Know A Thing Or Two About Life Getting Better With Age,2199.0,2199.0,27.0,0.01227830832196453,0.005656334695560433
28898,7402,"Wisdom Doesn't Always Come With Age. Luckily For Us, This Is NOT One Of Those Times.",2307.0,2307.0,25.0,0.010836584308625921,0.008256957359389343
28899,7403,Do You Know About The Poison In Your Fish Dinner? Here's One Way To Find Out.,2681.0,2681.0,32.0,0.011935844834017158,0.018955400863027622
28900,7403,Not All Fish Are Created Equal: A Super Helpful Guide To What You Should And Should Not Be Eating,2720.0,2720.0,39.0,0.014338235294117646,0.010481406629124513
28902,7403,Shrimp? Salmon? Lobster? These Tasty Treats Might Be Hiding Something Dangerous.,2723.0,2723.0,24.0,0.008813808299669483,0.004879847727844228
28903,7403,"You Might Not Be Able To See It In Your Dinner, But That Doesn't Mean It's Not Hurting You",2709.0,2709.0,29.0,0.010705057216685123,0.014690611255046013
28904,7403,There's Something Fishy Going On In My Fish. And I Don't Mean The Good Kind Of Fishy...,2774.0,2774.0,23.0,0.00829127613554434,0.0077116588520534934
28913,7406,How The Voice Inside Your Head Is A Lot Different - And Way Harsher - From What Others Are Thinking,2435.0,2435.0,49.0,0.020123203285420943,0.003280036565328194
28914,7406,Ever Had That Moment When You See Yourself In A Mirror And Don't Recognize You? This Is The Opposite,2361.0,2361.0,46.0,0.019483269800931808,0.021899291385882227
28915,7406,The Voice Inside Your Head Is So Much Different From What Anyone Else Is Thinking,2437.0,2437.0,37.0,0.015182601559294214,0.005302751634155622
28916,7406,"Your Body? Beautiful, Powerful & Strong. Sometimes It Just Takes A Different Set Of Eyes To See That",2459.0,2459.0,31.0,0.012606750711671411,0.015353043898271825
28917,7406,Ok Idea Time: Every Time We Look In The Mirror Let's Pretend We Are Looking At Someone Else,2448.0,2448.0,29.0,0.01184640522875817,0.007274968050138841
28918,7406,Be The Change You Wish To See In The World. Starting With How You Look At Yourself In The Mirror,2345.0,2345.0,20.0,0.008528784648187633,0.014501294147056058
28959,7417,Some Alarming Things You Should Consider Next Time Seafood's On The Menu,2425.0,2425.0,26.0,0.010721649484536083,0.016902796663477698
28960,7417,Some Alarming Things You Might Want To Consider About Those Toxins In Your Seafood,2419.0,2419.0,19.0,0.007854485324514262,0.01033515190306065
28961,7417,Not All Fish Are Created Equal: Find Out If You've Been Dangerously Eating The Wrong Kind,2424.0,2424.0,23.0,0.009488448844884489,0.013191411435577267
28962,7417,A Very Helpful Chart To Guide You Through The Treacherous Toxic Waters Of Seafood Dinners,2396.0,2396.0,17.0,0.0070951585976627716,0.01743953474250823
28963,7417,Uh Oh. Some Important Things You Might Want To Remember Next Time Fish Is On The Menu.,2275.0,2275.0,18.0,0.007912087912087912,0.011549220590349709
29011,7429,"Some Fascinating Facts About Penguins, Animated.",2363.0,2363.0,18.0,0.00761743546339399,0.014715884593072435
29013,7429,Everything You Ever Wanted To Know About Penguins...And Then Some.,2303.0,2303.0,10.0,0.004342162396873643,0.005102962960930733
29014,7429,Their Poop Was Once Called White Gold And They're The Ocean's Canaries In The Proverbial Coal Mine,2331.0,2331.0,10.0,0.00429000429000429,0.003103265241971888
29035,7435,A Quick Little Reminder To Everyone Who Seems To Have Forgotten What Exactly Free Speech Means,3019.0,3019.0,47.0,0.015568068896985757,0.01118966973975233
29036,7435,How Do Some Of These 'Outrageous' Performers Get Away  With That Stuff? Here's A Good Explanation.,3081.0,3081.0,43.0,0.013956507627393703,0.019108087626093735
29037,7435,People Are Always Trying To Ban Entertainers For Their Outrageous Behavior. Good Luck.,3062.0,3062.0,34.0,0.011103853690398433,0.016064061322179805
29038,7435,"What Happened To Free Speech In This Country? Nothing, Actually.",2903.0,2903.0,31.0,0.010678608336203927,0.004899608572948186
29039,7435,Tired Of Performers Having Their Free Speech Taken Away From Them? Don't Be.,3044.0,3044.0,21.0,0.006898817345597897,0.006121332364565276
29187,7464,Meet The Police Officer Who Deals With Homeless People Like Actual People,2056.0,2056.0,50.0,0.024319066147859923,0.008822640169614288
29188,7464,A Commonsense Approach To Homelessness In America?,2045.0,2045.0,26.0,0.012713936430317848,0.01
29189,7464,"Dealing With Homelessness In A Rational, Non-Confrontational Way? Why Did It Take This Long?",2031.0,2031.0,36.0,0.01772525849335303,0.013178050356445979
29190,7464,"How To Deal With Homelessness In A Reasonable, Humane Way",1969.0,1969.0,49.0,0.02488572879634332,0.010673038074126192
29247,7477,Some Kids Of Gay Parents Tell Us Their Secrets – And They’re Adorable!,3285.0,3285.0,134.0,0.040791476407914765,0.0171760842171765
29248,7477,Kids Of Gay Parents Tell Us Their Secrets – And They’re Adorable,3309.0,3309.0,124.0,0.03747355696585071,0.016297281961098985
29249,7477,Some Kids Of Gay Parents Tell Us Their Secrets – And They’re Adorable,3342.0,3342.0,119.0,0.035607420706163975,0.016782039572803584
29250,7477,Kids Of Gay And Straight Parents Tell Us Their Secrets – And They’re Adorable,3374.0,3374.0,86.0,0.025489033787788974,0.016218115068744477
29529,7536,Ever Felt Like You Needed To Start Really Living? Take A Lesson From These Inspiring People,2138.0,2138.0,20.0,0.009354536950420954,0.00017119654856744774
29530,7536,"A Man Steps In To ""Rob Them"" – And They Applaud And Join In.",2064.0,2064.0,45.0,0.02180232558139535,0.016532330154985425
29531,7536,A Cultural Movement Is Happening In The Slums Of Brazil And It's Incredibly Inspiring To See,1990.0,1990.0,23.0,0.011557788944723618,0.0036949861619804784
29532,7536,I've Never Seen People So Emotional About Poetry And Spoken Word Before — It's Wonderful To See,2011.0,2011.0,13.0,0.006464445549477871,0.009318182278808209
29561,7542,"When It Takes A Little Kid To Show You That You Should Value Your Privacy, It's Time To Do Something",2293.0,2293.0,40.0,0.01744439598778892,0.013577517363145525
29562,7542,Some Little Kids Send Reminders To Their Future Selves About The World They Want,2420.0,2420.0,32.0,0.013223140495867768,0.0031269144839357332
29563,7542,The Future Of The Internets Is In Your Hands? Better Fix This Stuff Then.,2337.0,2337.0,14.0,0.00599058622165169,0.01
29611,7554,A 7 Minute Reason To Reach For Tap Water Instead Of A Vitamin Water,3984.0,3984.0,44.0,0.01104417670682731,0.009790980021951856
29612,7554,A 7 Minute Reason To Reach For The Tap Instead Of A Vitamin Water,3966.0,3966.0,67.0,0.016893595562279373,0.008126951267151216
29613,7554,"After These 7 Minutes, I'm Reaching For Tap Water Instead",3970.0,3970.0,76.0,0.019143576826196475,0.01368024576034556
29614,7554,A 7 Minute Reason To Reach For Tap Water Instead Of Whatever You Just Bought At The Soda Machine,4154.0,4154.0,54.0,0.012999518536350506,0.009044293655455966
29615,7554,A Pretty Darn Convincing Reason To Reach For Tap Water Instead Of Whatever Else You're Thirsty For,4090.0,4090.0,61.0,0.01491442542787286,0.00988823594498318
29616,7554,A 7 Minute Reason To Reach For Tap Water Instead Of An Energy Drink,3978.0,3978.0,46.0,0.011563599798893917,0.00929422687080576
29641,7559,A Comedian Grills The Old Head Of Most Secretive Government Agency Ever. Well Done.,2273.0,2273.0,47.0,0.02067751869775627,0.011833604418396258
29659,7563,"When A Law Doesn't Make Sense, We Should Change It.",4660.0,4660.0,83.0,0.017811158798283263,0.009864761240163368
29660,7563,Laws Can Seem Like They Are Set In Stone. Turns Out They Are More Like Play Dough.,4671.0,4671.0,77.0,0.01648469278527082,0.01
29701,7572,There's A Powerful Plant That Could Change The World And This Professor Knows Where It Is,3031.0,3031.0,29.0,0.009567799406136588,0.01629456985745378
29702,7572,There's A Powerful Plant That Could Change The World And This Professor Knows Where It Is,2993.0,2993.0,24.0,0.008018710324089542,0.016268585260172653
29703,7572,"Dolphins See Through Our Swimsuits And Have Reason To Blackmail Us So Let's Tidy House For Them, Ok?",3020.0,3020.0,34.0,0.011258278145695364,0.014133866190569583
29799,7591,Ned Flanders Tries His Hand At Evolution. Lisa Simpson Plays Along Until...,3174.0,3174.0,80.0,0.02520478890989288,0.02368845836842843
29800,7591,The Simpsons Hilariously Take On ‘Creationism’ In The Form Of Ned Flanders,3247.0,3247.0,93.0,0.028641823221435173,0.019424520448445323
29801,7591,Lisa Simpson. Ned Flanders. Evolution Vs. Creationism. You’re Welcome.,3235.0,3235.0,92.0,0.028438948995363214,0.014554218676207712
29802,7591,"Science? We Don’t Need No Steeeeeenking Science To Explain Our World! Oh, Wait…",3344.0,3344.0,52.0,0.01555023923444976,0.010944736432013961
29803,7591,Evolution Vs. Creationism In One Hilarious Simpsons GIF,3227.0,3227.0,87.0,0.026960024790827392,0.009734246795882733
29808,7593,Nice Of The Daily Show To Remind Us That McDonald’s And Walmart Are America’s Biggest Welfare Queens,2042.0,2042.0,23.0,0.011263467189030362,0.024857868548702478
29809,7593,Too Bad There's A Minimum Wage. Because This Wall Street Guy's Advice Is Worth $0/Hour.,1972.0,1972.0,35.0,0.017748478701825558,0.004045933097048824
29810,7593,This Wall Street Guy Is Not Just Wrong About The Minimum Wage. He’s A Jerk About It Too!,2036.0,2036.0,30.0,0.014734774066797643,0.019694703656483598
29811,7593,Note To Wall Street Dudes: Don’t Go On 'The Daily Show' To Argue Minimum Wage. Won’t Turn Out Well.,2015.0,2015.0,29.0,0.014392059553349877,0.029217495975462467
29880,7607,A Poet Remembers 17 Times He Was Mistaken For A Girl And Throws Them Back At The World,125.0,125.0,4.0,0.032,0.020746716704761553
29881,7607,That Boy People Told Not To Act “Like A Girl”? He’s Got Something To Say.,149.0,149.0,5.0,0.03355704697986577,0.024577513000717005
29968,7626,The case for marriage equality straight out of... India?,2044.0,2044.0,21.0,0.010273972602739725,0.010987188973659478
29969,7626,Just Another Family Wedding Until... OH NO HE'S GAY,1988.0,1988.0,36.0,0.018108651911468814,0.010925558746838678
29972,7627,Women Get Paid Less Than Men For Doing The Same Work. What Happens When Men Get Less Than They Deserve?,1906.0,1906.0,32.0,0.016789087093389297,0.007363357815125676
29973,7627,What Happens When Men Get Paid Less Than They Deserve?,2012.0,2012.0,33.0,0.016401590457256462,0.0047496613159117695
29974,7627,"One ATM, One Mission: To Close The Gender Pay Gap, One Withdrawal At A Time",2079.0,2079.0,20.0,0.00962000962000962,0.010168889963528166
29975,7627,A 1 Minute Experiment To Show Men Something Women Experience Every Day,1969.0,1969.0,82.0,0.04164550533265617,0.02973468551790593
29976,7627,Nobody Should Get Paid Less Than They Deserve. But What Happens When They Do?,2066.0,2066.0,29.0,0.014036786060019362,0.010242302416745917
29977,7628,"The Media Keeps Defining What They Should Look Like. Here They Are, On Their Own Terms.",1971.0,1971.0,33.0,0.0167427701674277,0.007611838659193893
29979,7628,Think About Every Hijab You've Ever Seen On TV. Bet You've Never Seen 'Em Like This Before.,2021.0,2021.0,45.0,0.022266204849084613,0.02237150606902451
29980,7628,Mipsterz Are Somewhere In America. Who Knew?,2037.0,2037.0,20.0,0.009818360333824251,0.00516174597331343
30033,7636,In The First 5 Years Of A Child's Life There Are Many Deadly Obstacles. Here Is One Of Them.,1985.0,1985.0,14.0,0.007052896725440806,0.015495244431119392
30034,7636,Introducing The Biggest Killer Of Kids Under 5 Around The World,2087.0,2087.0,11.0,0.005270723526593196,0.01427784096560179
30035,7636,Here Are The Symptoms For The Leading Cause Of Death For Kids Under 5 Worldwide,1956.0,1956.0,6.0,0.003067484662576687,0.018364953415282215
30036,7636,Kids Under 5 Have It Tough In A Lot Of Places. Here's One Reason Why.,2037.0,2037.0,18.0,0.008836524300441826,0.00403594477733369
30111,7655,Kind Of Amazing How Quickly 'The Gay Agenda' Went From Political Bombshell To This,2699.0,2699.0,25.0,0.009262689885142646,0.019199999408401596
30112,7655,Is There A Productivity App To Keep Track Of All This? Cause The Gay Agenda Has A Lot Of Items.,2739.0,2739.0,15.0,0.00547645125958379,0.003903069494673561
30114,7655,Is This A Thing Anymore? Do You Know Anyone Who's Actually Scared Of This?,2805.0,2805.0,30.0,0.0106951871657754,0.0196856452649976
30115,7655,This Would Be The Least Scary Scary Movie Ever,2733.0,2733.0,25.0,0.009147457006952067,0.014278683088808444
30122,7657,Relationships Are Hard. Especially With A Fish. Extraspecially With A Fish That Eats Chicken.,2814.0,2814.0,20.0,0.007107320540156361,0.009066760985435223
30123,7657,Ever Eaten Fish That Tasted Like Chicken? Want To Know Why?,2824.0,2824.0,28.0,0.009915014164305949,0.008664753291710008
30124,7657,Ever Heard Of A Farm That Doesn’t Feed It’s Animals? There’s A First Time For Everything.,2894.0,2894.0,23.0,0.007947477539737388,0.012446499641389401
30125,7657,How The Most Ironic Farm I’ve Ever Heard Of Could Be The Future Of Great Food,2795.0,2795.0,23.0,0.008228980322003579,0.009677523965085174
30126,7657,You Know The Story: Chef Meets Fish. Chef Falls In Love With Fish. Fish Eats Chicken. Chef Bails.,2799.0,2799.0,27.0,0.00964630225080386,0.009001837264313476
30141,7661,"A Mother's Day Card That Doesn't Sing Out Loud, But It Might Just Save Another Mom’s Life",2405.0,2405.0,16.0,0.006652806652806653,0.013961227150210972
30142,7661,What A Cool Idea: Honor Your Mom While Saving Another Mom's Life,2380.0,2380.0,6.0,0.0025210084033613447,0.010682418550502316
30143,7661,Wouldn't It Be Cool If Your Mother's Day Card Could Do More Than Look Pretty?,2441.0,2441.0,16.0,0.006554690700532569,0.014170479965173857
30144,7661,Meet A Daughter Who's Making Sure What Happened To Her Mom Doesn't Happen To Others,2425.0,2425.0,33.0,0.013608247422680412,0.015565473502259394
30145,7661,Her Mom Passed Away When She Was 11. Now She's Saving Other Moms And Guess What? You Can Help.,2485.0,2485.0,17.0,0.006841046277665996,0.005207037630971563
30146,7661,Bring Out A Photo Of You And Mom And You Can Help Save Another Mom's Life,2398.0,2398.0,8.0,0.003336113427856547,0.017874230591932924
30157,7664,Jon Stewart Goes On Egyptian TV To Prove A Point About The Power Of Comedy,3366.0,3366.0,65.0,0.019310754604872252,0.025284983782605817
30158,7664,Jon Stewart Goes On Egyptian TV And Hilarity Ensues,3412.0,3412.0,55.0,0.01611957796014068,0.03090123120590582
30176,7669,"A Gay Athlete Comes Out At A Very Catholic University And It Changes... Nothing. Bravo, Humans.",2918.0,2918.0,60.0,0.0205620287868403,0.014560543390415294
30177,7669,"Being A Gay Athlete At A University Like This Changes... Nothing. Bravo, Humans.",2958.0,2958.0,47.0,0.015889114266396213,0.011948449497993587
30178,7669,"Being A Gay Athlete At A Very Catholic University Changes... Nothing. But Also, Everything.",3144.0,3144.0,39.0,0.012404580152671756,0.006607570623093883
30276,7692,Here's A Story That'll Disturb And Inspire Fish-Eating Foodies Everywhere,2828.0,2828.0,24.0,0.008486562942008486,0.009949092615816132
30277,7692,A Renowned Chef Gets Schooled On Flavor By Farmer,2932.0,2932.0,45.0,0.015347885402455661,0.007685295025644374
30278,7692,Some Say Wild Fish Is Better Than Farmed Fish. Here's Why That Doesn't *Have* To Be The Case.,2803.0,2803.0,22.0,0.00784873349982162,0.0032175045603296953
30279,7692,Imagine How Much More Yummy Our Food Would Be If We Just Allowed Nature To Do Its Job,2853.0,2853.0,30.0,0.010515247108307046,0.01189479774652633
30280,7692,How A World Class Chef Learned That A Delicious Meal Doesn't Start In A Kitchen,2792.0,2792.0,15.0,0.0053724928366762174,0.005472753378965145
30281,7692,"Move Over, Betty Crocker — Good Eatin' Doesn't Start With A Good Recipe",2719.0,2719.0,15.0,0.005516734093416698,0.0011034913153671229
30372,7714,Here’s Something We Can Do For Millions Of Moms That Would Make Their Day,2823.0,2823.0,31.0,0.010981225646475381,0.017333192663128494
30373,7714,Dear Mom: How About A Raise For You And Your Family?,2763.0,2763.0,14.0,0.005066956207021353,0.002608629399732958
30374,7714,Millions Of Working Moms All Across The Country Could Use Something Right Now,2821.0,2821.0,26.0,0.009216589861751152,0.0025153106402548767
30375,7714,Flowers? Candy? A Nice Card? All Fine And Dandy. But Here’s What Working Moms REALLY Need.,2906.0,2906.0,38.0,0.01307639366827254,0.015903936618959835
30388,7718,Flowers? A Nice Card? Some Candy? All Fine And Dandy. But Here’s What Working Moms REALLY Need.,3475.0,3475.0,41.0,0.011798561151079136,0.014783832141669017
30389,7718,"If You Want Something Grand For Your Mamma, Here's An Idea She'll Love",3567.0,3567.0,33.0,0.009251471825063078,0.007197057680499734
30390,7718,Working Moms Deserve More Than Praise – How About A Raise?,3529.0,3529.0,16.0,0.004533862283933126,0.008869511487401019
30391,7718,Flowers And Candy For Mom? Just Dandy. But Here’s Something She'll Find A Lot More Handy.,3616.0,3616.0,35.0,0.009679203539823008,0.003605644618342157
30392,7718,It's Time We Offered Working Moms Something They Can Actually Use,3514.0,3514.0,29.0,0.008252703471826979,0.009073359743593036
30426,7725,"Wonder What The World's Rarest Bear Looks Like? Better Hurry, Before It's Too Late.",3589.0,3589.0,61.0,0.01699637782112009,0.012985936847393673
30428,7725,Ever Wonder What The World's Rarest Bear Looks Like? Better Hurry.,3534.0,3534.0,59.0,0.016694963214487834,0.013998137060265392
30429,7725,Ever Wonder What Our Planet's Rarest Bear Looks Like? Better Hurry.,3508.0,3508.0,55.0,0.015678449258836945,0.0100148641385924
30464,7734,"This Is Like Bend It Like Beckham, But In Senegal And 10 x More Bad Ass",5674.0,5674.0,32.0,0.005639760310186817,0.015895540172510863
30465,7734,Women Don't Need To Be Married Or In The Kitchen — These Awesome Women Are Playing Soccer Instead,5655.0,5655.0,31.0,0.005481874447391689,0.006022994566034649
30466,7734,These Women In Senegal Were Told To Get Married And Stay In The Kitchen — So They Did The Opposite,5548.0,5548.0,50.0,0.009012256669069935,0.014750584343244513
30467,7734,"Things Not To Say To Women: 'You Should Be Married And Inside Cooking, Not Playing Soccer'",5605.0,5605.0,33.0,0.005887600356824264,0.008941665529026997
30729,7794,Hear About That 700-Page Bestseller On Economic Inequality? Hear The Author Explain It In Minutes.,3045.0,3045.0,24.0,0.007881773399014778,0.009212547128623605
30730,7794,Everyone's Rushing To Buy His 700-Page Bestseller On Inequality. Hear What The Big Fuss Is About.,3088.0,3088.0,18.0,0.005829015544041451,0.007207645405428127
30740,7797,Love Getting Your Preconceived Notions Crushed? You'll Want To Watch This.,3027.0,3027.0,38.0,0.012553683515031383,0.011418116110043638
30765,7802,Is Eating Fish Still A Healthy Habit?,2868.0,2868.0,24.0,0.008368200836820083,0.006295672564592816
30766,7802,Wanna Eat Healthy? Here's What To Look For When You Buy Fish.,2906.0,2906.0,21.0,0.0072264280798348245,0.008365436453405024
30767,7802,How To Buy A Fish. Yep. It's Actually Pretty Complicated.,2923.0,2923.0,21.0,0.007184399589462881,0.01
30768,7802,Tips For Eating The Healthiest Fish You Can Find,2797.0,2797.0,18.0,0.006435466571326421,0.0033694080064897644
30786,7807,HOT TIP: Here's How To Figure Out Whether Your New Squeeze Has A STD,2875.0,2875.0,48.0,0.016695652173913042,0.010425512926281457
30787,7807,Don't Make Sexual Decisions The Way You Make Grocery Decisions,2857.0,2857.0,51.0,0.017850892544627232,0.020568391634443753
30788,7807,This Video Will Make You Smarter Between The Ears And The Sheets,2875.0,2875.0,44.0,0.015304347826086957,0.009344478278584237
30789,7807,People Are Making This Mistake In Bed Every Day And It's Making Us Sick,2873.0,2873.0,56.0,0.01949182039679777,0.022153299929162856
30819,7815,Is Competence Killing Women’s Confidence?,2829.0,2829.0,22.0,0.007776599505125486,0.006108614956733472
30820,7815,"Watch How Feeling Lucky Is Costing Women $5,000 A Year",2826.0,2826.0,16.0,0.005661712668082095,0.012692430677133604
30821,7815,"“I’m Here Because I’m Lucky” Is The Worst Advice, EVER",2916.0,2916.0,34.0,0.011659807956104253,0.008275945563885738
30822,7815,"Want To Make An Extra $5,000 A Year? Stop Believing In Luck",2902.0,2902.0,19.0,0.006547208821502412,0.006533761302573757
30854,7825,A Sincere Slam Poem For The Tired And The Dreamers And Everyone In Between,3021.0,3021.0,38.0,0.012578616352201259,0.005065254764915816
30855,7825,"'When The World Knocks At Your Front Door, Clutch The Knob Tightly And Open On Up'",2975.0,2975.0,25.0,0.008403361344537815,0.0019350441931847767
30856,7825,"A Four-Minute, More-Than-A Poem That Can Lift You Up As You Keep On Truckin'",2883.0,2883.0,36.0,0.012486992715920915,0.01
30862,7827,Worried Your Kids Won't Understand How An Openly Gay Man Is In The NFL? Watch This Video.,5595.0,5595.0,78.0,0.013941018766756031,0.01778696819568154
30864,7827,Concerned Your Kids Might Be Confused By An Openly Gay NFL Player? Watch This For Help.,5630.0,5630.0,78.0,0.013854351687388987,0.0139787082228871
30865,7827,An Openly Gay Professional Football Player Could Confuse  Kids. This Will Help You Talk To Them.,5651.0,5651.0,60.0,0.010617589807113786,0.013309981225618533
30976,7855,Carl Sagan's Take On An Afterlife Is Delicate And Inspiring,3570.0,3570.0,83.0,0.023249299719887956,0.009686142224574486
30977,7855,"Why There's Probably No Heaven, But That's Perfectly Alright",3599.0,3599.0,75.0,0.020839121978327314,0.00996141055787977
30978,7855,"Whether You Believe In An Afterlife Or Not, The Life You're Currently Living Deserves Better",3620.0,3620.0,39.0,0.010773480662983425,0.013983851210656104
30979,7855,It Doesn't Have To Have 72 Virgins Or Marble Columns To Be Considered Heaven,3538.0,3538.0,41.0,0.011588468061051441,0.0059362547318796465
31094,7880,"Next Time I Need To Do Some Problem Solving, I'm Asking One Of These Kids For Advice",3592.0,3592.0,32.0,0.008908685968819599,0.010582489332562488
31095,7880,The World Has A Lot Of Problems. It's Time We Start Seriously Considering Asking Kids For Solutions.,3572.0,3572.0,33.0,0.009238521836506159,0.012357494814109967
31096,7880,Adults Have A Hard Time Seeing Beyond The World's Issues. These Kids Are Full Of Possible Solutions.,3493.0,3493.0,25.0,0.0071571714858288,0.011669508079247005
31097,7880,"Hearing These Kids Discuss Some Of The World's Problems, I'm Surprised We Even Let Adults Run Things",3566.0,3566.0,42.0,0.011777902411665733,0.012171609655673852
31098,7880,Meet A Crew Of Kids Who See A World Full Of Possibilities Where I See A World Full Of Problems,3620.0,3620.0,32.0,0.008839779005524863,0.013375224488352292
31104,7882,You Know How Some Guys Will Do Anything For Sex? I'm So Incredibly Impressed By This Former One.,3491.0,3491.0,65.0,0.018619306788885705,0.018906919803810922
31105,7882,You Know How Some Guys Will Do Anything For Sex? Let This Former One Impress You.,3484.0,3484.0,59.0,0.0169345579793341,0.01848678126826986
31106,7882,You Know How Some Guys Will Do Anything For Sex? Just Wait Until You Hear From This Former One.,3635.0,3635.0,97.0,0.026685006877579093,0.025190167742905615
31124,7886,Leave It To Some Little Kids To Come Up With Creative Ideas To Solve Huge Problems. No Big Deal.,3594.0,3594.0,54.0,0.015025041736227046,0.012342127484183452
31125,7886,Stuck In An Adult Mindset? Leave The Creativity And Problem Solving To The Kids.,3488.0,3488.0,39.0,0.01118119266055046,0.007460603827074379
31126,7886,Leave It To A Little Kid To Come Up With A Creative Idea To Solve A Huge Problem,3605.0,3605.0,72.0,0.019972260748959778,0.014368376309001058
31127,7886,Leave It To A Child To Come Up With A Creative Idea To Solve A Huge Problem. No Big Deal.,3595.0,3595.0,67.0,0.018636995827538246,0.01717728526417579
31128,7886,Leave It To A Kid To Dream Up A Creative Idea To Solve A Huge Problem. Now For Implementation ...,3564.0,3564.0,58.0,0.01627384960718294,0.011216173326219634
31165,7895,"If This Isn't The Face Of Courage and Inspiration, I'm Not Sure What Is",3616.0,3616.0,35.0,0.009679203539823008,0.008269824886071546
31166,7895,First She Got Sick. Now She's Helping The Rest Of Us Heal.,3538.0,3538.0,22.0,0.006218202374222725,0.009223211564639932
31167,7895,It Started With A Cancer Diagnosis And Led To An Award. See What Happened In Between.,3661.0,3661.0,23.0,0.0062824364927615405,0.0032082068583586983
31168,7895,A News Anchor Gets The Scare Of Her Life And Forever Changes The Lives Of Others In Response,3611.0,3611.0,58.0,0.01606203267792855,0.02223400142259497
31169,7895,Some Know Her As a News Anchor. Others Call Her Their Guardian Angel. We All Should Hear Her Story.,3534.0,3534.0,39.0,0.011035653650254669,0.012100599196884785
31170,7895,Not All Heroes Wear Capes and Masks. Sometimes All It Takes Is A News Camera.,3556.0,3556.0,24.0,0.006749156355455568,0.012254274025283484
31255,7915,You Chose To Live In Ikea Homes – These People Do Not,5074.0,5074.0,83.0,0.016357903035080803,0.013451582266147462
31257,7915,The Very Smart Way Ikea Is Helping People Living In Refugee Camps,5057.0,5057.0,48.0,0.009491793553490212,0.014815785540442791
31258,7915,"If You Had To Live In A Tent Or A House With Heat And Electricity, Which One Would It Be?",5116.0,5116.0,41.0,0.008014073494917905,0.007718217510461769
31263,7917,This Boys Parents Didn't Know He'd Commit A Crime As A Child — So What Are They To Do Now?,2595.0,2595.0,75.0,0.028901734104046242,0.01674384747933046
31264,7917,This Boy Committed A Crime When He Was A Teenager. But Is It Right To Imprison Him?,2586.0,2586.0,48.0,0.018561484918793503,0.014589453507903026
31265,7917,What Age Is Too Young To Try Children As Adults In America? This Boy Was Just A Teenager.,2496.0,2496.0,42.0,0.016826923076923076,0.025467985435640966
31335,7932,Watch A Chimp Type Out A Question It Would Like Answered,3905.0,3905.0,84.0,0.021510883482714467,0.01031436634309415
31336,7932,The Weirdly Compelling Argument To Justify Giving Chimps Some Actual Rights Under The Law,3861.0,3861.0,44.0,0.011396011396011397,0.0016036782767651237
31337,7932,"This Guy Thinks Chimps Should Have Some Rights As A Person. Weirdly, I'm Not Disagreeing.",3786.0,3786.0,37.0,0.00977284733227681,0.01
31338,7932,This Chimp Is Better At Math Than Some Of You. So Maybe We Shouldn't Call Him An Animal.,3829.0,3829.0,39.0,0.010185427004439801,0.014914141585507626
31399,7947,Why Did The Chicken Cross The Road? There Was Probably Some Sketchy Chicken Dude Harassing Her.,4829.0,4829.0,32.0,0.006626630772416649,0.011099565337199269
31400,7947,"You’re Not Giving A Compliment, You’re Trying To Get Some And Feel Powerful. And It’s Not Cool.",4758.0,4758.0,70.0,0.014712063892391762,0.008778063503717893
31401,7947,How Men & Women Can Work Together To Make Everyone Feel Safer On The Street,4639.0,4639.0,23.0,0.00495796507868075,0.013249882621308435
31402,7947,"Hey, Guy On The Street, We Both Know That’s Not A Compliment; It's Harassment",4661.0,4661.0,78.0,0.0167346063076593,0.01136184707083932
31437,7956,Before Camp They Were Enemies. Now They're Best Friends. What The Heck Happened At Camp?,2878.0,2878.0,31.0,0.010771369006254344,0.0183424860022212
31438,7956,One Girl Can Do Anything. Two Girls Can Do Everything. Even End Hate.,2837.0,2837.0,34.0,0.011984490659146986,0.014637479672264888
31439,7956,Tried to End Religious Conflict And Failed? Talk To These Girls.,2735.0,2735.0,24.0,0.008775137111517367,0.015358401942078777
31440,7956,War and Violence Can Be Complicated. 2 Girls Remind Us That Peace Doesn’t Have To Be.,2845.0,2845.0,20.0,0.007029876977152899,0.003983691446414702
31462,7961,"The Whole Problem With Education In America, Explained By One Teacher In 6 Minutes",3539.0,3539.0,67.0,0.01893190166713761,0.027986913186459204
31463,7961,"Teachers Have Infinite Patience, So When They’re Pissed, You Know Something Is Really Wrong",3654.0,3654.0,50.0,0.013683634373289545,0.02031580949882035
31464,7961,A Teacher Warns About A Crisis And I Hope Someone Is Listening,3626.0,3626.0,48.0,0.013237727523441808,0.011869195046282612
31465,7961,"Her Job Owes Her $11,000 ... So Why Does She Still Go In Everyday?",3523.0,3523.0,45.0,0.012773204655123474,0.009994262378351118
31538,7979,"We All Want To Live In An Ikea Home, Don't We? Well, Not Quite Like This.",2801.0,2801.0,39.0,0.013923598714744734,0.012120441783997266
31539,7979,"You Choose To Live In Ikea Homes – These People Do Not, But It's Actually Pretty Good That They Are",2871.0,2871.0,35.0,0.012190874259839777,0.012587304846814753
31540,7979,"A Lot Of Us Have Ikea To Thank For Our Homes – And These People Will Too, Just Not In The Same Way",2700.0,2700.0,34.0,0.012592592592592593,0.012169437732995714
31541,7979,A Lot Of Us Choose To Live In Ikea Homes – These People Do Not,2914.0,2914.0,63.0,0.021619766643788608,0.016893264469353894
31551,7982,Emily's 11th Birthday Was The First Time She Said She Didn't Want To Live. Ethan Honors Her Memory.,2614.0,2614.0,57.0,0.02180566182096404,0.023416860286964818
31552,7982,Ethan Had A Secret So Hard To Cope With That He Felt Suicidal At Age 11. He's Much Older Now.,2423.0,2423.0,39.0,0.01609574907139909,0.013088625123564858
31553,7982,"Transgender Children Are At Far Higher Risk Of Suicide. If Ethan Is Any Indication, There's Hope.",2608.0,2608.0,25.0,0.009585889570552147,0.018099282784602017
31554,7982,"What Would You Do If Your Child, At Age 11, Felt Suicidal Because They Were In The Wrong Body?",2604.0,2604.0,27.0,0.010368663594470046,0.015120746731478936
31629,7999,"Eeew, What's On That Hand? I Know A Company Guy Who Has All The Answers...",3082.0,3082.0,22.0,0.007138221933809215,0.0021266003050838716
31630,7999,"One Of The Most Truthful PSAs To Ever Grace The Internet, As Performed By A Comedy Group",3066.0,3066.0,42.0,0.0136986301369863,0.015986080852677633
31631,7999,"Hey, Mr. Company Guy – That's Crazy Talk! And Also, Very Funny.",3104.0,3104.0,24.0,0.007731958762886598,0.00040366577967542935
31632,7999,The Appropriate Phrase For Crud Covered Fish Is Cha-Ching!,3064.0,3064.0,19.0,0.006201044386422976,0.01
31637,8001,"The Earth Has Been Giving Us A Lot Of Wind And Fire Lately (The Real Kind, Not The Band)",3100.0,3100.0,15.0,0.004838709677419355,0.00977000935168192
31638,8001,John Oliver Makes A Hilariously True Point About The Climate Change Debate,3092.0,3092.0,17.0,0.005498059508408797,0.011658849097564039
31640,8001,"The Earth (and A Comedian) Has Bad News To Tell You Now. You'll Laugh, But Only To Keep From Crying.",3129.0,3129.0,27.0,0.00862895493767977,0.01523887692614501
31641,8001,"A Hot Button Topic Needs Some Attention, Or All Literally The Buttons Everywhere Will Be Hot",3023.0,3023.0,17.0,0.005623552762156798,0.01
31642,8001,A Talk Show Host Invites A Scientist (Or 96) On His Show To Spout Some Fact-y Facts,3110.0,3110.0,15.0,0.00482315112540193,0.011852039094372824
31700,8014,"These Women Posted This Photo On Facebook - But Unlike Most, They'll Face Torture For It",3104.0,3104.0,54.0,0.017396907216494846,0.024053146649184967
31701,8014,See How Happy These Iranian Women Are When They're Not Forced To Wear Clothes They Don't Want To,3035.0,3035.0,42.0,0.013838550247116969,0.01731872529150514
31702,8014,"Whats Illegal In Iran? Not Wearing A Veil And Using Facebook. Whoops, These Women Do Both.",3135.0,3135.0,32.0,0.010207336523125997,0.019889687634305302
31703,8014,"If An American Dressed Like This, No One Would Look Twice. In Iran, The Government Are Furious.",3117.0,3117.0,26.0,0.008341353865896696,0.030056200405073202
31704,8014,See The Fearless Iranian Women Who Face Torture For Refusing To Wear A Veil,3038.0,3038.0,26.0,0.008558262014483212,0.012936617249715614
31724,8019,It Took a Tsunami Hundreds of Miles Away To Change His Thoughts On Immigration,3007.0,3007.0,17.0,0.005653475224476222,0.007388642498625068
31725,8019,Where Do You Call Home If You're Japanese But Born in North Carolina?,3130.0,3130.0,18.0,0.005750798722044728,0.00035463801333707624
31728,8019,And Now For An Eye-Opening Story About Immigration That Has Nothing To Do With Politics,3113.0,3113.0,25.0,0.008030838419530999,0.0134545207121177
31759,8026,"These Women Posted This Photo On Facebook - But Unlike Most Of Us, They'll Face Torture For It",2612.0,2612.0,48.0,0.018376722817764167,0.02266441384633642
31760,8026,For Every Woman Who's Been Told How To Dress: Take Note From These Women,2567.0,2567.0,32.0,0.012465913517724971,0.013934000958435068
31761,8026,"These Women Took Off Their Veils In Protest – So Their Government Held A ""Pro Veil"" Protest",2493.0,2493.0,28.0,0.011231448054552748,0.016194704460039643
31762,8026,"Iranian Women Are Taking Off Their Veils And Wearing A Massive, Bad Ass Smile Instead",2535.0,2535.0,32.0,0.0126232741617357,0.009839318404472042
31766,8028,The Reality Of Hollywood Can Be Hilariously Unreal When It Comes To Fantasy Movies,2497.0,2497.0,34.0,0.013616339607529036,0.011658167290866722
31767,8028,"The Case For Snow White And The Seven (2 White, 1 Black, 3 Asian, And 1 Indian) Dwarves",2494.0,2494.0,28.0,0.011226944667201283,0.020766930929557344
31768,8028,Comedian Wyatt Cenac Points Out Casting Decisions Aren't As Logical As Some Directors Think They Are,2594.0,2594.0,35.0,0.013492675404780262,0.008682256249477887
31769,8028,"An Evil, Giant Glowing Eye? Sure. A Stadium Sized Elephant? Okay. A Hobbit Like Her? ABSURD!",2579.0,2579.0,41.0,0.015897634742148118,0.017873889167184652
31770,8028,The Case For Seeing More Black Wizards On Television That Aren't Playing A Game On ESPN,2602.0,2602.0,17.0,0.0065334358186010764,0.003184961103435924
31803,8035,"All The Reasons For Circumcision, And Why They're All Kinda Bogus",2503.0,2503.0,116.0,0.0463443867359169,0.024412541327396706
31804,8035,"If You're Curious About Circumcision, You Need To Watch This Video",2492.0,2492.0,106.0,0.04253611556982344,0.02464735291061547
31805,8035,The Reason America Started Circumcising Boys Is Absurdly Stupid,2580.0,2580.0,118.0,0.04573643410852713,0.03359546454024055
31806,8035,The Guy Who Invented Corn Flakes Was Trying To Ruin Your Sex Life,2538.0,2538.0,53.0,0.020882584712371945,0.01835167086689996
31851,8046,A Few Crazy Ideas (That Just Might Work) About A World With No Prisons,2613.0,2613.0,16.0,0.006123230003827019,0.0003309584034146022
31852,8046,A Few Really Intriguing Ideas About What The World Might Look Like If There Were No Prisons,2517.0,2517.0,33.0,0.013110846245530394,0.010179709002194328
31853,8046,Have You Thought About What The World Might Look Like If There Were No Prisons?,2614.0,2614.0,30.0,0.011476664116296864,0.008846468992338926
31925,8066,A Map That Sorta Implies That Some States Don't Believe Women Can Make Very Personal Decisions,3052.0,3052.0,24.0,0.007863695937090432,0.008479616260960963
31926,8066,Do These States Really Not Think Women Can Make Up Their Minds On Personal & Complex Decisions?,2965.0,2965.0,12.0,0.004047217537942664,0.008724110597940732
31928,8066,It's Sort Of Like These States Don't Believe Women Can Make Personal Decisions For Themselves,3180.0,3180.0,24.0,0.007547169811320755,0.007059204893708739
31971,8077,"If You Hate Your Body, Always Remember That The Opinion Is Not Unanimous",3085.0,3085.0,49.0,0.015883306320907616,0.015545913702460525
31972,8077,Why Pete Holmes Would Never Date A Tan Girl With Abs,3110.0,3110.0,73.0,0.02347266881028939,0.015508932278864332
31973,8077,Pete Holmes' Taste In Woman Says A Lot About Why No One Should Hate Their Body,3088.0,3088.0,74.0,0.023963730569948185,0.023455988422640326
32135,8115,We Paid For A Free And Open Internet. Are We Going To Watch It Disappear?,6941.0,6941.0,14.0,0.002017000432214378,0.013470290406250758
32136,8115,Do You Like Free Speech? It Needs Your Help.,6931.0,6931.0,15.0,0.002164189871591401,0.006384898099040304
32137,8115,American Taxpayers Funded The Internet. Now Internet Providers Want *More* Of Our Money?,6957.0,6957.0,14.0,0.002012361650136553,0.0041592174861887175
32138,8115,"Raise Your Hand If You Want Your Internet To Get Slower And More Expensive. If Not, Click Here.",6886.0,6886.0,20.0,0.002904443799012489,0.01
32200,8130,It's Hard To Look Adorable And Powerful At The Same Time. These 7 Girls Nail It.,3744.0,3744.0,57.0,0.015224358974358974,0.01734104543519368
32201,8130,"Think It’s Impossible To Empower Girls With Dresses, Makeovers And Selfies? Think Again.",3595.0,3595.0,48.0,0.013351877607788595,0.018370642349569605
32202,8130,7 Child Makeovers That Will Make You Proud To Be A Woman,3718.0,3718.0,65.0,0.017482517482517484,0.026935143501180415
32203,8130,"When Girls Taking ""Grown Up Pictures"" Can Actually Be A Good Thing",3615.0,3615.0,56.0,0.015491009681881052,0.015618433942957567
32204,8130,"These 7 Girls Took ""Grown Up"" Pictures And The Results Are Pretty Inspiring",3754.0,3754.0,105.0,0.02797016515716569,0.021110497821420084
32238,8139,He Thought He Was Prepared For His Audition But Forgot To Bring His Spice Rack,3933.0,3933.0,45.0,0.011441647597254004,0.021266442649068393
32239,8139,Here's How One Actor Turned His Cringe Worthy Audition Into Comedic Gold,3979.0,3979.0,52.0,0.013068610203568736,0.028694849774563658
32240,8139,How Do You Make The Most Of A Bad Audition? Turn It Into A Joke That Calls Out Hollywood! Bam!,3868.0,3868.0,45.0,0.011633919338159255,0.024576711997434816
32241,8139,FYI 'Spicy' Is Not The Right Way To Describe A Hispanic Person. That's Because They're Not Food.,3974.0,3974.0,38.0,0.009562154001006542,0.0036426194955224275
32242,8140,This Is What Happens When Parents Love Their Children Unconditionally,6118.0,6118.0,290.0,0.047401111474338016,0.027742916427565923
32244,8140,This Is A Story About What Happens When Parents Love And Accept Their Children Unconditionally,6170.0,6170.0,244.0,0.039546191247974066,0.013264871295685841
32256,8143,"Do Gay People Talk A Certain Way? Watch Linguists, Historians, And Gay Folks Tackle The Question.",4560.0,4560.0,104.0,0.02280701754385965,0.016147822112967017
32257,8143,Does Your Sexual Orientation Actually Affect How You Talk?,4545.0,4545.0,82.0,0.018041804180418043,0.006943355232398777
32258,8143,An Amazing Film Takes A Closer Look At How Gay People Talk (And Why It Matters),4615.0,4615.0,81.0,0.01755146262188516,0.013623072858445759
32259,8143,What Does It Even Mean To 'Sound Gay'? A Filmmaker Investigates With Celebs And Hilarity.,4591.0,4591.0,74.0,0.01611849270311479,0.01671375504844453
32260,8143,"We Often Make Assumptions About People's Sexuality Based On The Way They Talk. Wait, WHAT?",4699.0,4699.0,75.0,0.015960842732496275,0.019045223389235248
32261,8143,"A Film About Sounding Gay, With George Takei, Margaret Cho, David Sedaris, FACTS, And Hilarity",4547.0,4547.0,70.0,0.015394765779634924,0.009470157167005562
32332,8157,"A Dangerous Disease Is Becoming More Common, And These Intelligent Teens Are Here To Explain Why",3066.0,3066.0,75.0,0.02446183953033268,0.019007155098080125
32333,8157,"A Dangerous Disease Is On The Rise, And These Wildly Intelligent Teens Are Here To Connect The Dots",3017.0,3017.0,71.0,0.023533311236327476,0.018693703721227
32334,8157,"A Dangerous Disease Becoming More Common, And These Intelligent Teens Are Here To Connect The Dots",3100.0,3100.0,65.0,0.020967741935483872,0.019325434686676444
32374,8166,Has Anyone Ever Offered To Sell You Beachfront Property In Arizona? That's Almost A Possibility.,3255.0,3255.0,14.0,0.004301075268817204,0.016139066623857785
32375,8166,Neil deGrasse Tyson Drops Some Science On Why Your Future Beach House Will Be Far Inland,3129.0,3129.0,28.0,0.008948545861297539,0.009559551768212486
32377,8166,Neil deGrasse Tyson Is Spot On Talking About Climate Change And Your New Beachfront Property,3146.0,3146.0,31.0,0.009853782581055308,0.00674751989521691
32378,8166,Beachfront Property Far Inland? Yep. And Neil DeGrasse Tyson Explains The Science Of Why.,3271.0,3271.0,19.0,0.005808621216753286,0.008144170398317937
32496,8193,Bill Moyers With 2.5 Minutes Of Absolute Truth About Companies Who Pay NO Taxes,5927.0,5927.0,56.0,0.009448287497891008,0.015320182942147547
32497,8193,Bill Moyers With 2.5 Minutes Of Absolute Truth About Companies Who Pay Little Or No Taxes,5941.0,5941.0,34.0,0.00572294226561185,0.01735969125513897
32498,8193,Bill Moyers With 2.5 Minutes Of Absolute Truth About Companies Who Don't Pay Taxes,5974.0,5974.0,41.0,0.006863073317710077,0.016332009182829607
32499,8193,Bill Moyers With 2.5 Minutes Of Absolute Truth About Companies Who Avoid Paying Taxes,5858.0,5858.0,43.0,0.007340389211334926,0.015059174563130426
32500,8193,Bill Moyers With The Truth About Companies Who Don't Pay Taxes. Hint: It Means WE Pay More ...,5945.0,5945.0,12.0,0.002018502943650126,0.008433750107444838
32501,8194,"One Week, He Was An Ordinary Teen Playing Video Games. The Next, He Was Out To Change The World.",5436.0,5436.0,44.0,0.008094186902133923,0.015306960986600433
32502,8194,"One Week, He Was Doin' Homework And Playin' Video Games. The Next, He Vowed To Make A Difference.",5323.0,5323.0,43.0,0.008078151418373097,0.009529957767474572
32503,8194,How Did Watching A Movie With His Mom Prompt One Teen To Change The World?,5416.0,5416.0,32.0,0.005908419497784343,0.013862731404232291
32505,8194,"One Movie Viewing, One Trip To Iceland, And This Teen Was Determined To Make His Voice Heard",5258.0,5258.0,30.0,0.005705591479650057,0.004867742262793212
32538,8201,"The Most Inspiring Speech In The History Of Time About The Evilest, Most Boring Thing In The World",4989.0,4989.0,63.0,0.012627781118460614,0.01884270907860441
32540,8202,What Those Who Don’t Get Rich White Male Privilege Won’t Understand In One Simple Cartoon,4972.0,4972.0,87.0,0.01749798873692679,0.025219686015029132
32541,8202,What Those Who Don’t Get Rich White Male Privilege Won’t Understand In One Simple Cartoon,4892.0,4892.0,81.0,0.016557645134914145,0.025219686015029132
32542,8202,What Those Who Don’t Get Rich White Male Privilege Won’t Understand In One Simple Cartoon,4889.0,4889.0,100.0,0.020454080589077522,0.025219686015029132
32602,8215,"An Amazing Project That Will Bring Reading Skills To Millions More Kids, No Matter Their Income",4870.0,4870.0,12.0,0.0024640657084188913,0.0002839627425428072
32603,8215,"Reading Rainbow Is Coming Back, Stronger Than Ever!",4903.0,4903.0,14.0,0.0028553946563328572,0.009516107533906085
32615,8218,These Little Girls Got Married And Had Babies Before They Were Ready. Listen To Their Stories.,5018.0,5018.0,97.0,0.019330410522120367,0.01460033443414369
32616,8218,Meet Some Girls Who Got Married And Had Babies When They Were Way Too Young,4846.0,4846.0,100.0,0.020635575732562937,0.019089604546341222
32682,8233,"An Honest And Personal Look At Abortion, From A Woman Who Decided To Have One",3820.0,3820.0,64.0,0.016753926701570682,0.012442352936216369
32686,8233,She Took A Deep Breath And A Camera To Show There Is Such A Thing As A Positive Abortion Story,3807.0,3807.0,66.0,0.017336485421591805,0.004852244259396708
32687,8233,How Pro-Choice Is She? So Much So That She CHOSE To Film Her Procedure And Share Her Story.,3857.0,3857.0,47.0,0.012185636505055743,0.015818623695293882
32688,8233,See Emily Exercise Her Reproductive Freedom In Front Of The World To Add A Different Perspective,3775.0,3775.0,44.0,0.011655629139072848,0.015368467851234427
32757,8249,"Ummm, Guys? It's The Economy. It's Still ... Well, You'll See.",3267.0,3267.0,20.0,0.006121824303642486,0.006736932042370169
32758,8249,What's Happening Beyond Our Personal Bank Accounts Isn't Likely To Induce Many Smiles,3362.0,3362.0,28.0,0.008328375966686495,0.0032183194639677512
32759,8249,"Here's What Happens When We Ignore A Really, Really Big Problem",3292.0,3292.0,20.0,0.006075334143377886,0.011944188650867101
32760,8249,"The United States Of America Is A Proud Country — But Are We, Maybe, Kidding Ourselves A Little?",3394.0,3394.0,25.0,0.007365939893930465,0.014591141291769298
32761,8249,"If This Chart Looks Familiar, It's Because The Problem Hasn't Been Fixed Yet",3315.0,3315.0,24.0,0.007239819004524887,0.009122278586446722
32762,8249,"It's Like Spoiled Kids Running Amok With Little Or No Parental Guidance, But With An Entire Country",3426.0,3426.0,25.0,0.0072971395213076475,0.013271734908292185
32767,8251,"If I Shave My Legs And You Shave Your Face, Which Razor Is More Expensive?",2692.0,2692.0,43.0,0.015973254086181277,0.014078159793749717
32768,8251,Who Knew Making Products For Everyone Was Considered Bad For Business?,2723.0,2723.0,21.0,0.007712082262210797,0.004277257134032707
32769,8251,The Truth Behind 'Men's Body Wash' And 'Women's Body Wash' Will Make You Feel Dirty,2723.0,2723.0,93.0,0.034153507161219246,0.01631865710305066
32770,8251,What Makes One Brand Right For Ladies And Another Right For Men? Spoiler Alert: NOTHING!,2739.0,2739.0,43.0,0.01569916027747353,0.01263825770585823
32787,8255,"How To Teach Reading, Writing, Math, Agriculture, and Cooking All At Once?!",3370.0,3370.0,19.0,0.005637982195845697,0.006563778026807944
32788,8255,Young Mind + Dirty Hands = A+ Student!,3341.0,3341.0,15.0,0.004489673750374139,0.008226082553895528
32789,8255,Here's Something That Just Might Get You Back To Your Old School,3316.0,3316.0,17.0,0.005126658624849216,0.003544586148536374
32790,8255,A Terrific Way To Prepare Kids For The Economy Of Tomorrow,3306.0,3306.0,23.0,0.0069570477918935265,0.0036364925880420533
32791,8255,What Happens When You Mix Young Minds And Dirty Hands?,3342.0,3342.0,25.0,0.007480550568521843,0.008405408581249734
32839,8266,"I Absolutely Love Sex, But If You Don't, That's Totally Cool. And Totally Normal.",3817.0,3817.0,51.0,0.013361278490961487,0.0026528981114177707
32840,8266,Here's One Graphic For All You People Who Could Care Less About Having Sex,3828.0,3828.0,72.0,0.018808777429467086,0.017173468072229067
32841,8266,The World Tells Us Something's Wrong If We Don't Wanna Have Sex. One Chart Proves The World Wrong.,3904.0,3904.0,79.0,0.02023565573770492,0.019924780024987404
32842,8266,We All Love Differently. Here's A Chart To Give You An Idea Of Just How Diverse Love Can Be.,3864.0,3864.0,43.0,0.011128364389233954,0.016008353462992456
32915,8283,Here's A Video You Can Put In The ‘I Gotta Remember To Show This To The Global Warming Deniers’ File,3937.0,3937.0,76.0,0.019304038608077216,0.007986510000635091
32916,8283,Fasten Your Seatbelts Because We Are About To Take A Ride On The ‘OMG’ Train To Waterworld,3762.0,3762.0,66.0,0.017543859649122806,0.012487975017753734
32917,8283,I Wonder If The Next Big Tourist Destination Will Be Snorkeling In Times Square?,3899.0,3899.0,23.0,0.005898948448320082,0.0037154952671357554
32940,8289,"'If People Begin To Lose Their Wealth, They Change Their Mind Real Fast.' Oh, Yes ... What He Said.",3945.0,3945.0,36.0,0.009125475285171103,0.004813079659300716
32941,8289,"'If People Begin To Lose Their Wealth, They Change Their Mind Real Fast.' Oh, Yes.",3839.0,3839.0,29.0,0.007554050533993228,0.001579743800682907
32960,8294,One Studio's Approach To Honest Filmmaking Has Me Screaming 'Take My Money!',3918.0,3918.0,30.0,0.007656967840735069,0.0042445098263946025
32961,8294,Hollywood Has A Lot To Learn About People With Disabilities. One Company Shows Them How It's Done.,3756.0,3756.0,29.0,0.0077209797657082,0.01063200046249834
32962,8294,These Filmmakers Aren't Your Typical Hollywood Types. Hence Why They're So Boss.,3942.0,3942.0,26.0,0.006595636732623034,0.01
32963,8294,They're Not Making Films About Disabilities. They're Making Films About People.,3833.0,3833.0,26.0,0.006783198539003391,0.0028550824018502164
32984,8300,"Daniel Craig, A Dress, Some Good Lighting, And An Aha Moment For Many",3793.0,3793.0,56.0,0.01476403901924598,0.020893269206326483
32986,8300,"If You Have A Fondness For Women, Perhaps You Should Consider What It Might Be Like To Be One",3906.0,3906.0,57.0,0.014592933947772658,0.01472061465382762
32988,8300,"Hearing About Women Wanting Equality Is A Drag, You Say? But What About 007 Actually In Drag?",3766.0,3766.0,46.0,0.012214551248008496,0.012265370268502477
32989,8300,"It's Definitely Not The Only Way To Consider Life As A Woman, But It Seems To Work For James Bond",3861.0,3861.0,43.0,0.011137011137011137,0.017279867858388517
33034,8310,"They Want To Stop Us From Singing At State Capitols. Wait, What?!",4020.0,4020.0,18.0,0.004477611940298508,0.009507487729597539
33035,8310,"So Long, Democracy, It's Been Good To Know Ya",3930.0,3930.0,20.0,0.005089058524173028,0.005514233140523499
33065,8318,"If You Knew How Awful Your Bad Habit Was For Some Kids In The U.S., Would You Still Do It?",5714.0,5714.0,77.0,0.013475673783689185,0.007475228285698415
33066,8318,Secondhand Smoke Sounds Like A Picnic When Compared To What Nicotine Does To Some Non-Smoker Kids,5609.0,5609.0,54.0,0.009627384560527722,0.015620376038748727
33067,8318,You Should Stop Smoking For Your Own Health. But Also For A Reason You Probably Don't Know.,5769.0,5769.0,108.0,0.0187207488299532,0.013118966142116396
33068,8318,"These Kids Don't Smoke And Aren't Suffering From Secondhand Smoke, But Nicotine Is Poisoning Them",5558.0,5558.0,65.0,0.011694854264123786,0.0073013194823164755
33234,8356,"When A Guy Says To Her That She's Asking For It, She Has A Pretty Perfect Response",4617.0,4617.0,141.0,0.030539311241065625,0.027742091208913387
33235,8356,"When A Dude Says To Her That Maybe She's Asking For It, She Has A Pretty Flawless Response",4698.0,4698.0,172.0,0.036611323967645805,0.03356696751569267
33236,8356,"When A Dude Says To Her That Maybe She's Asking For It, She Has A Perfect Response",4589.0,4589.0,161.0,0.03508389627369797,0.032730332266694764
33254,8360,An NYPD Chaplain Attended A 9-11 Service In Full Uniform. Somehow That Wasn't Enough For Some Folks.,4578.0,4578.0,91.0,0.019877675840978593,0.013631107191396806
33256,8360,What Happened To An NYPD Chaplain At A 9-11 Memorial Goes From Heartbreaking To Uplifting,4664.0,4664.0,86.0,0.01843910806174957,0.01452588979600652
33261,8362,We Need To Talk About The Disability-To-Prison Pipeline,4523.0,4523.0,17.0,0.003758567322573513,0.01
33264,8362,How A Disability Diagnosis Can Sentence Some To Prison,4734.0,4734.0,25.0,0.005280946345585129,0.004591332873698305
33291,8370,One Thing About The Legalization Of Marijuana Makes Some Of Its Supporters Cringe,6243.0,6243.0,107.0,0.017139195899407336,0.015892960528593292
33292,8370,How Legalizing Marijuana Only Ends Part Of The War On Drugs For Some People,6197.0,6197.0,40.0,0.006454736162659351,0.00533780490162105
33352,8383,They Did A Study To See How Women Are Treated In Comments. The Results Will Shock You. Except Not.,4081.0,4081.0,85.0,0.020828228375398185,0.014608167267989029
33353,8383,They Did A Study To See How Women Are Treated In Comments. You'll Totally Believe What Happens Next.,4182.0,4182.0,61.0,0.014586322333811573,0.018681755048277276
33354,8383,They Did A Study To See How Women Are Treated In Internet Comments And The Results Are–,4040.0,4040.0,51.0,0.012623762376237625,0.013733876101696213
33355,8383,They Did A Study To See How Women Are Treated In Comments. No Comment.,4150.0,4150.0,50.0,0.012048192771084338,0.010194477927401444
33410,8397,This Is Your Food Cooked On The Sidewalk. Any Questions?,4665.0,4665.0,70.0,0.015005359056806002,0.011357766660092099
33411,8397,"When A Chef Cooks A Complete Meal On The Sidewalk Because It's So Hot, There' Nothing Left To Deny",4579.0,4579.0,87.0,0.018999781611705614,0.012336188001547626
33413,8397,"Remember When You Were A Kid And Burned Your Feet Walking On The Asphalt? Yeah, About That ...",4624.0,4624.0,58.0,0.012543252595155709,0.015418492773773579
33497,8417,"You Can’t Save Lives By Reading An Infographic, But In This Case, It May Bring You 1 Step Closer",7270.0,7270.0,63.0,0.008665749656121045,0.01464070553184487
33498,8417,The Secret To Saving Millions Of Lives May Be Hiding Right Around Your Elbow,7271.0,7271.0,57.0,0.007839361848439004,0.013196905934774775
33499,8417,It’s An Act That Saves 4.5 Million Lives Every Year And It Involves Cookies. What’s Not To Like?,7210.0,7210.0,49.0,0.006796116504854369,0.010653900724031214
33500,8417,"A How-To Guide On Becoming A Hero. No, You Won’t Be Able To Fly But I Promise You’ll Save Lives.",7175.0,7175.0,42.0,0.005853658536585366,0.0057030751059167755
33696,8460,"The Next Time Someone Trash Talks A Gypsy, You Might Have A Thing Or Two To Say",4288.0,4288.0,66.0,0.015391791044776119,0.010432823282972209
33697,8460,"The Gypsies Are Making A Game-Changing Move, And They're Looking At You, Europe.",4264.0,4264.0,65.0,0.01524390243902439,0.006045703583931496
33698,8460,"Gypsies Are Finally On The World Agenda. Hey World, What Took So Long?",4352.0,4352.0,44.0,0.01011029411764706,0.006493849027074824
33699,8460,"""My Big Fat Gypsy"" Stereotype Is Over. Say Hello To The Real Roma Gypsies.",4362.0,4362.0,68.0,0.015589179275561669,0.01414038294125057
33728,8467,Some Guys In Mississippi Have Some Pretty Strong Things To Say About Gay People Kissing,5316.0,5316.0,123.0,0.023137697516930022,0.017450243602166005
33729,8467,Watching A Gay Couple Kiss Gives Some Insight Into What It's Like Walking In A Gay Person's Shoes,5239.0,5239.0,104.0,0.019851116625310174,0.02077769282175302
33730,8467,WWJD? Probably Not Make People Feel Bad — Including The Gays.,5458.0,5458.0,71.0,0.013008427995602785,0.011132192841720682
33751,8472,"Moms Usually Get All The Love, But If You Have A Dad, Are A Dad Or Know A Dad, This Video Is For You",4914.0,4914.0,109.0,0.02218152218152218,0.011489764103432337
33752,8472,"There's A Lot Of Fathers Out There, But It Takes A Special Kinda Guy To Be A Dad",4872.0,4872.0,65.0,0.013341543513957306,0.011678723772181238
33753,8472,I've Always Had Massive Respect For Dads Since Forever. And Now That Respect Intensifies.,4898.0,4898.0,67.0,0.013679052674561045,0.0075986942470492435
33780,8479,Why Would We Not Want Someone On Welfare To Have An iPhone?,5803.0,5803.0,59.0,0.010167154919869033,0.01284504237155131
33781,8479,What's The First Thing That Comes To Mind When You See A Welfare Recipient On A Cell Phone?,5749.0,5749.0,61.0,0.010610540963645852,0.0064556500379179226
33782,8479,This 1 Conversation Has The Potential To Change A Lotta Minds About Welfare,5578.0,5578.0,48.0,0.008605234851201148,0.012558219616746743
33783,8479,We All Get To Learn A Lesson Because A Blogger Was Complaining About The Poor,5786.0,5786.0,41.0,0.0070860698237124094,0.01474853545595468
33812,8486,GM’s List Of 69 Banned Words Is Idiotic And Infuriating. John Oliver Also Just Made Them Hilarious.,5676.0,5676.0,116.0,0.0204369274136716,0.02420830822397236
33813,8486,HILARIOUS: John Oliver Took GM's List Of 69 Banned Words And Called Them Out With A Genius Parody Ad,5810.0,5810.0,93.0,0.016006884681583476,0.02796720161150249
33814,8486,"GM's List Of 69 Banned Words Turned Into A Hilarious Parody Ad From John Oliver. Oh, The Mockery!",5771.0,5771.0,79.0,0.013689135331831572,0.023633997499424155
33830,8490,Here’s Why I Won't Call Those 15 Pounds 'Extra' Weight Anymore,5595.0,5595.0,58.0,0.010366398570151921,0.017367400284977273
33831,8490,Magazines Say Real People Grace Their Covers But Until I See These Types Of Folks It’s All Lies,5487.0,5487.0,50.0,0.00911244760342628,0.010463928204430937
33832,8490,"They’ve Got Rolls, Back Fat And Double Chins And Won’t Be Apologizing About That Anytime Soon",5740.0,5740.0,39.0,0.006794425087108014,0.01920355474313666
33833,8490,Our Culture Is Too Busy Hatin’ To Notice These Folks Celebratin’ Their Bodies,5747.0,5747.0,45.0,0.007830172263789804,0.01878798192610944
33902,8507,First The Universe Formed. Then Carl Sagan Was Formed To Explain It.,3072.0,3072.0,19.0,0.006184895833333333,0.018849269300413536
33903,8507,"This Is The History Of The Universe, People, Let's Pick Up The Pace",3101.0,3101.0,23.0,0.007416962270235408,0.0035635462327802507
33904,8507,"Science Is Only A Tool. The Best Damn Tool We Have, But A Tool Nonetheless.",3093.0,3093.0,18.0,0.005819592628516004,0.0168244021949163
33905,8507,The Greatest Proof Of The Existence Of God Is That Carl Sagan Was Born,3047.0,3047.0,29.0,0.009517558254020347,0.0103684634361649
33934,8514,Say You Got A Ticket. You Paid It. But The Cops Still Took You To Jail. Far-Fetched?,5837.0,5837.0,48.0,0.008223402432756552,0.01348645925703093
33935,8514,"In Some States, Being On Probation Might As Well Be A Jail Sentence. And Sometimes, Is.",5671.0,5671.0,38.0,0.006700758243695997,0.011838386363827228
33936,8514,Private Probation Companies: The New Way To Rip Off Folks Who Don’t Have Much.,5808.0,5808.0,36.0,0.006198347107438017,0.012515544364221465
33937,8514,"Next On ‘Whoa, This Is Messed Up!’ … Probation Companies Who Profit Off Of People Like You And Me",5667.0,5667.0,25.0,0.0044115052055761425,0.0049994531462294505
33938,8514,"Probation Companies Making Money Off Of People Just Trying To Pay Their Ticket. Yeah, Sounds Fair …",5738.0,5738.0,24.0,0.004182642035552457,0.017612029509869585
33994,8528,Why Is She Showing Us Her Whole Body? So We'll Notice What's Missing Next Time We Open A Magazine.,4540.0,4540.0,108.0,0.02378854625550661,0.022444564142523882
33995,8528,She's Showing Us Something That We Don't See In The Magazines. And We Might Not Even Realize It.,4662.0,4662.0,100.0,0.02145002145002145,0.01630773997250948
33996,8528,"Her Body Type Is So Ignored In The Magazines That We Don’t Even Notice It’s Missing? Ah, Now I See.",4600.0,4600.0,154.0,0.033478260869565214,0.01810662297388642
33997,8528,"When It Comes To Body Image In The Media, Here's One Type That We Don't Even Notice Missing",4660.0,4660.0,80.0,0.017167381974248927,0.018976775324975104
33999,8529,Abortion Is Super Controversial And Hard To Talk About. But Let's All Agree These Numbers Suck.,4528.0,4528.0,45.0,0.00993816254416961,0.008354597010507005
34000,8529,These Horrifying Stats Prove Why Access To Birth Control Is Important,4659.0,4659.0,50.0,0.010731916720326251,0.013173476606436684
34001,8529,What Happens When Millions Of Women Don't Have Access To Contraceptives?,4696.0,4696.0,33.0,0.0070272572402044296,0.012936912805518255
34006,8531,This Little Girl Likes To Wear Jeans And T-Shirts. Her School Doesn't Like That.,4568.0,4568.0,79.0,0.017294220665499124,0.024358831539045386
34007,8531,School Sends Letter Home Declaring That Student Isn't Dressed Appropriately...In Jeans And A T-Shirt,4632.0,4632.0,141.0,0.03044041450777202,0.022992137457209894
34039,8539,Now Your Trip To The Supermarket Can Be A Straight Up Mission,4427.0,4427.0,21.0,0.0047436187034108875,0.010782205957261416
34040,8539,​These Top 10 Make over $400 Billion A Year. ​So Who's The Boss Of Them?,4300.0,4300.0,36.0,0.008372093023255815,0.008959000123010541
34041,8539,Eating. ​We Do It Everyday.​ Here's How To Do It A Whole Lot Better.,4296.0,4296.0,41.0,0.009543761638733706,0.013812521714075127
34042,8539,These Guys Did The Detective Work. Now You Can Shop Like A Boss.,4242.0,4242.0,31.0,0.007307873644507308,0.007520228265807273
34068,8546,"Ellen Is Giving A Science Class. You Won't Need To Take Notes, It's Pretty Memorable.",4558.0,4558.0,100.0,0.021939447125932425,0.02456626154418514
34069,8546,"Imagine A Science Class That Is Fascinating, Funny, And Totally Unforgettable. Ellen Just Taught It.",4440.0,4440.0,81.0,0.018243243243243244,0.02324964678668919
34070,8546,"If Every Science Class Kicked Off Like This We Would Have Had Jetpacks, Like Ten Years Ago",4528.0,4528.0,55.0,0.012146643109540636,0.015263196289375865
34071,8546,A Science Class That Would Be Just As Fun Even If It Wasn't Taught By A TV Host,4549.0,4549.0,54.0,0.011870740822158716,0.010906607000241457
34088,8551,Why Would Someone On Welfare Have An iPhone?,5214.0,5214.0,96.0,0.018411967779056387,0.016057084731153325
34089,8551,Why Would Someone On Food Stamps Have An iPhone?,5050.0,5050.0,102.0,0.0201980198019802,0.01678148924700362
34090,8551,How Do You Feel When You See People On Food Stamps Talking On An iPhone?,5164.0,5164.0,79.0,0.015298218435321457,0.011961210066611813
34091,8551,Why Would We Not Want Someone On Welfare To Have An iPhone?,5075.0,5075.0,67.0,0.013201970443349753,0.01284504237155131
34155,8566,"If You Get To Hear One Word In Your Life That Might Totally Make You Melt, Here's One Of The Best",5143.0,5143.0,58.0,0.011277464514874587,0.01778778645373069
34156,8566,My Preference For 4-Letter-Words Falls Away When I Hear This 3-Letter-Word,5100.0,5100.0,66.0,0.012941176470588235,0.019121698073017897
34184,8574,I Don't Care If You're Pro-Life Or Pro-Choice. These Numbers Are Scary.,5244.0,5244.0,83.0,0.015827612509534707,0.011950192463038387
34196,8577,Happy Dad’s Day. Hug Your Dad If He’s Around. Hug Your Mom If He’s Not.,5099.0,5099.0,13.0,0.0025495195136301238,0.003956109328060424
34377,8621,"British Comic Thinks He Can Just Bash Our Country. He Can, He Does, And It's Freaking Brilliant.",4095.0,4095.0,75.0,0.018315018315018316,0.026642984750525893
34508,8648,One Man Busts A Myth About Technology For The Good Of Society In An Effort To Make Us Less Naive,4166.0,4166.0,36.0,0.008641382621219395,0.015311391178219448
34509,8648,One Man Goes Through Some Easy Breezy Tips For When You're Starting The Revolution,4141.0,4141.0,17.0,0.004105288577638252,0.01
34510,8648,"As Long As We Keep Holding On To Certain Myths About Technology, We’ll Be Holding Back Democracy",4096.0,4096.0,29.0,0.007080078125,0.01
34541,8654,John Oliver Would Like You To Meet The Man With One Of The Worst Moral Compasses In America,4401.0,4401.0,103.0,0.02340377187002954,0.020835445203485094
34556,8658,A Lesbian Is Not A Lesbian Because She’s Not Found The Right Guy (And Other Lesbian Information),5145.0,5145.0,70.0,0.013605442176870748,0.017483495154264943
34557,8658,"Guys, If A Girl Says She's A Lesbian Do You Know The Best Way To Hit On Her?",5061.0,5061.0,113.0,0.02232760324046631,0.024710721326314074
34558,8658,"Dudes, It’s OK To Hit On A Lesbian. If She Says ‘I’m Not Into Men’ Don’t Get Your Feelings Hurt, OK?",5141.0,5141.0,52.0,0.010114763664656681,0.02276583292624277
34559,8658,Your Penis Is Not Magic So If You're Going To Try To Hit On A Lesbian Be Ready For A Big 'No Thanks',5083.0,5083.0,96.0,0.01888648435963014,0.020273877210767295
34568,8661,"This 14-Year-Old Girl's Already Got Colleges Chasing After Her, All Thanks To Her Unexpected Hobby",5096.0,5096.0,136.0,0.026687598116169546,0.02112772389573691
34569,8661,"This 14-Year-Old Girl's Already Got Colleges Interested In Her, All Thanks To Her Unexpected Hobby",5140.0,5140.0,107.0,0.020817120622568092,0.019697272882605563
34570,8661,"A 14-Year-Old Girl's Already Got Colleges Knocking At Her Door, All Thanks To Her Unexpected Hobby",5113.0,5113.0,148.0,0.02894582436925484,0.0190108919675835
34571,8661,"This 14-Year-Old Girl's Already Got Colleges Asking After Her, All Thanks To Her Unexpected Hobby",5194.0,5194.0,146.0,0.0281093569503273,0.02149420432006052
34572,8661,"This 14-Year-Old Girl's Already Caught The Attention Of Colleges, All Thanks To Her Unexpected Hobby",5133.0,5133.0,124.0,0.02415741281901422,0.021566305710338338
34573,8661,"This 14-Year-Old Girl's Already Got Colleges Considering Her, All Thanks To Her Unexpected Hobby",5017.0,5017.0,109.0,0.02172613115407614,0.02021620486389091
34588,8665,What Would You Be Left With If Someone Took Your Race Away?,5026.0,5026.0,43.0,0.008555511341026662,0.0032447504175576753
34589,8665,"The Next Time Someone Asks Me How I Feel About Racism, This Is Exactly What I'll Say",5075.0,5075.0,67.0,0.013201970443349753,0.02327382916301208
34591,8665,"If You Can Only Feel Tall While Someone Else Is On Their Knees, You May Have A Serious Problem",5235.0,5235.0,35.0,0.0066857688634192934,0.022658325037024387
34592,8665,Millions Are Suffering From This Illness - So Why Don't We Talk About The People Who Are Sick?,5119.0,5119.0,50.0,0.009767532721234616,0.004299174253097877
34688,8687,Have You Ever Considered Entering The Lucrative Business Of Running A Prison?,3126.0,3126.0,11.0,0.0035188739603326936,0.007730863647165754
34689,8687,"1.3 Million People Live Here, They Don't Want To, And They Probably Shouldn't​",3107.0,3107.0,26.0,0.008368200836820083,0.014209070058133596
34691,8687,The Hidden Bad Guy In The War On Drugs,3085.0,3085.0,14.0,0.00453808752025932,0.015434341300173127
34692,8687,The Government Pays When Prisons Are Empty. You Do Too.,3038.0,3038.0,8.0,0.0026333113890717576,0.010903469612136465
34774,8705,Watch A Brilliantly Subtle Way Of Debunking A Ridiculous Law About Same Sex Marriage,3650.0,3650.0,27.0,0.0073972602739726025,0.021832103126332825
34775,8705,He's Asking The Most Important Question Of His Life ... Their Response? Shouldn't Matter.,3596.0,3596.0,26.0,0.007230255839822024,0.017603538863726075
34776,8705,What Will An Irishman Do To Get The Girl Of His Dreams? Ask All Of Ireland To Stand Behind Him.,3594.0,3594.0,38.0,0.010573177518085699,0.021740709974717512
34777,8705,An Irish Guy Asks A Question. 4 Million People Answer. Only 1 Should Matter.,3575.0,3575.0,47.0,0.013146853146853148,0.01879599351606802
34801,8710,To All Those Young Gay Man Who Think Their Lives Are Over Before They've Begun,2469.0,2469.0,19.0,0.007695423248278655,0.014495445119256862
34802,8710,If George Had Let These Things Stop Him He Wouldn't Be Crowned King Of The Internet Today,2515.0,2515.0,20.0,0.007952286282306162,0.0034237073214185435
34829,8716,"I Never Realized How Much Power The B-Word Held, But These Courageous Women Explain It Perfectly",3129.0,3129.0,51.0,0.016299137104506232,0.015969055122861363
34830,8716,Two Women Powerfully Interpret What It Means To Be Called A Bitch,3045.0,3045.0,41.0,0.013464696223316914,0.018984140858576
34831,8716,What Is A Bitch? Two Iron-Willed Women Break Down The Word.,3067.0,3067.0,31.0,0.010107597000326051,0.021678494585487866
34832,8716,"B-I-T-C-H. If You've Ever Wondered How 5 Letters Can Hold So Much Power, These Women Will Explain.",3064.0,3064.0,36.0,0.01174934725848564,0.02010223480043371
34906,8732,The Secret To Eating Healthy On Food Stamps Is Not As Hard As I Thought It Would Be,3581.0,3581.0,26.0,0.007260541748115051,0.016375350836511586
34927,8737,You Will Totally Believe What It Looks Like When Gay People Raise Children,3509.0,3509.0,32.0,0.009119407238529496,0.027018673769611402
34928,8737,"'How Do You Define Wholesome?' Apparently Tattoos, Gay People, Families, And Puppies Are Part Of It",3653.0,3653.0,17.0,0.0046537092800438,0.010951649233724468
34929,8737,"Hey Look At These Gay Parents Parent Their Kids. Or As I Call Them, ‘Parents’.",3634.0,3634.0,31.0,0.0085305448541552,0.01868329888844996
34958,8745,All  Teens Wonder How The World Sees Them. These Girls Are Learning To Tell The World What To See.,3547.0,3547.0,24.0,0.0067662813645334085,0.011461646641499467
34959,8745,Self-Respect Is A Hard Thing To Maintain. It’s Especially Hard When People Turn Away.,3567.0,3567.0,19.0,0.005326604990187833,0.012319122427302697
34960,8745,These Teenage Girls Have Suffered Life-Changing Burns. And They Need You To See Who They Still Are.,3622.0,3622.0,44.0,0.012147984538928768,0.015861847805116867
34994,8754,"Who Killed This Child? And Given That It Was 2 Million Years Ago, Why Do They Care So Much?",3354.0,3354.0,36.0,0.01073345259391771,0.024413552861525353
34995,8754,This Fossil Child Is Part Of The Answer To Why You Sometimes Get A Creepy Feeling About Shadows,3369.0,3369.0,67.0,0.019887206886316414,0.01662158740428418
34996,8754,This 2.2 Million-Year-Old Fossil Child Is A One Of A Kind Discovery—And It Almost Didn't Happen,3224.0,3224.0,26.0,0.008064516129032258,0.0221391361525048
35010,8758,What Would The World Cup Be Without Immigrants?,2538.0,2538.0,14.0,0.005516154452324665,0.009594833301438434
35011,8758,These Pictures Should Make World Cup Bigots Eat Their Words,2574.0,2574.0,21.0,0.008158508158508158,0.023504333801437977
35013,8758,Have You Tried *Not* Hating The Players On Your Sports Team Who Look Different Than You?,2517.0,2517.0,12.0,0.004767580452920143,0.0009612941288806459
35014,8758,"Imagine The Most Hateful Thing You Could Say To A Person. Now, Don't Say It. Even At The World Cup.",2598.0,2598.0,13.0,0.0050038491147036184,0.01514249524775308
35015,8758,"It's The World Cup. Kick A Soccer Ball, Not Someone Else's Feelings.",2530.0,2530.0,13.0,0.005138339920948616,0.006708488336174113
35022,8760,If You Think Government Is Corrupt Just Take A Listen At What This International Oil Company Does,3263.0,3263.0,19.0,0.0058228623965675755,0.01763686575761231
35024,8760,"If I Peed In Your Pool, Wouldn't You Be Upset?",3317.0,3317.0,14.0,0.004220681338558939,0.005146112694012658
35025,8760,"22 Seconds In, You're Going To Hear A Very Ridiculous Flat-Out Lie",3368.0,3368.0,40.0,0.011876484560570071,0.016121708423093215
35026,8760,This Oil Company Is So Corrupt It's Almost Impressive,3341.0,3341.0,31.0,0.009278659084106555,0.02047969943099656
35116,8779,13 Different Female Cartoon Characters And Not One Wearing A Latex Bodysuit-Yay!,2621.0,2621.0,31.0,0.011827546737886304,0.014311824879688451
35117,8779,"After One Peek, I Knew That Maya Angelou Would Have Totally Approved Their Incredible Message",2529.0,2529.0,18.0,0.0071174377224199285,0.008670802902929785
35118,8779,13 Different Women Define What It Means To Be An Incredible Woman,2599.0,2599.0,26.0,0.010003847633705272,0.012520301778763501
35191,8797,More And More Pregnant Ladies Are Being Bamboozled About Their Choices,2636.0,2636.0,24.0,0.009104704097116844,0.01360066259355669
35193,8797,More And More Pregnant Women Are Being Duped Just When They Need Help Most,2557.0,2557.0,22.0,0.008603832616347283,0.01483685841226967
35194,8797,More And More Pregnant Women Are Being Misled About Their Choices. Big Time.,2589.0,2589.0,22.0,0.008497489378138278,0.010176070072732852
35195,8798,Someone Should Remind Today's Pop Stars Of This Important Lesson,3115.0,3115.0,18.0,0.005778491171749599,0.021336489759983604
35196,8798,I Wish Someone Would Tell Today's Pop Stars A Little Something About Art,3051.0,3051.0,22.0,0.007210750573582432,0.014174283234129293
35197,8798,The Amazing Story Of How One Of The Most Famous Trumpet Players In The World Changed America,3074.0,3074.0,21.0,0.0068314899154196486,0.0007550896819859751
35198,8798,A Rock Star Of The Art World Shares An Awesome Story That Changed America—And Her Life,3065.0,3065.0,17.0,0.005546492659053833,0.002331999216526569
35199,8798,Why The Key To Fixing Society’s Biggest Problems May Be Right In Your Headphones,3042.0,3042.0,17.0,0.005588428665351742,0.009152551463775757
35287,8820,"One Bank Decided To Pay Its Workers $15 An Hour, And Its Customers Actually Supported It Even More",4042.0,4042.0,26.0,0.006432459178624443,0.015564304159299495
35288,8820,How One Bank Began Paying A Living Wage & Got More Customers. Next Up: City Workers?,4118.0,4118.0,19.0,0.004613890237979602,0.0016571925782951974
35289,8820,Doe Some City Workers Deserve $15 An Hour?,3995.0,3995.0,15.0,0.0037546933667083854,0.004766119163013673
35290,8820,The Truth: Some Very Smart Business People Want To Raise The Minimum Wage.,4183.0,4183.0,27.0,0.006454697585464977,0.006997550759793924
35291,8820,"Wait, I Thought Raising The Minimum Wage Would Be Costly To Businesses?",4029.0,4029.0,31.0,0.00769421692727724,0.008884955721633808
35487,8864,Joe Was Nervous Coming Out To His Grandfather. Which Was Silly. His Grandpa Kicks Ass.,4377.0,4377.0,87.0,0.019876627827278958,0.014282452813709053
35488,8864,His Grandfather Didn't Give A Sh*t When Joe Nervously Came Out To Him. He Loves Him Too Much.,4380.0,4380.0,97.0,0.02214611872146119,0.011688215533963136
35521,8872,Urbanites Rejoice!  You're The Way Of The Future.,4086.0,4086.0,17.0,0.0041605482134116495,0.007656883238683089
35522,8872,Cities Don't Get Usually Get Hailed For Being Pioneering In This Way,4048.0,4048.0,20.0,0.004940711462450593,0.011844893775919164
35523,8872,"Most Of Us Are Headed For The Cities, So It's Good To Hear From Someone With A Positive Attitude",4116.0,4116.0,21.0,0.00510204081632653,0.005869675573797386
35591,8888,How Many Trees Could You Save With All That Newspaper And Junk Mail?,4716.0,4716.0,11.0,0.002332485156912638,0.0024009098630863694
35593,8888,How Many Pounds Of Trash Do You Create Each Year? Hint: It's A Lot More Than You Weigh.,4841.0,4841.0,9.0,0.0018591200165255113,0.007026772870701527
35594,8888,This Infographic Guilted Me Into Changing The Way I Live. And I'm Actually Pretty Excited About It.,4859.0,4859.0,30.0,0.006174109899156205,0.0143446308097255
35595,8888,The Average Amount Of Energy You Waste In 1 Week Could Power A TV For How Many Years???,4816.0,4816.0,14.0,0.0029069767441860465,0.012883850816879412
35640,8901,The Real Fact-Checked Science Facts About Autism And Vaccines,4295.0,4295.0,29.0,0.0067520372526193246,0.018512144822209236
35642,8901,What Started The Autism-Linked-To-Vaccine Rumors In 1998? It Rhymes With Whatever Rhymes With Fraud.,4383.0,4383.0,43.0,0.009810631987223362,0.019670348343007356
35643,8901,Over 25 Million Children Were Studied To Make Sure You Knew The Real Facts About Vaccines And Autism,4322.0,4322.0,32.0,0.007403979639055993,0.016088770139747334
35644,8901,"Vaccines Took Us From 2.6 Million Deaths To Only 122,000 -- Only To Be Reversed By ... Whhaaaaaa?",4363.0,4363.0,48.0,0.011001604400641761,0.008821006857476927
35645,8901,VACCINE VILIFICATION: Why Something That Sounds So Ridiuclous Should Mean Something BIG To Parents,4324.0,4324.0,34.0,0.00786308973172988,0.011319221959399287
35646,8901,What *Actually* Started The Autism-Linked-To-Vaccine Rumors In 1998?,4308.0,4308.0,52.0,0.012070566388115135,0.022690499462579873
35657,8905,Do You Want To Know The Truth About Vaccines And Autism? This May Pinch A Little. Are You Sure?,3511.0,3511.0,23.0,0.006550840216462546,0.014626533490679706
35692,8914,"The Conflict Between These People Is Vastly Historical, And Also Incredibly Over For One Big Reason",3600.0,3600.0,23.0,0.006388888888888889,0.008116976549735578
35693,8914,Not Enough Of You Know Why Some Cowboys And Indians Have Become Best Friends All Of A Sudden,3608.0,3608.0,27.0,0.007483370288248337,0.007105822051936817
35694,8914,All Those Sworn Enemies Want In Return For Peace Is For The Government To Do Nothing,3552.0,3552.0,12.0,0.0033783783783783786,0.003031474197819132
35695,8914,Two Groups Of People That Are Known For Fighting Over Land Are Now Uniting To Protect It,3591.0,3591.0,12.0,0.003341687552213868,0.0032880090434780377
35704,8917,These People Are Leaving Earth As We Know It For 31 Days And You Probably Don’t Even Know About It,3474.0,3474.0,54.0,0.015544041450777202,0.007506852254166591
35705,8917,They're Straight Up Leaving Earth For A Month And You Probably Don’t Even Know About It,3543.0,3543.0,62.0,0.017499294383290995,0.01
35706,8917,Shouldn't More Of Us Know About These Humans Leaving Earth As We Know It For A Whole Month?,3651.0,3651.0,57.0,0.015612161051766639,0.007779084621877454
35707,8917,These People Are Leaving Earth As We Know It For 31 Days. And You Didn't Even Know!,3643.0,3643.0,64.0,0.017567938512215206,0.00601521347761624
35715,8919,A Dad’s 4 Rules About Dating His Daughter Have Nothing To Do With His Choice,4142.0,4142.0,154.0,0.03718010622887494,0.026758067478023624
35716,8919,How Many Dads Would Disagree With His Rules When It Comes To Dating His Daughter?,4167.0,4167.0,150.0,0.03599712023038157,0.0229685045978782
35842,8949,"They Called Him A Baby Killer. He Was Innocent, But He Wasn’t Offended.",4135.0,4135.0,35.0,0.008464328899637243,0.013463080841176714
35910,8963,How The Tragedy In Syria Could End Up Being Your Problem.,3045.0,3045.0,23.0,0.007553366174055829,0.007836297425958552
35937,8969,It’s Probably One Of The Best Thing You Can Say To Someone Who Doesn’t Like You,3102.0,3102.0,90.0,0.029013539651837523,0.021492636550992483
35938,8969,Wanna Find Out How A Person Is ‘Really’ Feeling? You’re Probably Asking The Wrong Questions.,3012.0,3012.0,60.0,0.0199203187250996,0.016285328956228255
35939,8969,"The Next Time Someone’s Mad At You, Try This Tactic. Then Maybe They’ll Kinda Like You Again.",3095.0,3095.0,65.0,0.0210016155088853,0.015781712043995696
35940,8969,Here’s A Straight Forward Way To Stop The ’Tiffs' In Your Relationships. Not That You Have Any. ;),3017.0,3017.0,53.0,0.01756711965528671,0.003884275406064286
35997,8982,"President Obama Promised To Protect Our Internet. Question Is, Will He?",2971.0,2971.0,7.0,0.0023561090541905083,0.010493751646790365
35998,8982,Internet Rules Are A Major Issue Now. Hear What Candidate Obama Once Said About It.,3093.0,3093.0,16.0,0.005172971225347559,0.005331772776662837
35999,8982,One Man Asks Obama To Honor The Pledge He Made On MTV 7 Years Ago,3111.0,3111.0,62.0,0.01992928318868531,0.02235630943982221
36000,8982,Will Obama Make Good On The Pledge He Made As A Candidate?,3023.0,3023.0,13.0,0.004300363876943433,0.008631224915730696
36001,8982,Everybody Wanted Candidate Obama To Answer This Question In 2007. We Need Him To Answer To It Now.,3129.0,3129.0,25.0,0.00798977309044423,0.012866206602582256
36015,8986,"When A Mine Collapses, We're All Glued To The TV. But Who's Watching This Slow Motion Collapse?",3206.0,3206.0,36.0,0.011228945726762321,0.01
36016,8986,I Thought TB Was A Thing Of The Past. Now I See It'll Be A Major Player In Our Future.,3329.0,3329.0,11.0,0.0033042955842595375,0.0033055922674689467
36017,8986,"It’s Airborne, Deadly, And Spreading Like Crazy In South Africa",3254.0,3254.0,36.0,0.011063306699446834,0.010112221640861764
36018,8986,Gold Miners Are Carrying Something Very Tiny And Costly Home To Their Communities,3273.0,3273.0,20.0,0.006110601894286587,0.00022937359428670118
36019,8986,Why Straight Up 9 Out Of 10 People In A Single Industry Have The Same Deadly Disease,3265.0,3265.0,55.0,0.016845329249617153,0.0053406461682690975
36068,8999,"That One Time It Took Studying 25,000,000 Kids To Begin To Undo The Damage Caused By 1 Doctor",3035.0,3035.0,75.0,0.02471169686985173,0.018939695331290658
36071,8999,"That One Time It Took Studying 25,000,000 Kids To Begin To Undo The Damage Caused By 1 Quack Doctor",3061.0,3061.0,88.0,0.028748774910160077,0.019515342735235478
36073,8999,"It Took Studying 25,000,000 Kids To Begin To Undo The Damage Caused By 1 Disappointing Doctor",3126.0,3126.0,73.0,0.023352527191298784,0.016709301279679206
36074,9000,A Look At Who Is Practicing Their Reproductive Freedom In The United States,3345.0,3345.0,51.0,0.015246636771300448,0.01672582842665403
36075,9000,Make Sure You Know These Numbers If You Talk About Abortion,3247.0,3247.0,53.0,0.01632275947028026,0.0078105213553368285
36076,9000,A Bunch Of Pro-Choice Numbers To Know And Pass On,3316.0,3316.0,42.0,0.012665862484921592,0.012580274638748801
36077,9000,"TO-DO: The Next Time You Talk About Abortion, Make Sure You Know These Numbers",3206.0,3206.0,57.0,0.017779164067373673,0.009720968202766894
36099,9005,Monty Python Has Nothing On This Woman Who Always Looks On The Bright Side Of Life,3230.0,3230.0,22.0,0.006811145510835914,0.017189325692026414
36100,9005,The Powerful Reason Why This Grandmother Never Throws Out A Single Piece Of Bread,3303.0,3303.0,38.0,0.011504692703602786,0.008217636676497792
36105,9007,Seeing Little Girls In This Setting Shouldn't Be So Jarring,3395.0,3395.0,61.0,0.01796759941089838,0.02148081604777389
36106,9007,Seeing Little Boys — And Girls Skateboarding Shouldn't Be So Jarring,3214.0,3214.0,31.0,0.009645301804604853,0.01850024584736647
36107,9007,"Seeing Little Girls Skateboarding Shouldn't Be So Unusual, But It Is For A Lot Of People",3341.0,3341.0,40.0,0.01197246333433104,0.02149046273385933
36108,9007,"Seeing Little Girls Skateboarding Shouldn't Be So Surprising, Should It?",3281.0,3281.0,37.0,0.011277049679975617,0.016663738333034132
36109,9007,Seeing Little Girls In Pink Skateboarding Shouldn't Be So Jarring,3328.0,3328.0,43.0,0.012920673076923076,0.02240683383155232
36152,9016,What's The Definition Of Religious Freedom? A Faith-Based Group Gets It Right.,3308.0,3308.0,29.0,0.008766626360338573,0.0049538363611646785
36153,9016,What Religious Freedom Is And Isn't From A Faith-Based Group That Gets It Right (Phew!),3297.0,3297.0,43.0,0.013042159538974826,0.011622904755940074
36154,9016,Why Birth Control Access Is Just The Tip Of The Iceberg In The Debate To Define 'Religious Freedom',3252.0,3252.0,19.0,0.005842558425584256,0.007837291130184349
36155,9016,Do These Scenarios Look Like *Real* Religious Liberty To You?,3308.0,3308.0,28.0,0.008464328899637243,0.00881329213589592
36208,9028,What Religious Freedom Looks Like When You Remove The Bigotry And Stuff,3189.0,3189.0,43.0,0.013483850736908122,0.014046181428568337
36209,9028,How To Argue For Religious Freedom Without Infringing On Other People's Religious Freedom,3240.0,3240.0,25.0,0.007716049382716049,0.011578792565597153
36210,9028,What It Could Look Like If 'Religious Freedom' Gets A New Definition,3410.0,3410.0,33.0,0.00967741935483871,0.008048246752125433
36238,9035,What’s 1 Word That Women Use More Than Men? And Is There Anything Wrong With It?,4677.0,4677.0,63.0,0.013470173187940988,0.017191975101344886
36239,9035,Why Do Women Apologize More Than Men?,4604.0,4604.0,35.0,0.007602085143353606,0.01355260729038595
36241,9035,Empowering Women To Stand Up For Themselves? I’ll Take That In An Advertisement Any Day Of The Week.,4619.0,4619.0,46.0,0.009958865555315003,0.01294210358261655
36242,9035,Want Proof That Words Feed Gender Stereotypes? Check Out This Unconventional Shampoo Ad.,4611.0,4611.0,69.0,0.014964216005204945,0.019720895069406254
36243,9035,Watch How This Shampoo Ad Tackles A Sensitive Gender Stereotype In Just 60 Seconds,4694.0,4694.0,85.0,0.018108223263740945,0.034679583639954985
36244,9035,"This 1 Word Fuels A Big (And Bogus) Gender Stereotype, And This Ad Wants To Change That",4368.0,4368.0,51.0,0.011675824175824176,0.014710683348518527
36245,9035,Pop Quiz! What 1 Word Do Women Say More Than Men? Answer’s Inside.,4505.0,4505.0,40.0,0.008879023307436182,0.011990927445479641
36314,9049,"How And Why We Use 'Sorry' Highlights This Double Standard, And This Shampoo Ad Calls It Out",3927.0,3927.0,48.0,0.012223071046600458,0.029641694814962576
36315,9049,How And Why We Use 'Sorry' Highlights A Double Standard That This Shampoo Ad Wants To Wash Away,4097.0,4097.0,47.0,0.011471808640468635,0.026466803543945712
36316,9049,How And Why We Use 'Sorry' Fuels A Gender Stereotype That This Shampoo Ad Wants To Challenge,4153.0,4153.0,60.0,0.014447387430772935,0.02362271757342732
36317,9049,"'Sorry' Fuels A Gender Stereotype, And This Video Calls It Out in Just 60 Seconds",4184.0,4184.0,70.0,0.016730401529636712,0.0228940815341471
36318,9049,Using 'Sorry' Can Fuel A *Sigh*-Worthy Gender Stereotype. And This Shampoo Ad Calls It Out.,4121.0,4121.0,76.0,0.0184421256976462,0.02097580910294443
36319,9049,This Shampoo Ad Calls It Out A Double Standard Surrounding This 1 Seemingly Harmless Word,4071.0,4071.0,59.0,0.014492753623188406,0.029844164194309374
36320,9049,"How And Why We Use 'Sorry' Fuels Gender Stereotypes, And This Video Makes That *Really* Obvious",4030.0,4030.0,64.0,0.01588089330024814,0.016349603242060213
36354,9057,What Does This 1 Seemingly Harmless Word Have To Do With Workplace Double-Standards? Too Much.,3021.0,3021.0,44.0,0.014564713670969877,0.012841874002466183
36355,9057,What Does This 1 Seemingly Harmless Word Have To Do With Workplace Double-Standards? Too Much.,3020.0,3020.0,38.0,0.012582781456953643,0.012841874002466183
36356,9057,What Does This 1 Seemingly Innocent Word Have To Do With Workplace Double-Standards? Too Much.,3055.0,3055.0,31.0,0.010147299509001636,0.01710875452424818
36358,9057,Encouraging Women To Be Unapologetically Confident? I'm Not Sorry For That.,3062.0,3062.0,35.0,0.011430437622468974,0.006362919504731106
36359,9057,Some Shampoo Ads Show A Bunch Of Women With Nice Hair. These Ones Have Something More Than That.,3089.0,3089.0,50.0,0.01618646811265782,0.014257570681170211
36360,9057,1 Seemingly Innocent Word Is Provoking An Interesting Discussion On Double Standards Women Face,3035.0,3035.0,39.0,0.012850082372322899,0.014744828754800172
36361,9057,Imagine A World Where These Kind Of Apologies Weren't Expected From *Either* Gender,3107.0,3107.0,41.0,0.013196009011908594,0.022811573857137467
36391,9064,"Never Thought I’d Say This, But ‘Clinical Depression’ Is A Privilege. Click Play To See What I Mean.",4642.0,4642.0,39.0,0.00840155105557949,0.011955558784617584
36392,9064,A Group Of Underage Drinkers Find Exactly What They’re Looking For. But The Story Doesn’t End There.,4700.0,4700.0,32.0,0.006808510638297872,0.01795817477034298
36393,9064,Things Liquor Stores Are Good For: Liquor. Something They’re Not Good For: Psychiatry.,4627.0,4627.0,21.0,0.0045385779122541605,0.005607564987180191
36394,9064,How A Young Man Found That Sadness And Sickness Can Be The Same Thing — And Why That Makes Him Lucky,4516.0,4516.0,24.0,0.005314437555358724,0.012697762625707074
36395,9064,How Could Someone With Clinical Depression Be Considered Lucky? Here's A Pretty Solid Answer.,4549.0,4549.0,48.0,0.010551769619696637,0.014993260282442432
36396,9064,"He And His Friends Wanted Some Beer, So They Asked A Homeless Guy To Buy It. Then Comes The Message.",4596.0,4596.0,75.0,0.016318537859007835,0.022950355112049743
36422,9069,Don't Believe Us When We Call Something Rape? Let The President Explain It To You.,4611.0,4611.0,70.0,0.015181088700932552,0.01776048596641384
36423,9069,"I Have No Idea If The Real James Bond Understands Sexual Assault, But The Fake One Certainly Does.",4581.0,4581.0,33.0,0.007203667321545514,0.00864615973511797
36424,9069,"We've Got A Problem. If You Won't Listen To Women Talk About It, Maybe You'll Listen To These Guys",4632.0,4632.0,45.0,0.009715025906735751,0.016343889202000736
36425,9069,You've Seen Them On TV And In The Movies. But These Lines Are The Most Important I've Seen Them Say.,4552.0,4552.0,31.0,0.006810193321616872,0.02097141404187801
36426,9069,Say It With Me: Con. Sent. CON. SENT. These Celebs Seem To Have Gotten The Hang Of It.,4594.0,4594.0,26.0,0.0056595559425337396,0.010394115356096655
36431,9071,News Media: 'There’s Nothing We Can Do About Mass Shootings.' Really?!? Nothing At All?,3525.0,3525.0,25.0,0.0070921985815602835,0.004471066562748925
36432,9071,Why Doesn't It Feel Like Anyone Really Cares About School Shootings Anymore?,3619.0,3619.0,25.0,0.006907985631389887,0.009331960512834699
36433,9071,How The News Media Is Helping Make Sure We Do Nothing To Stop Mass Shootings,3535.0,3535.0,20.0,0.005657708628005658,0.007958294252089548
36434,9071,"If Another School Gets Shot Up, Will We Even Be Surprised?",3629.0,3629.0,18.0,0.004960044089280794,0.012971332924237581
36440,9073,10 Reasons Some People Are Against Unions,4634.0,4634.0,23.0,0.004963314630988347,0.004850620715737969
36441,9073,"Unions Are Obsolete And Not Needed Anymore, Right?",4563.0,4563.0,13.0,0.002849002849002849,0.00998447588159658
36443,9073,10 Reasons We're Against Unions,4549.0,4549.0,29.0,0.006375027478566718,0.0057504571516590755
36453,9076,"This Information Could Ruin Your Day, But If You Don't Know About It, It Could Have Ruined Your Life",3596.0,3596.0,32.0,0.008898776418242492,0.01649691782710109
36456,9076,How Nice It Must Be For The Rich Kids Who Get Free Money From Their Colleges Because They Have Money,3500.0,3500.0,25.0,0.007142857142857143,0.01027298987726815
36457,9076,"If A College Is Profiting From Making Education A Lower Priority, Can It Still Call Itself A School?",3511.0,3511.0,12.0,0.003417829678154372,0.01
36458,9076,The Saying 'With Hard Work Comes Great Reward' Should Add 'Except With American Colleges' To The End,3532.0,3532.0,20.0,0.0056625141562853904,0.007849294228707192
36498,9085,This Comedian Is So Funny I Had To Take A Tally Of The Applauses He Was Getting,3577.0,3577.0,61.0,0.017053396701146212,0.014608299881830234
36499,9085,A Comedian Takes You Around The World Of Discrimination In 5 Hilarious Jokes,3549.0,3549.0,57.0,0.016060862214708368,0.009726847107239905
36500,9085,This Comedian Believes So Much In What He's Joking About That He Wrote A Headline For Us,3602.0,3602.0,31.0,0.008606329816768461,0.01908045029899575
36501,9085,Magnificent Joke Teller Hari Kondabolu Gets 2 Applause Breaks By The Middle Of His Set,3661.0,3661.0,31.0,0.008467631794591642,0.012990868104867903
36502,9085,"Colonialism, Marijuana, Racism, Homophobia And An Anti-War Chess Joke ... In Less Than 6 Minutes!",3523.0,3523.0,29.0,0.00823162077774624,0.010914886101518416
36503,9085,"JOKES: Women, Weed, Religion, And Gays. Also, 1 About White Guys, If You Like That Kind Of Thing.",3595.0,3595.0,22.0,0.00611961057023644,0.01226850037871002
36504,9086,‘Made In China’ Has Become A Household Phrase. Here’s One Way That's Messing With People’s Lives.,2818.0,2818.0,17.0,0.00603264726756565,0.011373206247963449
36505,9086,Climate Change Deniers Might Reconsider If They Experienced What These Folks Are Dealing With,2809.0,2809.0,19.0,0.006763972944108224,0.010641272402872095
36506,9086,"Last Time I Posted A Photography Project, The Comment Storm Raged. There's No Arguing With This One.",2791.0,2791.0,20.0,0.007165890361877463,0.014667305820939999
36508,9086,"This May Be Happening Across The World, But Trust Me — It's Got Everything To Do With Your World",2810.0,2810.0,15.0,0.005338078291814947,0.005102366384671413
36509,9086,A Story About People On The Ass End Of Bad Government That Had Me Shaking My Head In Disbelief,2764.0,2764.0,19.0,0.006874095513748191,0.007274953223696727
36526,9091,The Most Ridiculous 'Arguments' Against Unions In One Simple Cartoon,3607.0,3607.0,32.0,0.00887163848073191,0.015893095021229778
36527,9091,The 10 Reasons Some Folks Offer For Not Liking Labor Unions In One Silly Cartoon,3587.0,3587.0,28.0,0.007805965988291051,0.0127310409960886
36528,9091,The 10 Silliest Arguments Against Unions In One Colorful Cartoon,3591.0,3591.0,35.0,0.009746588693957114,0.012705668959749677
36529,9092,"If Laughing About Racism Is A Step In The Right Direction, These Guys Are Miles Ahead Of Us All",3627.0,3627.0,20.0,0.005514199062586159,0.01736801692152864
36532,9092,"Face It, Comedy Makes Racism Easier To Deal With",3597.0,3597.0,17.0,0.004726160689463442,0.014336543599440442
36626,9114,Workers Drive The Economy So Why Are Policies Set Up That Don't Support Workers?,2808.0,2808.0,17.0,0.006054131054131054,0.0008264591377210705
36627,9114,Why Do Bosses Always Get The Good Policies?,2876.0,2876.0,12.0,0.004172461752433936,0.0003574382373729341
36628,9114,Some People Seem To Think Doing Business Is Easier If You Don't Have To Treat People With Dignity,2792.0,2792.0,20.0,0.0071633237822349575,0.007081312616682307
36629,9114,Here's A List That'll Probably Make You Think About What Your Boss Is Allowed To Get Away With,2795.0,2795.0,32.0,0.01144901610017889,0.013837655805615807
36671,9126,Need More Evidence That The Supreme Court Has Been Sold To The Highest Bidder? I Present Exhibit B.,2735.0,2735.0,14.0,0.005118829981718464,0.015876776900209142
36672,9126,The Hobby Lobby Case Isn’t The Only One That Went Screwy … Here’s Another.,2875.0,2875.0,24.0,0.008347826086956521,0.0119224535719169
36673,9126,"Freeloader: (N), To Impose Upon Another's Generosity Or Hospitality Without Sharing In The Cost",2771.0,2771.0,11.0,0.003969686033922772,0.012086037897498656
36674,9126,There’s Another Supreme Court Ruling That Has Stirred Up A Hornet’s Nest,2786.0,2786.0,18.0,0.006460875807609476,0.0066539212129750535
36675,9126,The Supreme Court Hobby Lobby Case Isn’t The Only One That Went Screwy … Here’s The Other One,2900.0,2900.0,16.0,0.005517241379310344,0.012809030087314694
36752,9144,"An Actor Curses His Way Through A Fake SeaWorld Ad, Because He Would Never Make A SeaWorld Ad",2852.0,2852.0,40.0,0.014025245441795231,0.02894478861669924
36753,9144,"Jason Biggs Curses His Way Through A Fake SeaWorld Ad, Because He Would Never Make A SeaWorld Ad",2820.0,2820.0,29.0,0.01028368794326241,0.024912528283985144
36754,9144,"Jason Biggs Cannot Stop Cursing During A Fake SeaWorld Ad, Because He Happens To Have A Conscience",2845.0,2845.0,42.0,0.01476274165202109,0.027053068254367464
36755,9144,"A Fake SeaWorld Ad Contains A Hell Of A Lot Of Cursing, Because It's Funny And SeaWorld Is Awful",2789.0,2789.0,40.0,0.014342058085335245,0.021235118190558615
36783,9151,"If You Thought Having Kids Was Too Hard To Be Worth It, You're Almost Right",2800.0,2800.0,28.0,0.01,0.009916071154148588
36785,9151,"If Parenting Is All Joy And No Fun, Where Does Radical Amazement Factor In?",2845.0,2845.0,12.0,0.00421792618629174,0.01357989847668755
36786,9151,"What If Someone Would Live In Your House, Drive You Crazy Every Day, And Be Your Greatest Teacher?",2798.0,2798.0,13.0,0.004646175839885632,0.009495300408564068
36888,9174,"When A Reporter Asked Madonna This Question, We All Knew She'd Nail The Answer. Even Back Then.",2848.0,2848.0,52.0,0.018258426966292134,0.02563616741071531
36889,9174,A Little Reminder Of Why We Fell In Love With Madonna In The First Place. It Wasn't Just Her Music.,2841.0,2841.0,22.0,0.007743752199929602,0.010834345515995648
36890,9174,A Reporter Asks Madonna A Question Everyone Else Was To Afraid To. She Slam-Dunks Her Reply.,2800.0,2800.0,98.0,0.035,0.03520582446078673
36891,9174,Did we really think 'she' was a bad role model for girls back then?,2812.0,2812.0,30.0,0.010668563300142247,0.010537557703514246
36899,9177,Photos Of Fading Beauty And The Story Of What's Taking It Away,2794.0,2794.0,37.0,0.013242662848962061,0.02032082781862656
36900,9177,Photos Of An Astonishingly Beautiful Place That's Losing So Much Of What Makes It Beautiful,2784.0,2784.0,27.0,0.009698275862068966,0.021584577575650517
36902,9177,Photos Of A People And Place That Are Losing So Much Of What Makes Them Beautiful,2781.0,2781.0,25.0,0.008989572096368213,0.01864365973980677
36949,9188,That Moment When A Mom Can Look At Her Baby For The First Time & Smile. Shouldn't It Be More Common?,2756.0,2756.0,22.0,0.007982583454281567,0.013559693171588939
36950,9188,Childbirth Hurts But It Should Never Do This To The Mother Or Her Baby,2831.0,2831.0,47.0,0.01660190745319675,0.017441911310992535
36951,9188,"Fewer Moms Are Dying In Childbirth, And Here's A Promising Reason Why",2827.0,2827.0,13.0,0.004598514326140785,0.005923538701699068
36952,9188,It's Incredible To See What's Happening To Mothers And Their Babies Here,2852.0,2852.0,29.0,0.010168302945301542,0.01641978794230349
36965,9192,"She Risked The Rage Of Her Town, Her Family And Her Father To Be A True Christian",2804.0,2804.0,34.0,0.012125534950071327,0.014042940066216397
36966,9192,It Always Amazes Me What Beautiful Human Stories Come Out Of The Nastiest Human Behavior,2804.0,2804.0,46.0,0.016405135520684736,0.020679612277963427
36968,9192,Think Your Family's Weird? Meet A 12-Year-Old Who Defied Her Racist Dad And Was Tried By The KKK.,2802.0,2802.0,69.0,0.02462526766595289,0.022809937959444096
36977,9195,It's The Last Thing I Expected To Help Get Rid Of The Stress In My Life,2840.0,2840.0,28.0,0.009859154929577466,0.012554674593000071
36978,9195,Who Knew The Answer To Stress Is More Stress. Not Me? Maybe That's Why I'm Stressed.,2793.0,2793.0,11.0,0.003938417472252059,0.005660198714139121
36979,9195,"Who Had The Bright Idea To Alleviate Stress In That Strange Way? It Was Me, Science.",2859.0,2859.0,27.0,0.00944386149003148,0.005276506564263996
37059,9214,Another Reason To Make Sure Peeps Are Picking Up Their Dogs' Poops,2815.0,2815.0,20.0,0.007104795737122558,0.007224836969299771
37060,9214,What Most People Don't Know About Dog Poop,2831.0,2831.0,34.0,0.012009890498057224,0.011314900137263457
37061,9214,What Every Dog Owner Should Know About Dog Poop,2803.0,2803.0,39.0,0.013913663931501962,0.012494330900932066
37062,9214,What All Dog Owners Should Know About Their Dogs' Contributions To The Environment,2810.0,2810.0,18.0,0.006405693950177936,0.008535616439013878
37096,9223,6 1/2 Years Of Selfies Show Her Life With Mental Illness,2837.0,2837.0,104.0,0.036658442016214314,0.02252861946298417
37097,9223,See Her Roller Coaster With Depression In 6 Years Of Selfies,2879.0,2879.0,103.0,0.03577631121917332,0.027714198065150894
37098,9223,She Documented 6 Years Of Her Life Surviving Mental Illness,2765.0,2765.0,71.0,0.025678119349005425,0.013168953264376693
37099,9223,A Time Lapse Of The Ups And Downs Of Depression In One Girl's Life,2791.0,2791.0,84.0,0.030096739519885347,0.021706738906316893
37138,9232,Oh How I Long For The Days When A 'Hoe' Is Just A Garden Tool,3124.0,3124.0,23.0,0.00736235595390525,0.017294772630675106
37139,9232,Why Are Dudes Allowed To Have All The Fun? Here's A Double Standard That Needs To Go.,3120.0,3120.0,56.0,0.017948717948717947,0.025165150919187744
37140,9232,What Happens If You're 'That Kind Of Girl'? Better Question. Why's That Anyone's Business?,3131.0,3131.0,47.0,0.015011178537208559,0.009840620623043231
37141,9232,Here's The Story Behind Your Favorite Sexual Double Standard. And By 'Favorite' I Mean The Worst.,3012.0,3012.0,55.0,0.018260292164674636,0.016768131221555967
37142,9232,'Don't Be That Kind Of Girl' Was Meant To Protect Girls. But No One Saw These Consequences Coming.,3013.0,3013.0,58.0,0.019249917026219716,0.018154295107103386
37161,9237,"The Simple Truths Of Lennon’s Classic ‘Imagine,’ Illustrated And In Color",3029.0,3029.0,34.0,0.011224826675470452,0.010520132530375058
37164,9237,"The Simple Beauty Of John Lennon’s Classic ‘Imagine,’ Illustrated And In Color",3061.0,3061.0,41.0,0.013394315583142764,0.010306265863108652
37212,9249,"What Makes The Clouds In One Canadian City So Special? Well, Maybe Special Isn't The Right Word.",3102.0,3102.0,16.0,0.0051579626047711154,0.005434732896152678
37213,9249,If Kids From A Canadian City Were Getting Sick You'd Think We'd Study The Heck Out Of It. Right?,2972.0,2972.0,6.0,0.002018842530282638,0.011888788032334587
37214,9249,"Leaks, Alerts, Sickness, It's Kinda Like An Erin Brockovich Movie But Right Here In Canada",3128.0,3128.0,5.0,0.00159846547314578,0.01
37215,9249,I Haven't Met A Canadian Yet Who Would Be Happy To Introduce Their City As 'Chemical Valley',3096.0,3096.0,14.0,0.004521963824289405,0.012320258548810406
37217,9250,"Every So Often, A Fun, Little Song Comes Along With A Great Big Empowering Message To Women",3033.0,3033.0,25.0,0.008242664029014177,0.008243551443455087
37218,9250,What Happens When A Woman Stops Seeing Her Body As Flawed? She Does A Whole Song And Dance About It.,3073.0,3073.0,18.0,0.00585746827204686,0.014260528020690803
37219,9250,"Hey Ladies, Let Me Introduce Your Summer Anthem. Turn Up The Volume And Get Ready To Love Your Body!",3199.0,3199.0,27.0,0.008440137542982182,0.008831433998888017
37230,9253,A Desperate Housewife Is Fed Up With Trying To Be The 'Perfect Mom.' She's Even Cursing About It.,3598.0,3598.0,29.0,0.008060033351862146,0.017276564113853074
37231,9253,Here's A Famous Actresses Thoughts On Motherhood. You Might Wanna Ask Your Kids To Leave The Room.,3665.0,3665.0,57.0,0.015552523874488404,0.020297009024187598
37232,9253,Why Some Mom's Feel Like They'll End Up Raising Either A Harvard Grad Or An Axe Murderer,3564.0,3564.0,30.0,0.008417508417508417,0.012391938086065046
37233,9253,What's The Difference Between A Perfect Mom And A Not So Perfect Mom? Honesty.,3497.0,3497.0,30.0,0.008578781812982557,0.008219982285396409
37234,9254,"Lots Of NFL Employees Get Hurt On The Job, But Here Are A Lot More Ways They're Feeling Pain",3102.0,3102.0,16.0,0.0051579626047711154,0.002436067737082552
37235,9254,"Low Pay, Can't Hear Yourself Think, Lots of Overtime, And Then There's That Jiggle Test...",3075.0,3075.0,25.0,0.008130081300813009,0.010079850615055227
37236,9254,Want To Work Hard In Very Little Clothing For Large Crowds And Low Pay? The NFL Has A Job For You!,3041.0,3041.0,17.0,0.005590266359750082,0.005073371404148047
37237,9254,"If You're Thinking About Cheerleading, These Ladies Have Something To Tell You About Their Workplace",3115.0,3115.0,33.0,0.01059390048154093,0.013944747243986304
37317,9273,"They’re The Best At What They Do, But We Pretend They're Amateurs For A Really Bad Reason",3492.0,3492.0,33.0,0.009450171821305841,0.011898686882151573
37318,9273,These Guys Are The Best In The World At What They Do. It's Time To Stop Calling Them 'Amateurs.',3687.0,3687.0,16.0,0.0043395714673176026,0.006188289096811269
37320,9273,How Can We Call These Guys 'Amateurs' With A Straight Face When They're The Best In The World?,3590.0,3590.0,17.0,0.004735376044568245,0.006345678281785892
37407,9293,"If Family Really Is A Priority For Our Country And Its Citizens, Then This Needs Fixed Right Now",3673.0,3673.0,17.0,0.004628369180506398,0.008484840644226058
37408,9293,"How Going To School, Working For A Living, And Raising A Family Can All Fall Apart In One Afternoon",3626.0,3626.0,28.0,0.007722007722007722,0.007945049106482503
37409,9293,What It Looks Like When You’re Selling Your Personal Possessions To Keep From Living On The Streets,3500.0,3500.0,23.0,0.006571428571428572,0.01220966575709361
37410,9293,The Stark Reality Of What It’s Like Being A Part Of The Working Poor,3529.0,3529.0,13.0,0.0036837631056956645,0.015148088655601497
37445,9302,The Real Reason White Guys Have An Easier Time Hailing A Cab Then People Of Color,4508.0,4508.0,42.0,0.009316770186335404,0.01852495459345725
37446,9302,Here's A Solution For People Of Color Who Have A Harder Time Hailing A Cab Than White Guys,4733.0,4733.0,49.0,0.010352841749418973,0.016505559518178593
37447,9302,The Real Reason People Of Color Have A Harder Time Hailing A Cab Than White Men,4608.0,4608.0,34.0,0.007378472222222222,0.014510611424206144
37459,9305,Why Is She So Happy To Be In Her Living Room? Because It’s Her First Time There In 8 Years.,4158.0,4158.0,45.0,0.010822510822510822,0.016513958890692182
37460,9305,Anyone Find It Weird That These People Are Cleaning Up After A Storm That Hit Almost Ten Years Ago?,4115.0,4115.0,29.0,0.0070473876063183475,0.007999830645358648
37461,9305,"When People Don’t Care, It Hurts. When They Don’t Care After Your Home Is Destroyed It Really Blows.",4113.0,4113.0,24.0,0.005835156819839533,0.006703449070746267
37462,9305,How Many People Does It Take To Change A Light Bulb? What About Replace A House That Blew Away?,4094.0,4094.0,4.0,0.0009770395701025891,0.004880515532312484
37463,9306,"Not All Cops Suck, But That’s A Hard Sell When These Are The Guys Making Headlines",3479.0,3479.0,24.0,0.006898534061511929,0.00950540511098141
37464,9306,A Police Department Celebrated Reaching 50K Twitter Followers. It Didn't Help Their Image Problem.,3368.0,3368.0,21.0,0.006235154394299287,0.007495450444053798
37465,9306,"Clearly, Gaining Twitter Followers Doesn't Erase Past F**k-Ups From People's Memories",3543.0,3543.0,20.0,0.005644933672029354,0.0027897306424010675
37466,9306,"Congrats To Baltimore PD On Reaching 50K Twitter Followers! Now, About Those Brutality Issues...",3561.0,3561.0,9.0,0.002527379949452401,0.0029852397967555996
37467,9306,"When A Police Department Cheered A Twitter Milestone, They Probably Weren't Expecting This Response",3447.0,3447.0,34.0,0.009863649550333623,0.026216759936557935
37468,9306,"If Making Fun Youtube Videos Somehow Relaxes Aggro Cops, Then Maybe Baltimore PD Is On To Something",3482.0,3482.0,13.0,0.003733486502010339,0.008763672391686432
37578,9333,Maybe We've Been Fighting Money In Politics The Wrong Way,4021.0,4021.0,16.0,0.003979109674210396,0.00899590120360664
37579,9333,A Politician's Honesty-Only Strategy Could Be The Most Revealing Thing In American Politics,4238.0,4238.0,25.0,0.005899008966493629,0.011777013787445806
37580,9333,The Best Anti-Political Campaign I've Seen In A Long Time,4072.0,4072.0,23.0,0.005648330058939097,0.024974112093353328
37581,9333,Most Politicians Are Secretly Taking Bribes. This One Is Doing It Very Publicly.,3981.0,3981.0,27.0,0.006782215523737754,0.012625810965309632
37582,9333,Politics Has Effectively Been Ruined By Money. Meet The Man Who Can Change That.,4061.0,4061.0,16.0,0.003939916276779119,0.012990263839108111
37605,9339,"She Might Ruin Your Grilling-Out Plans For The Weekend, But She Wants To Save Your Life",2964.0,2964.0,25.0,0.008434547908232119,0.00823415098714074
37606,9339,"Some Animals We Pamper, Some We Eat.  She Wants To Make Things A Lot More Simple.",3097.0,3097.0,25.0,0.008072328059412335,0.008210173955944273
37607,9339,You Know How Good It Feels To Give Your Dog Some Love? She Wants To Make Something Of That.,2866.0,2866.0,33.0,0.011514305652477321,0.01
37608,9339,The Clue To Solving Many Of Our Health Problems Is So Obvious Most Of Us Say Hello To It Everyday,2964.0,2964.0,30.0,0.010121457489878543,0.018677339125240066
37636,9346,"I Never Met Kids That Didn’t Get Excited About Summer, Until I Saw These Lil' Faces",3509.0,3509.0,34.0,0.00968937019093759,0.005023602716394317
37637,9346,They’re Out Of School. So Why Are They Still Looking Forward To That Not So Yummy School Lunch?,3411.0,3411.0,21.0,0.006156552330694811,0.0012150705746055389
37638,9346,She Came Here To Swap Lunches And Eat With Her BFF… And She’s All Out Of Lunches,3511.0,3511.0,40.0,0.011392765593847906,0.003928607200493902
37639,9346,Some Worry About Rent On The First Of The Month. So Why Does She Always Freak Out On The Tenth?,3521.0,3521.0,33.0,0.00937233740414655,0.00981826943098722
37698,9361,3 Myths About Being A Feminist That Need To Be Debunked Immediately,2964.0,2964.0,34.0,0.011470985155195682,0.013236589291930568
37699,9361,The Secret Truth About Feminists And Their Opinion Of Dudes Is Not That Shocking At All,2913.0,2913.0,35.0,0.012015104703055269,0.018237167439221692
37700,9361,"If You Say, 'I'm Not a Feminist, But...' Then You Need To Sit Your Butt Down And Watch This",3009.0,3009.0,43.0,0.014290461947490861,0.018716806307831492
37701,9361,"She's A Simmering Cauldron Of Anger, Probably Because Of Something You Said. Or Maybe Not.",3070.0,3070.0,35.0,0.011400651465798045,0.012066498169179823
37702,9361,Watch This Really Angry Feminist Get All Her Feminist Rage Out By Talking Like A Human Being,2913.0,2913.0,21.0,0.007209062821833162,0.02141329336785549
37777,9376,"These Kids Want To Go To School, But There's Something Scary Happening That Makes It Very Difficult",3984.0,3984.0,34.0,0.00853413654618474,0.011399765200292877
37778,9376,Something Is Happening At These Kids' Schools That's Making It Very Scary For Them To Attend,3942.0,3942.0,34.0,0.008625063419583967,0.020402058914822538
37779,9376,School Never Looked As Scary As It Does For These Kids,3814.0,3814.0,39.0,0.010225485055060305,0.007906274142607066
37790,9379,Got Worries? She Thinks Many Of Them Are Connected To How We Treat Animals.,3880.0,3880.0,33.0,0.008505154639175257,0.003672859027115824
37791,9379,It's Downright Scary How This One Industry Threatens Our Health In So Many Ways,3991.0,3991.0,38.0,0.00952142320220496,0.009748221495048084
37792,9379,"When We Take Care Of Animals, They Take Care Of Us — In More Ways Than You Might Guess",3752.0,3752.0,37.0,0.009861407249466951,0.008803706831847693
37793,9379,Animals Are A Huge Threat To Our Health And Happiness. Here's How.,3997.0,3997.0,71.0,0.0177633224918689,0.007364876982745461
37831,9388,Even Former Movie Stars Are Vulnerable To This Horrible Deed,793.0,793.0,7.0,0.008827238335435058,0.01925634511872988
37832,9388,Former Movie Star And Veteran Speaks Out Against Elder Abuse In Moving Speech,780.0,780.0,5.0,0.00641025641025641,0.018402428967765092
37833,9388,He Speaks Out About What No Elderly Person Should Have To Endure,801.0,801.0,12.0,0.0149812734082397,0.01434937238649936
37834,9388,"Young, Old, Female, Male ... No One Deserves To Be Treated This Way.",812.0,812.0,10.0,0.012315270935960592,0.014548090956448911
37857,9393,Public Transportation Transformed Into Public Showers,3868.0,3868.0,29.0,0.00749741468459152,0.014574852757699338
37858,9393,Old Public Busses Are Being Turned Into New Public Showers For A Really Great Reason,3969.0,3969.0,58.0,0.014613252708490804,0.019617019978355608
37861,9394,"Love Might Be Blind, But When It Comes To Interracial Dating, It's All Some People Can See",3978.0,3978.0,17.0,0.004273504273504274,0.011449615036276187
37862,9394,Talking About Race With Someone Can Be Super Difficult When You're Also Sleeping With That Someone,3907.0,3907.0,30.0,0.007678525723061172,0.0173121820841323
37863,9394,Watch People Try To Navigate The Minefield That Is Interracial Dating,3853.0,3853.0,36.0,0.009343368803529718,0.017856017759250848
37864,9394,Would You Still Love Your Partner If They Were A Completely Different Race?,3870.0,3870.0,25.0,0.006459948320413436,0.0096051356104036
37865,9394,"Watch Some People Discuss Why Variety Is The Spice Of Life, Especially In Love",3847.0,3847.0,15.0,0.003899142188718482,0.0058937581446724275
37940,9411,1 In 8 People Have Never Had A Clean Glass Of H20. Here's Why.,3082.0,3082.0,19.0,0.006164828033744322,0.008483399733461006
37941,9411,These Goldfish Want To Show You A Little Something About Being Thirsty,3098.0,3098.0,18.0,0.005810200129115558,0.004913584332622414
37942,9411,You Can Learn A Ton About Water Just By Watching These Goldfish Swim In It,2937.0,2937.0,15.0,0.005107252298263534,0.0033318956984095473
37943,9411,Why 783 Million People In The World Have Never Tasted Something We Drink Every Day,3130.0,3130.0,27.0,0.008626198083067093,0.006201944535373832
37944,9412,Explaining Feminism To That Girl From 'The Fault In Our Stars'. Because She's Mad Confused.,3589.0,3589.0,81.0,0.02256896071329061,0.016848358599339842
37945,9412,Can Someone Remind Me Why We Keep Asking Celebrities About Feminism?,3601.0,3601.0,41.0,0.011385726187170231,0.01646264502473497
37946,9412,Watch One Blogger Calmly Explain Why She's Sick Of Celebs Talking About Feminism,3578.0,3578.0,62.0,0.01732811626607043,0.01750134595147959
37947,9412,Hey Lady Celebs! Here's Where You're Wrong About Women's Rights.,3564.0,3564.0,66.0,0.018518518518518517,0.01780853785515308
37994,9423,Men Have Spent Over 100 Years Trying To Prevent Women From Learning The Real Meaning Of This Word,2992.0,2992.0,71.0,0.023729946524064172,0.02185000979897292
37995,9423,Men Have Spent Over 100 Years Trying To Prevent Women From Learning The Real Meaning Of The 'F' Word,3051.0,3051.0,54.0,0.017699115044247787,0.018583192793381158
37996,9423,Men Have Spent A Few Centuries Trying To Prevent You From Speaking About The Real Meaning Of A Word,3059.0,3059.0,59.0,0.01928734880679961,0.024946661350738985
37997,9423,"For Over 100 Years, Men Have Been Trying To Prevent Women From Saying The Real Meaning Of This Word",3125.0,3125.0,58.0,0.01856,0.021432959850624045
37998,9423,1 Word That Some Men Have Spent All Their Time Trying To Prevent The Rest Of Us From Understanding,3090.0,3090.0,73.0,0.023624595469255664,0.01750734142106747
38077,9441,The Really Big Thing Our Government Is About To Screw Up With Help From Comcast And Verizon,3084.0,3084.0,17.0,0.005512321660181583,0.010750670636101111
38078,9441,"An Issue That's Received 647,000 Comments Probably Means People Give A Damn",3052.0,3052.0,28.0,0.009174311926605505,0.010451524417348958
38079,9441,The Best Reason To Add Your Name To A List Since The Time You Signed Up For Free Yoga Lessons,3148.0,3148.0,15.0,0.004764930114358323,0.006240070332047142
38080,9442,What's Happening In Spain Ought To Sound Nightmarishly Familiar,3118.0,3118.0,24.0,0.007697241821680564,0.01613818785797222
38081,9442,"If You Look Into Their Eyes As They Talk About Their Kids, It's Hard Not To Feel It In Your Heart",2985.0,2985.0,18.0,0.006030150753768844,0.014255507617446228
38082,9442,"If You’ve Ever Felt Abandoned By Someone You Counted On, You’ll Get Where They're Coming From",3039.0,3039.0,23.0,0.007568279039157618,0.01
38083,9442,Stories That’ll Make Anti-Welfarists Think Twice Before Criticizing The Unemployed,3071.0,3071.0,24.0,0.007815043959622273,0.01739007421234265
38084,9442,A Disturbing Reminder That Banks And Politicians Control All Of Our Lives,3194.0,3194.0,24.0,0.007514088916718848,0.006829837184930095
38085,9442,"Try Screaming, 'Get A Job!' To One Of These Folks. They'd Laugh In Your Face.",2998.0,2998.0,46.0,0.015343562374916611,0.015013379995167374
38188,9465,"When Their Neighbors Needed Them, They Got Knee-Deep In The Mud",3048.0,3048.0,19.0,0.006233595800524934,0.0011144564890192346
38204,9469,#MealForAMeal Gives Your Food Pictures The Power To Feed People Worlds Away,3092.0,3092.0,18.0,0.005821474773609315,0.009075143401224995
38205,9469,You Take A Picture Of Your Food And Tag It With #MealForAMeal. What Happens Next Is Less Hunger.,3166.0,3166.0,24.0,0.007580543272267846,0.010931734542270154
38206,9469,"If Enough People Use The Hashtag #MealForAMeal, There Will Be Way Less Wasted Food In The World",3059.0,3059.0,20.0,0.006538084341288003,0.012060274428139468
38207,9469,"If You Take A Pic Of Your Food And Tag It With #MealForAMeal, There Will Be Less Hungry People",3045.0,3045.0,16.0,0.005254515599343186,0.009278595006902677
38228,9474,You Might Be Surprised At Who's Working In Tipped Jobs,3091.0,3091.0,16.0,0.00517631834357813,0.008418608761278418
38229,9474,These Are The People Working For $2.13 An Hour,3081.0,3081.0,20.0,0.006491398896462187,0.008919573863698592
38230,9474,"Believe It Or Not, Some Folks Actually Work For Less Than Minimum Wage",2974.0,2974.0,10.0,0.0033624747814391394,0.005358951667024829
38300,9491,A Politician Gets Honest About Why He's Ruining The Country,3019.0,3019.0,37.0,0.012255713812520701,0.015521874788051278
38301,9491,Do You Need To Be Secretive To Be Corrupt? Apparently Not.,3050.0,3050.0,26.0,0.008524590163934427,0.007922835100902189
38302,9491,A Politician Gets Real Honest About Why He's Actively Ruining His State,3200.0,3200.0,58.0,0.018125,0.015885832587946347
38303,9491,A Politician Candidly Describes How Easy It Is To Succumb To Corruption,3106.0,3106.0,22.0,0.0070830650354153256,0.014700423588968484
38342,9501,She's An Icon The World Over And She's Using Her Birthday For A Really Important Cause,3094.0,3094.0,11.0,0.003555268261150614,0.00361638308641986
38343,9501,"You May Have Blown Out The Candles And Wished For Peace, But Malala Takes It To A Whole New Level",3113.0,3113.0,19.0,0.006103437198843559,0.012779749176669544
38344,9501,It’s Malala’s Party And She’ll Use It To Try To Bring Back Missing Girls If She Wants To,3039.0,3039.0,14.0,0.004606778545574202,0.005285433550736644
38345,9501,"Was Going To Bake You A Cake, Malala, But I Thought You’d Rather Have Everyone Hear This Instead",3035.0,3035.0,14.0,0.004612850082372323,0.009385500138848214
38384,9510,Teenagers Are Tough To Live With. But This? Wow.,6158.0,6158.0,102.0,0.016563819421890225,0.019333256396398456
38385,9510,"At First, It Looks Like Any Other Video Of A Teenager Living At Home. But The End? Wow.",6189.0,6189.0,133.0,0.021489739861043786,0.02449645033432387
38386,9510,"I Didn’t Expect The Turn At 0:17, So It Hit Me Right In The Gut",6024.0,6024.0,128.0,0.021248339973439574,0.013460925084080193
38387,9510,"When Teenagers Are Dying Of An Epidemic So Huge, Why Can’t We Do Something About It?",6199.0,6199.0,98.0,0.015809001451847073,0.013171642650499448
38403,9515,"3 All Star Dudes Talking About Feminism? Alright, I'm Listening.",5933.0,5933.0,23.0,0.0038766222821506827,0.011603549895816261
38404,9515,"If 'Feminism' Is A Word That Scares You, Take A Moment To Hear From A Few Guys Who Own It",6334.0,6334.0,41.0,0.006473002841806126,0.011769413935548183
38405,9515,"3 Clips That I'd Like Every Man, Boy, And Manboy On The Planet To See",6185.0,6185.0,50.0,0.008084074373484237,0.014816046448048894
38406,9515,Here's The Kind Of Bro-Talk Guys *Should* Be Having About Women,6101.0,6101.0,43.0,0.007048024913948533,0.01907382542566686
38409,9516,You Take A Picture Of Your Food And Tag It With #MealForaMeal. What You Get Is Less Hungry People.,6131.0,6131.0,39.0,0.006361115641820258,0.010072836772851562
38435,9523,Are People Ignoring Water Bills So They Can Pay For Cable? You'll Want To Hear Her Opinion.,3580.0,3580.0,44.0,0.012290502793296089,0.01
38436,9523,"A Talking Head Gets A Talking To, And Gets Really, Really Quiet",3610.0,3610.0,64.0,0.01772853185595568,0.011718516894465455
38437,9523,An Older Woman Tells A Younger Man He Ought To Check His Facts (It's KInda Fun To Watch),3654.0,3654.0,98.0,0.02681992337164751,0.022243127790688072
38438,9523,"Smackdown! This Reporter Thinks He Knows His Stuff, But She's The One With The Inside Scoop.",3507.0,3507.0,57.0,0.016253207869974338,0.015967630917373576
38444,9526,You Take A Picture Of Your Food And Tag It With #MealForAMeal. What You Get Is Less Hunger.,6130.0,6130.0,32.0,0.0052202283849918435,0.011413189734529755
38515,9542,Need Help Getting Out Of An Abusive Relationship? Just Click 'Download'.,3532.0,3532.0,27.0,0.007644394110985277,0.001908069860322513
38516,9542,Your Boyfriend Could See This App On Your Phone And Have No Idea What It Is. And That's The Point.,3617.0,3617.0,101.0,0.027923693668786286,0.012785526636162073
38517,9542,"The Super Secret, Super Helpful App That So Secret And So Helpful, You Can't Even See It.",3535.0,3535.0,46.0,0.013012729844413012,0.005255958203056106
38518,9542,This App Could Save Your Life But They Can't Show It To You. The Bad Guys Might See It.,3545.0,3545.0,33.0,0.00930888575458392,0.015892632456315715
38519,9542,Lots of People Don't Like Dr Phil. But I Kind Fell In Love With His Wife After Seeing What She Made.,3699.0,3699.0,43.0,0.011624763449580968,0.012865061651387047
38701,9582,Here's Research On How To Convince Someone They're Wrong.,3243.0,3243.0,70.0,0.021584952204748688,0.012076674289914043
38771,9599,Do You Think Corporations And The Government Are Fooling Us About Unfertilized Chicken Babies?,3222.0,3222.0,40.0,0.012414649286157667,0.006640015018102597
38772,9599,There Are More Ways Then One To Label An Unfertilized Chicken Baby,3241.0,3241.0,28.0,0.008639308855291577,0.012385354695947235
38773,9599,A Video About Unfertilized Chicken Babies And How Corporations Are Fooling Us,3282.0,3282.0,55.0,0.01675807434491164,0.005104738392483526
38835,9614,The Guy Pouring Milk On His ‘Lady Flakes’ Is About To Chunder Over Gender Inequality,3301.0,3301.0,41.0,0.012420478642835504,0.020397490176363334
38836,9614,Watch A Guy From The UK Make A Bowl Of Cereal In The Name Of Gender Inequality,3284.0,3284.0,20.0,0.0060901339829476245,0.022403765997428125
38837,9614,His Stats About Women In The UK Are Nearly As Gross As The Giant Bowl Of ‘Lady Flakes’,3218.0,3218.0,37.0,0.011497824735860782,0.011038066972884009
38850,9618,"After He Traveled A Highway For 38 Days, A Man Discovered An Unexpected Change Happening In America",3022.0,3022.0,50.0,0.01654533421575116,0.0190639857061695
38852,9618,"While Washington Obsesses Over Borders, Something Amazing's Going On Right In The Middle Of The U.S.",3142.0,3142.0,37.0,0.011775938892425206,0.014501358072616618
38853,9618,Immigrants Traveled The I-35 And Landed In The Middle Of America. Here's What Happened.,2938.0,2938.0,34.0,0.011572498298162015,0.013457833143293655
38854,9618,Try To Imagine The Most Middle American Scene You Can Think Of. Now Throw In A Piñata.,3159.0,3159.0,35.0,0.011079455523899969,0.009071571585605367
38873,9623,"He Wanted To Introduce His Fellow Soldiers To His Girlfriend So Bad, But There Was A Big Problem",3342.0,3342.0,98.0,0.029323758228605626,0.02514897654464038
38874,9623,His Fellow Soldiers Couldn't Wait To Meet His Girlfriend. There Was Just One Problem.,3279.0,3279.0,107.0,0.0326318999695029,0.034670067146349536
38875,9623,His Fellow Soldiers Wanted To Meet His Girlfriend So Bad. There Was Just One Problem.,3240.0,3240.0,118.0,0.03641975308641975,0.02922749409778909
38880,9625,"We Waste Half A Billion Dollars Teaching Calculus To People Who Fail. That's Really, Really Dumb.",3219.0,3219.0,27.0,0.008387698042870456,0.012824358470361381
38881,9625,A Very Smart Man With A Very Cool Ponytail Thinks He's Got The Future Of Education All Figured Out,3278.0,3278.0,37.0,0.011287370347773032,0.008841569446427394
38882,9625,"You Know That Thing You've Been Getting In School? Sorry, But It's Not A Real Education.",3334.0,3334.0,30.0,0.008998200359928014,0.01281286369767588
38883,9625,"600,000 College Freshman Take Calculus Every Year. Guess How Many Fail? (Hint: Too Many)",3354.0,3354.0,13.0,0.003875968992248062,0.00928388949603675
38884,9625,Want To Be In The Know? Hear The Future Of Education Explained In 5 Minutes.,3203.0,3203.0,18.0,0.00561973150171714,0.004189985346671983
38888,9626,"If You Say This To A Soldier, Male Or Female, You Are Kind Of An Awful Person",3287.0,3287.0,48.0,0.014602981442044418,0.026351631594577433
38889,9626,Here's One Thing You Should Never Say To A Solider If You Have Any Respect For Them At All,3298.0,3298.0,49.0,0.01485748938750758,0.024039285631880493
38890,9626,The Easiest Way To Show Your Disrespect For Soldiers Is To Say What These Officers Said To Her,3349.0,3349.0,75.0,0.022394744699910422,0.023424307305525235
38953,9640,"The Question Isn’t If Meredith Graves Is Punk Enough For You, It’s Are You Punk Enough For Her?",3207.0,3207.0,28.0,0.008730901153726224,0.012816983701210843
38954,9640,This Ferocious Feminist Singer Isn’t Too Punk-Rock To Get Vulnerable,3230.0,3230.0,31.0,0.009597523219814242,0.014682681222849634
38955,9640,Being A Badass Punk Singer Doesn’t Mean You Never Have Body Issues,3296.0,3296.0,28.0,0.00849514563106796,0.014253355180309131
38956,9640,She Complained About Being Objectified. Then A Reviewer Objectified Her Complaining.,3271.0,3271.0,64.0,0.019565881993274227,0.017316266140284347
38957,9640,You Know The Sex Pistols Wouldn’t Have Put Up With This Shit,3089.0,3089.0,48.0,0.015539009388151505,0.02118953024517609
38958,9640,"When A Rocker Takes Off Her Clothes, She Proves It Isn’t The Outfit That Makes You Punk",3131.0,3131.0,82.0,0.026189715745768127,0.021747387933358127
38982,9645,"If Your House Was Covered In Mud And Sand, These People Would Be The Most Welcome Sight Of All",2962.0,2962.0,23.0,0.007765023632680621,0.005479971846419986
38983,9645,"When Bad Things Happened To These People, Their Neighbors Stepped In To Help. It's Beautiful.",2827.0,2827.0,20.0,0.007074637424831978,0.015864572003745525
38984,9645,"Mother Nature Attacked Their Town, But They Didn't Let Her Win. No Way.",2898.0,2898.0,14.0,0.004830917874396135,0.003956854770277438
38985,9646,The Really Arbitrary Reason We Went To Space Turned Into One Of The Smartest Decisions We Ever Made,2904.0,2904.0,16.0,0.005509641873278237,0.005136811041257731
38986,9646,The Really Dumb Reason We Went To The Moon Turned Into One Of The Smartest Decisions We Ever Made,2835.0,2835.0,16.0,0.005643738977072311,0.010559294331886175
38987,9646,The Really Weird Reason We Went To The Moon Turned Into One Of The Smartest Decisions We Ever Made,2823.0,2823.0,25.0,0.008855827134254339,0.009840885151076659
38988,9646,The Really Bad Reason We Went To The Moon Turned Into One Of The Smartest Decisions We Ever Made,2794.0,2794.0,23.0,0.0082319255547602,0.013082105425521469
38989,9646,The Really Awful Reason We Went To The Moon Turned Into One Of The Smartest Decisions We Ever Made,2812.0,2812.0,24.0,0.008534850640113799,0.011628004596167037
38990,9646,America's Reason To Go Up Into Space Was Kind Of Silly. The Reason We Stayed Was Pretty Profound.,2863.0,2863.0,10.0,0.0034928396786587496,0.011792744303596336
38992,9646,The 1 Silly Reason America Decided To Put A Man On The Moon Turned Out To Not Be Silly At All,2796.0,2796.0,9.0,0.003218884120171674,0.007938213178609847
38994,9647,"When The Earth Took Over Their Houses, They Took Them Back",2873.0,2873.0,11.0,0.0038287504350852765,0.003268902906396722
38995,9647,A Deluge Of Rain Followed By A Deluge Of Love? Pretty Much.,2807.0,2807.0,13.0,0.004631278945493409,0.007872512400550674
38999,9649,WHOA: There's A Chart That Shows How Much Each Of Your Body Parts Are Worth To Your Boss,2847.0,2847.0,14.0,0.004917456972251493,0.01489172637707967
39000,9649,"They Could Have Made It Safe, But They Chose To Save Money. Later, They Found His Legs Dangling.",2890.0,2890.0,31.0,0.010726643598615917,0.018381059352336512
39001,9649,They Lose Their Limbs And Lives And Don’t Complain Because Speaking Up Would Be Worse,2839.0,2839.0,24.0,0.008453680873547023,0.003377720125299094
39058,9661,Think Getting Bullied On The Internet Isn't That Big A Deal? Ask The 1 in 4 Americans Who Have Been.,2526.0,2526.0,8.0,0.003167062549485352,0.009506751676552296
39059,9661,You'll Never Guess Who Gets Harassed More On The Internet: Men Or Women? Democrats Or Republicans?,2664.0,2664.0,26.0,0.00975975975975976,0.011705044873029622
39060,9661,"Who Gets Harassed More On The Internet, Men Or Women? Need To Know The Answer? You Missed The Point.",2512.0,2512.0,16.0,0.006369426751592357,0.014459177502348645
39061,9661,The Incredibly Disturbing Facts About Who Gets Harassed On The Internet.,2568.0,2568.0,16.0,0.006230529595015576,0.012562097235374905
39062,9661,Read This If You've Ever Been Bullied On The Internet. Or If You Bully People On The Internet.,2553.0,2553.0,28.0,0.010967489228358794,0.009676283558612244
39085,9667,"At Least Sneezes Aren't Contagious Like Yawns, Because This Would Send Us All Running For Cover",2708.0,2708.0,9.0,0.0033234859675036928,0.0054070179346988965
39086,9667,How Your Sneezes Travel To Places You've Never Even Been,2641.0,2641.0,12.0,0.004543733434305188,0.002960480259878405
39087,9667,Math Doesn't Have To Be A Dry Subject. The Proof Is In Your Sneezes!,2672.0,2672.0,9.0,0.0033682634730538923,0.006691297174243865
39088,9667,Something To Think About The Next Time Someone Lets Out A Big Ol' Sneeze Next To You,2583.0,2583.0,17.0,0.006581494386372435,0.010509104633441135
39089,9667,Watching A Sneeze In Slow Motion Is Kind Of Like Awkward Human Body Art,2580.0,2580.0,14.0,0.005426356589147287,0.011894669543507246
39154,9681,She Wants More Women At The Top Of Their Industries For Her Daughter. And For Her Son.,3138.0,3138.0,14.0,0.004461440407903123,0.01
39155,9681,Who's Gonna Get More Women To The Top Of The World's Industries? Sheryl Sandberg Thinks It's You.,2990.0,2990.0,8.0,0.0026755852842809363,0.001372167163845162
39156,9681,"When Facebook COO, Sheryl Sandberg Tells You To 'Sit At The Table', It's Time To Pull Up A Chair",3084.0,3084.0,15.0,0.0048638132295719845,0.01
39166,9684,"She's An Author, An Activist And A Facebook Executive And She Wants To See More Women At The Top",3030.0,3030.0,9.0,0.0029702970297029703,0.006159214326551599
39167,9684,"It'd Be Easier To Tell Women To Fight For Success, If Being Successful Didn't Carry So Many Stigmas",3014.0,3014.0,13.0,0.0043132050431320505,0.017173733838387217
39168,9684,"What Happens When A Study Swaps Out ""Heidi"" For ""Howard""? You See How We View Female Leaders.",3122.0,3122.0,30.0,0.009609224855861628,0.011555118864236016
39169,9684,Men Don't Have To Choose Between Being Liked And Being Successful. So Why Should We?,3092.0,3092.0,12.0,0.0038809831824062097,0.010161061686176594
39170,9684,Sheryl Sandberg Thinks Our Partners Should Actually Be Our Partners. I'm A Married Lady Who Agrees.,3056.0,3056.0,13.0,0.004253926701570681,0.006410312676811372
39190,9689,They Told Her It Was Too Sexual But She Did It Anyway. Because That's Exactly Who God Made Her.,3024.0,3024.0,101.0,0.0333994708994709,0.01731886974373319
39191,9689,"They Told Her Not To Show Or Move Her Body. But For Some Reason, She Just Couldn't Keep Still.",3062.0,3062.0,64.0,0.020901371652514697,0.021697281201214277
39192,9689,She's Using Her Body To Fight Back Against The Rules Of The Religion She Loves,3047.0,3047.0,34.0,0.011158516573679028,0.015669719954276115
39193,9689,Sometimes The Best Way To Make Other People Understand You Is To Stand Up To Them. And Dance.,3037.0,3037.0,19.0,0.006256173855778729,0.008729207337588344
39212,9694,A News Organization Does Their Best To Explain The Israel-Gaza Conflict Without Stirring Controversy,3093.0,3093.0,41.0,0.01325573876495312,0.020694831078564516
39213,9694,The Video About Israel-Gaza You Can Share With Your Friends That (Hopefully) Won’t Offend Them,3084.0,3084.0,56.0,0.018158236057068743,0.011684902312971042
39214,9694,"The ‘Truth’ Of The Conflict In Gaza Can Vary From Person To Person, But You Can’t Ignore Its Toll",3082.0,3082.0,32.0,0.010382868267358857,0.0073987975776437015
39215,9694,The Deaths Of Three Young Men Has Kicked Off A Crisis That We All Need To Understand,3041.0,3041.0,27.0,0.00887865833607366,0.015207266321748852
39229,9697,Whats The Difference Between A Strong Woman And A Sexy Lamp?,3138.0,3138.0,29.0,0.009241555130656469,0.0189505066494609
39230,9697,A Comic Book Writer Describes What She Looks For In ‘Strong Female Characters’,3105.0,3105.0,19.0,0.006119162640901771,0.01
39232,9697,What Are We Talking About When We Say We Want Strong Female Characters?,3078.0,3078.0,19.0,0.006172839506172839,0.009740439257994019
39233,9697,"You May Have Heard Of The Bechdel Test, But Have You Heard Of The ‘Sexy Lamp’ Test?",2989.0,2989.0,35.0,0.0117096018735363,0.019790647544883924
39249,9702,"Columbine, Aurora, Virginia Tech, Sandy Hook. Here’s What They All Have To Do With Your 401k.",3153.0,3153.0,24.0,0.007611798287345386,0.013524905663605436
39250,9702,The Numbers On This Wall Reveal A Shocking Truth About Where Our Retirement Money Is Going,3090.0,3090.0,29.0,0.009385113268608414,0.012089611025717314
39266,9706,"When Folks Who Make $2 An Hour Actually Make Minimum Wage, They Get Out Of Poverty. Shocker, I Know.",3028.0,3028.0,15.0,0.004953764861294584,0.012525435768910739
39267,9706,"No Surprise, Right? $2.13 An Hour Creates More Poverty Than Paying An Actual Minimum Wage.",3089.0,3089.0,15.0,0.004855940433797346,0.007820918045217212
39268,9706,"In States Where Tipped Workers Make Minimum Wage, Not The Lower Minimum Wage, Guess What Happens",3040.0,3040.0,30.0,0.009868421052631578,0.011334687443192382
39269,9706,"Turns Out, The Best Way To Keep Tipped Workers Out Of Poverty Is Pretty Simple",3151.0,3151.0,29.0,0.009203427483338623,0.009736901423784678
39318,9718,A Scene From A Spike Lee Movie Played Out In Real Life — In The Worst Possible Way,3796.0,3796.0,40.0,0.01053740779768177,0.02304735800836155
39319,9718,A Tragic Event Caught On Video Played Out Like A Horrific Scene From A 25-Year-Old Movie,3644.0,3644.0,65.0,0.01783754116355653,0.031096012726141785
39320,9718,A One-Minute Mash-Up Shows A Frightening Similarity Between Art And Life,3701.0,3701.0,20.0,0.0054039448797622265,0.014853440933382877
39321,9718,"He Was A Husband, A Father, And A Victim Of The Worst Possible Crime — By Cops",3781.0,3781.0,42.0,0.011108172441153134,0.012617977925480198
39322,9718,A Tragic One-Minute Mash-Up That'll Make You Wonder If Life Really Imitates Art,3736.0,3736.0,26.0,0.006959314775160599,0.016774988307249418
39449,9750,"Imagine All The People Living Life In Peace. Now, Here's How To Make That A Reality.",4079.0,4079.0,14.0,0.003432213777886737,0.006989513036574335
39450,9750,They've Been Tracking War And Peace For Seven Years. Care To Guess What They've Found?,4109.0,4109.0,31.0,0.007544414699440253,0.007534375418472798
39451,9750,This Has Been The Most Peaceful Century In Human History. Let's Not Blow That Up.,4132.0,4132.0,25.0,0.006050338818973862,0.00789732633948065
39452,9750,"Peace Isn't Some Utopian Vision, We Build It. And They've Got Blueprints.",4093.0,4093.0,11.0,0.0026875152699731247,0.01
39453,9751,Read This If You've Ever Been Bullied On The Internet. Or If You Bully People On The Internet.,3664.0,3664.0,18.0,0.0049126637554585155,0.009672852547492887
39454,9751,The Really Awful Things That Happen To Kids Who Are Harassed Online,3616.0,3616.0,23.0,0.006360619469026549,0.0174933338932866
39455,9751,Some People Think Online Harassment Isn't That Big Of A Deal. Some People Don't Know The Truth.,3643.0,3643.0,21.0,0.005764479824320615,0.005943449016803024
39456,9751,"When Kids Like This Get Harassed Online, The Repercussions Can Be Kind Of Awful",3448.0,3448.0,20.0,0.00580046403712297,0.0054528416220394
39474,9755,85% Of All Terrorist Activity Is In These 11 Countries. Is Yours One Of Them?,3254.0,3254.0,48.0,0.014751075599262446,0.013956427321373545
39475,9755,Just How Violent Has The World Become? These Peace Experts Have An Answer.,3320.0,3320.0,47.0,0.014156626506024096,0.00330068384509623
39476,9755,Homicide Rates Are 12 Times Higher In These 11 Countries. Is Yours One Of Them?,3232.0,3232.0,33.0,0.01021039603960396,0.015108617363089332
39477,9755,Last Year The World Spent $9.8 Trillion On This Activity. Care To Guess?,3315.0,3315.0,73.0,0.0220211161387632,0.011024637917285376
39493,9759,"When A Doctor Realized His Community Had No Doctors, He Made Everyone He Could Find Into A Doctor",3753.0,3753.0,23.0,0.0061284305888622435,0.01402177081302116
39494,9759,How A Doctor In India Empowered Ordinary Villagers To Care For The Health Needs In Their Community,3683.0,3683.0,12.0,0.00325821341297855,0.012498764817138599
39495,9759,"With A Little Training, Ordinary People Can Give Effective Mental Health Care To Their Community",3703.0,3703.0,10.0,0.0027005130974885228,0.004081147063381825
39531,9768,"That One Big Thing (Or Little, We're Not Judging) Most Prime Time Television Stars Have In Common",2571.0,2571.0,20.0,0.007779074290159471,0.017990749587395764
39532,9768,How Not Having A Penis Will Cut Your Career Span As Much As 10 Years In This Industry,2564.0,2564.0,17.0,0.006630265210608425,0.017375668604757283
39533,9768,Prime Time Television Has A Sea Of Talented Male Actors ... And That One Actress,2560.0,2560.0,15.0,0.005859375,0.019590032621032167
39534,9768,"If The T.V. Industry Wants Us Tuning In, They Should Stop Turning Us Off With This Big Jerk Move",2561.0,2561.0,20.0,0.007809449433814916,0.016012091818670842
39596,9782,"What Can A Union Do For You, Anyway?",3258.0,3258.0,7.0,0.002148557397176182,0.01
39597,9782,Unions 101: What They Do For People On The Job,3340.0,3340.0,9.0,0.002694610778443114,0.0023535222501846528
39639,9791,Watch Jeremy Irons Speak Absolutely Frankly About Killing People For The Things They’ve Done,3263.0,3263.0,45.0,0.013790989886607416,0.02713128928658771
39640,9791,Some Thoughts On The Death Penalty From One Famous Actor,3214.0,3214.0,31.0,0.009645301804604853,0.02109925414661389
39641,9791,Speaking Of The Death Penalty … Here’s Jeremy Irons With A Haunting Perspective,3290.0,3290.0,33.0,0.010030395136778116,0.017256423499290862
39642,9791,"If Just One Person Is Put To Death For Something They Didn't Do, Doesn't It Indict The Whole System?",3303.0,3303.0,15.0,0.004541326067211626,0.00806718081035797
39667,9797,Hear The Creepy Things Sex Traffickers Say To Women To Exploit Them,3433.0,3433.0,72.0,0.020972909991261286,0.023645463876413714
39668,9797,"40,000 Children Disappear In Brazil Every Year. We Know Where Most Of Them Are.",3268.0,3268.0,50.0,0.015299877600979192,0.017044594716160873
39669,9797,What’s More Valuable Than Weapons Or Drugs In The Brazilian Economy?,3245.0,3245.0,32.0,0.009861325115562404,0.004038581499250642
39671,9797,The Biggest Shame In Brazil Is Not That They Lost The World Cup,3195.0,3195.0,58.0,0.01815336463223787,0.01599322592914414
39672,9797,"Trafficking Human Beings As Slaves Seems Unthinkable, But It’s Simple Economics",3299.0,3299.0,39.0,0.011821764170960897,0.009792472443240222
39673,9797,"How Young Girls Are Promised The World, Then Sold Into Slavery",3150.0,3150.0,42.0,0.013333333333333334,0.025617967529042142
39713,9807,Most Parents Suck At Talking To Their Kids About Sex. This Video Can Help.,2536.0,2536.0,11.0,0.004337539432176656,0.016356136738267968
39714,9807,How To Talk To Kids About That Whole... 'Sex Business Thing' Down There. And Stuff.,2567.0,2567.0,18.0,0.007012076353720296,0.01557765180568535
39715,9807,10 Important Things To Know When Teaching Kids About Sex,2590.0,2590.0,26.0,0.010038610038610039,0.016024790221345817
39716,9807,How To Respond (Effectively) When Your Kid Asks Where Babies Come From,2591.0,2591.0,23.0,0.00887688151292937,0.008003465160526795
39735,9812,Watch A Famous British Nanny Quit Her Job Over America’s Low Minimum Wage,3580.0,3580.0,27.0,0.007541899441340782,0.02108199980338773
39736,9812,A Famous British Nanny Calls Supercalifragilisticexpialibullsh*t On America's Low Minimum Wage,3433.0,3433.0,24.0,0.006990969997087096,0.017319618642384925
39739,9812,"A Famous British Nanny Is Attacking America. For A Really, Really, Good Reason.",3380.0,3380.0,45.0,0.013313609467455622,0.021738400161291797
39740,9812,A Disney Nanny With Magic Powers Is Sick And Tired Of Her Cheap Boss Ruining Everything,3321.0,3321.0,28.0,0.008431195423065342,0.015270935188565416
39775,9820,NFL Says Half It's Audience Is Female. So Why Don't They Care When Their Players Beat Their Wives?,3015.0,3015.0,12.0,0.003980099502487562,0.011982147503182574
39776,9820,When Players Misbehave The NFL Punishes Them. Unless By 'Misbehave' You Mean 'Beat Your Wife'.,3058.0,3058.0,16.0,0.005232177894048398,0.010726637309024397
39777,9820,Star Football Player Smokes Weed: Fired. Star Football Player Beats Wife: Brief Unpaid Vacation.,3151.0,3151.0,21.0,0.006664550936210727,0.009718922019164761
39807,9828,NFL: Women Getting Beaten By Our Players? Mehhhhh... Women Spending Money On Out Stuff? Great!,3073.0,3073.0,18.0,0.00585746827204686,0.009100962055950514
39808,9828,"What Do You Think Is Worse: Kicking Someone, Smoking Weed, Or Beating Your Wife? The NFL's Answer.",3100.0,3100.0,36.0,0.011612903225806452,0.010532196937211902
39809,9828,TV Host Loses His Sh*t After A Football Player Gets An Unbelievable Punishment For Beating His Wife,3013.0,3013.0,38.0,0.01261201460338533,0.02110115935990093
39810,9828,Leave It To A Sportscaster To Knock It Out Of The Park On Domestic Violence,3119.0,3119.0,23.0,0.007374158384097467,0.017958159569069775
39846,9836,That Precise Moment You Realize How Weird It Is For Women To Get Rid Of All Their Body Hair,3135.0,3135.0,74.0,0.023604465709728868,0.020181564595914553
39847,9836,That Awkward Yet Freeing Moment You Realize How Weird It Is For Women To Get Rid Of Their Body Hair,3117.0,3117.0,58.0,0.01860763554700032,0.020595014548302502
39848,9836,Just How Weird It Is It That Women Get Rid Of All Their Body Hair?,3218.0,3218.0,49.0,0.015226848974518334,0.01809411267035313
39849,9836,Are They Really Taking About Body Hair Down There And Everywhere? Uhhh Awkward ...,3044.0,3044.0,45.0,0.01478318002628121,0.008719862687480096
39876,9842,"These Guys Are Really Cute, But They Mean Beesiness",3039.0,3039.0,9.0,0.0029615004935834156,0.0016226755827612929
39877,9842,"Insects Can't Form Unions, But I'd Hate To See What Happens When The Worker Bees' Demands Aren't Met",3094.0,3094.0,6.0,0.0019392372333548805,0.007590045167424514
39878,9842,"The Avengers Make A Bee Movie, But This Time Their Message Is About A Bugs Life",3022.0,3022.0,7.0,0.002316346790205162,0.01972486673576387
39879,9842,Honeybees Take On The Big Guys In A Very Funny Ad From Greenpeace,3143.0,3143.0,8.0,0.002545338848234171,0.01499703354977513
39888,9845,"No One Needs Another Lecture About Smoking, But These 9 Facts Are Massively Important",3052.0,3052.0,29.0,0.009501965923984272,0.022417546558321837
39890,9845,An Industry Is Making Its Signature Product More Dangerous In 9 Ways And Wants To Keep It A Secret,3075.0,3075.0,33.0,0.010731707317073172,0.014833944317301643
39891,9845,Here Are 9 Ways Cigarettes Are Trying To Kill You Faster Than Ever Before,3055.0,3055.0,34.0,0.011129296235679214,0.018342927132887883
39892,9845,"Your High School Health Class Was Often Full Of It, But Here’s 1 Issue Where It Was Spot On.",3097.0,3097.0,29.0,0.009363900548918308,0.011825756104102234
39923,9852,A 2-Panel Comic Offers Insight Into A Decades Long DIscrimination,3112.0,3112.0,24.0,0.007712082262210797,0.01502944797923081
39924,9852,Surgeon General’s Warning: NYPD,3099.0,3099.0,10.0,0.003226847370119393,0.02020779340611095
39925,9852,A Simple But Provocative 2-Panel Comic Summarizes A Serious Problem,3074.0,3074.0,40.0,0.013012361743656473,0.02510770732323673
39926,9852,"3 Sentences, 2 Drawings And 1 Sarcastic Remark Adds Up No Laughing Matter",2979.0,2979.0,27.0,0.00906344410876133,0.02085534921021688
39927,9852,Read A Short Comic That Highlights The Absurd Tradgedy Of 1 Man's Police Encounter,3074.0,3074.0,21.0,0.0068314899154196486,0.01641169846137877
39955,9858,Everything You Wanted To Know But Were Afraid To Ask About Fasting,3084.0,3084.0,25.0,0.008106355382619975,0.0076710637364570955
39956,9858,Fasting: Healthy Or Not?,3110.0,3110.0,16.0,0.005144694533762058,0.0004581952045735701
39957,9858,Slow Down. Here's Everything You Need To Know About Fasting.,3031.0,3031.0,10.0,0.003299241174529858,0.018471932387042058
39958,9859,A Delightful Explainer Singles Out The Many Reasons Multitasking Is Silly,2595.0,2595.0,23.0,0.008863198458574181,0.01694661744639392
39959,9859,I Thought I Needed To Multitask Until I Learned About Single-Tasking. Now I Feel Multi-Silly.,2593.0,2593.0,41.0,0.015811801002699577,0.00490454662645963
39960,9859,"Before You Watch This Video, Count How Many Browser Tabs You Have Open",2530.0,2530.0,36.0,0.014229249011857707,0.017745354801380488
39961,9859,How 'Tab-Less Thursdays' (And 'Taco Tuesdays') Will Change Your Life Forever,2585.0,2585.0,11.0,0.00425531914893617,0.003777635495416195
40126,9893,How Changing Your Profile Photo From A Black Woman To A White Man Might Just Break The Internet,2585.0,2585.0,24.0,0.009284332688588007,0.017101581727109506
40127,9893,A Writer Changed Her Profile Photo To Show Exactly How The Internet Is Broken,2491.0,2491.0,21.0,0.008430349257326376,0.010497942223178857
40130,9894,A Senator Tells An NCAA-Athlete-NFL-Player-Neurosurgeon Not To Be Nervous. Little Did He Know...,2614.0,2614.0,20.0,0.0076511094108645756,0.024942742974246028
40131,9894,A Senator Tells This Student Not To Be Nervous. I Was Nervous For The Senator.,2565.0,2565.0,27.0,0.010526315789473684,0.02249970535723611
40132,9894,A Senator Tells This Student Not To Be Nervous. That Senator Didn't Do His Homework.,2622.0,2622.0,22.0,0.008390541571319604,0.0301828816443272
40155,9902,"What God Wants Is Pretty Straightforward, But It's Easy For Us To Get Kinda Confused Here On Earth.",2444.0,2444.0,29.0,0.011865793780687398,0.015416820004951556
40156,9902,"What God Wants Is Pretty Straightforward, But It's Easy For Us To Get Kinda Confused Here On Earth.",2632.0,2632.0,35.0,0.013297872340425532,0.015416820004951556
40229,9919,"When A Billboard Goes Up That Does The Whole Fat-Shaming Thing, What's The Best Reaction?",3123.0,3123.0,28.0,0.008965738072366315,0.023832945204901552
40230,9919,The Best Answer I’ve Seen Yet To Advertising Suggesting That We Shame Our Friends,2978.0,2978.0,20.0,0.006715916722632639,0.022435015774577002
40231,9919,"Friends Don’t Let Friends Do What, Now?",2995.0,2995.0,21.0,0.007011686143572621,0.01833939535261571
40232,9919,A Plastic Surgery Doctor Took Out A Billboard That Tried To Shame Overweight People. And …,3099.0,3099.0,37.0,0.011939335269441756,0.03535747595840352
40284,9933,PTSD May Be More Common Then You Think And The Cause Does Not Always Occur On The Battlefield,4068.0,4068.0,14.0,0.00344149459193707,0.007574898170401563
40286,9933,During A Given Year 5.2 Million People Have A Disorder And It’s Time We Better Understand It,4156.0,4156.0,7.0,0.0016843118383060634,0.007716838023787819
40287,9933,15 Symptoms Of PTSD We Don’t Talk About As Often As We Should,4157.0,4157.0,15.0,0.0036083714216983403,0.01616087964975966
40302,9937,"WATCH: These Kids Were Tired Of Drugs In Their Community, So They Spoke Up",3098.0,3098.0,19.0,0.006132989025177534,0.015800577455497913
40303,9937,Some Kids Like Happy Meals. Other Kids Make Videos Like This.,3107.0,3107.0,19.0,0.006115223688445446,0.017819152770813557
40304,9937,"These Kids Aren't Lovin' It, So They're Speaking Up About It",2987.0,2987.0,33.0,0.011047874121191832,0.009571981480261305
40305,9937,This Is What It Looks Like When Kids Fight Back Against Junk Food In Their Communities,3108.0,3108.0,14.0,0.0045045045045045045,0.017763620368249543
40330,9943,Doing More With More Is Clearly Not Working For Us. Let's Try More With Less.,3004.0,3004.0,14.0,0.004660452729693742,0.006915030334846871
40331,9943,This Minimalist Says You Should Buy And Own Great Stuff. Is He About To Lose His Minimalist Card?,3069.0,3069.0,19.0,0.0061909416748126425,0.017082870679819083
40332,9943,"Here's How To Live Like You're On Vacation, Every Day",3115.0,3115.0,24.0,0.0077046548956661316,0.005653937096593514
40333,9943,Spoiler Alert: He Doesn't Open The Box (Because It Doesn't Matter),3107.0,3107.0,17.0,0.0054715159317669775,0.016000947124005613
40449,9973,There Are Many Things That Will Be Harmful To You And Others If You Do Them. Here’s A Bunch.,3035.0,3035.0,23.0,0.007578253706754531,0.016207586473313388
40450,9973,"A Catchy Song About Stuff That Would Really Be Stupid To Do, Followed By A Dose Of Reality",3047.0,3047.0,19.0,0.0062356416147029865,0.01568753279336505
40451,9973,"There’s A Lot Of Things That, If We Actually Did Them, Would Be Bad For Us And Those Around Us",3163.0,3163.0,16.0,0.005058488776478028,0.01089893162435588
40452,9973,"A Catchy, Silly Song, Followed By Scary Facts & Heavy Music. Just Wanted To Be Clear What This Is.",2975.0,2975.0,19.0,0.006386554621848739,0.014205527183495706
40454,9973,"Hiroshima/Nagasaki, ~250,000 Dead. Now, Nuclear Weapons Are Much Worse. There’s 19,000 Of Them ...",3102.0,3102.0,17.0,0.00548033526756931,0.018578096680098424
40475,9978,The Weird Story Of Missing Bees And How Running Out Of Honey Isn't The Worst Thing That Could Happen,3151.0,3151.0,20.0,0.006347191367819739,0.005929553605594359
40476,9978,The Really Weird Story Of The Missing Bees And How That Could Make Your Life More Difficult,3008.0,3008.0,21.0,0.006981382978723404,0.0025451628451697928
40477,9978,The Really Freaky Story Of The Missing Bees And How That Could Make Your Life More Difficult,3056.0,3056.0,16.0,0.005235602094240838,0.0027354742570700813
40478,9978,The Really Weird Story Of The Missing Bees And How That Could Impact You. In A Bad Way.,3072.0,3072.0,12.0,0.00390625,0.006761525712315483
40516,9988,The Secret Advantage Behind The Big Nerdy Eyeglass Trend You Might Be Missing Out On,4135.0,4135.0,52.0,0.012575574365175332,0.011026774222512414
40517,9988,"How That Outfit You Chose This Morning Can Affect How You Behave All Day, Without You Even Knowing",4094.0,4094.0,38.0,0.009281875915974597,0.012190837568326746
40518,9988,Wanna Do Well On A Test? Throw On A Pair Of Eyeglasses ... Even If They're Fake Ones,4182.0,4182.0,25.0,0.005978000956480153,0.005848641713207306
40519,9988,You Know Those Power Suits We Keep Seeing? They Really Do Have Certain Powers.,4012.0,4012.0,19.0,0.004735792622133599,0.013085371861162863
40543,9995,The Teddy Bear With The Power To Make Sick Kids Smile Big,3060.0,3060.0,12.0,0.00392156862745098,0.01
40544,9995,Some Kids Got A Diagnosis That's Hard To Deal With. This Little Guy Makes It Easier On Everyone.,3043.0,3043.0,14.0,0.004600722970752547,0.015965296522652474
40545,9995,A Teddy Bear That Knows More About Diabetes Than I Do,3046.0,3046.0,8.0,0.0026263952724885093,0.00615893334027303
40546,9995,"When Kids Get Diagnosed With Diabetes, This Little Guy Comes To The Rescue",3087.0,3087.0,9.0,0.0029154518950437317,0.005186946007725415
40564,9999,"A List Of Simple, Convincing, Easy To Remember Reasons To Talk About Race",2566.0,2566.0,6.0,0.002338269680436477,0.014085780805036058
40565,9999,"Need To Explain Why Race Matters? Here Are Some Super Quick, Really Good Answers For You To Use.",2566.0,2566.0,26.0,0.010132501948558068,0.01078917884455333
40567,9999,The #1 Reason To Talk About That Thing No One Knows How To Talk About? It Feels Really Good.,2457.0,2457.0,25.0,0.010175010175010175,0.0009483924284036348
40568,9999,45 Seconds On Why We Have To Talk About That Huge Thing No One Seems To Know How To Talk About,2584.0,2584.0,19.0,0.007352941176470588,0.007176988878175694
40585,10003,"A Hilarious Segment About Unions Includes A Football Player, A Republican Strategist, And Cigarettes",2495.0,2495.0,15.0,0.006012024048096192,0.01776635800843157
40586,10003,The Salary Players Get From The NCAA Rhymes With Zero. (Can Words Rhyme With Themselves?),2534.0,2534.0,8.0,0.0031570639305445935,0.0051071026796707724
40587,10003,Quiz: Are NCAA Athletes Just Students? Or Are They Also Employees? Take Your Time Before You Answer.,2506.0,2506.0,14.0,0.00558659217877095,0.004199182282606922
40588,10003,Just Because Someone Scores A Touchdown For Their College Doesn’t Mean They Aren’t Being Exploited,2624.0,2624.0,9.0,0.003429878048780488,0.009652990643305026
40658,10020,Need A Reason To Talk About Race? OK. Here Are Several.,3088.0,3088.0,21.0,0.006800518134715026,0.014264721227256472
40659,10020,Question: Why Does Race Still Matter? Answer: All Of These Reasons Right Here.,3071.0,3071.0,14.0,0.004558775643112993,0.012244187119133158
40660,10020,"Here's A Dozen Super Quick, 1-Line Answers You Can Use To Explain Why Race Still Matters",3108.0,3108.0,26.0,0.008365508365508366,0.014153541076433102
40692,10030,"Hey Judges Of America, Maybe Don't Let Convicted Rapists Off With A Wrist Slap Anymore",2623.0,2623.0,32.0,0.012199771254288982,0.02377617850618198
40694,10030,Even This Judge's Bosses Weren't Having It When He Let A Rapist Teacher Off With Only 30 Days,2541.0,2541.0,36.0,0.014167650531286895,0.018108033422589813
40695,10030,Hearts Broke When That Judge Let A Rapist Teacher Off The Hook. But Now The Judge Got Judged.,2566.0,2566.0,32.0,0.012470771628994544,0.021975149346512367
40715,10035,"They're 1 Of Every 8 Residents, 16% of Our Labor Force, and Founded 40% of Our Fortune 500. Curious?",4028.0,4028.0,20.0,0.004965243296921549,0.01
40716,10035,Now You Have It: A Top U.S. Strategy For Being An Economic Boss​,4190.0,4190.0,5.0,0.0011933174224343676,0.002956095158234219
40717,10035,We're America The Beautiful. Here's Who We Can Thank For Helping Make It That Way.,4110.0,4110.0,17.0,0.00413625304136253,0.014036557554842274
40718,10035,Leaving Families? Working Like Mad? What Kind Of Crazy People Are Building This Country Anyway?,4119.0,4119.0,10.0,0.0024277737314882253,0.006022848998321286
40887,10075,Rude Whale Insults The Hell Out Of A Guy. But It Makes Some Great Points.,4894.0,4894.0,34.0,0.006947282386595832,0.017685045461079418
40888,10075,Here's Why You Never Want To Get Into A Debate With A Super-Smart Whale,4983.0,4983.0,21.0,0.004214328717639976,0.019178462663651523
40889,10075,Here's Why You Never Want To Get Into A Debate With A Mammal That May be Smarter Than You.,4794.0,4794.0,27.0,0.005632040050062578,0.01531077513348518
40890,10075,"Next Time Some Whale Tries To Yap Your Ear Off, Pay Attention. It's Fascinating Stuff.",5037.0,5037.0,19.0,0.003772086559459996,0.01210411948090304
40891,10075,"If Whales Weren't So Busy Running Away From Harpoons, Here's What They'd Say Right To Our Faces",4925.0,4925.0,24.0,0.004873096446700508,0.012591343207073613
40984,10098,"The Fans Asked, And LEGO Responded. Introducing Female Figurines That Shatter Gender Stereotypes.",3644.0,3644.0,40.0,0.010976948408342482,0.007446081849818715
40985,10098,"The Fans Asked, And LEGO Responded: Introducing Female Mini-Figures That Shatter Gender Stereotypes.",3716.0,3716.0,37.0,0.009956942949407965,0.010147320806311831
40987,10098,"The Fans Asked, And LEGO Responded: 3 Female Mini-Figures That *Bust Up* Gender Stereotypes.",3580.0,3580.0,36.0,0.01005586592178771,0.008705769370216852
40988,10098,"The Fans Asked, And LEGO Responded: 3 Female Mini-Figures That Support Brains > Beauty",3582.0,3582.0,36.0,0.010050251256281407,0.00583682260590309
40989,10098,"The Fans Asked, And LEGO Responded: Introducing 3 New Gender Sterotype-Crushing Mini-Figures",3522.0,3522.0,42.0,0.01192504258943782,0.009629693335727708
41001,10101,"It's Not Just The Gas Your Car Burns, It's Also The Kind It Makes!",3590.0,3590.0,7.0,0.0019498607242339832,0.004402812183443978
41002,10101,Imagine: All The Cars In The World In One Giganormous Parking Lot,3670.0,3670.0,9.0,0.002452316076294278,0.011714630260248635
41003,10101,A New Way To Think About What We Put Into — And Get Out Of — Our Cars,3593.0,3593.0,19.0,0.0052880601168939605,0.003951099337093276
41004,10101,"If Your Car Blew Bubbles, How Many Would It Blow? (Weird, I Know.)",3578.0,3578.0,8.0,0.0022358859698155395,0.005042134891328178
41044,10110,"The Science Of Brain Freezes, Eating Peppers, And Hitting Yourself In The Funny Bone. He Did That.",2575.0,2575.0,15.0,0.005825242718446602,0.004031391286831817
41046,10110,This Man Knows Stuff About Science. He Likes To Do Experiments. Today's Unfortunate Topic? Pain.,2523.0,2523.0,13.0,0.005152596115735236,0.00647179359249846
41047,10110,The Science Of Pain Explained While Experiencing Pain,2533.0,2533.0,9.0,0.0035530990919857876,0.01834841059455483
41074,10118,Millions Of People Aren't Suffering From Preventable Diseases. Let's All Celebrate By Doing Shots.,3573.0,3573.0,9.0,0.0025188916876574307,0.00807903196776269
41075,10118,Let's Play A Game Called 'Guess Why You Don't Have Polio',3557.0,3557.0,14.0,0.003935901040202418,0.014245411568162827
41077,10118,The Terrible Impact Vaccination Has Had On The Unites States: People Dying Less,3523.0,3523.0,22.0,0.006244677831393698,0.007025540115046422
41078,10118,Vaccines: Making People Get Sick Less Since Whenever We Invented Them,3623.0,3623.0,10.0,0.002760143527463428,0.0040084911263526864
41081,10120,Dude Explains To A Senator That More Than 0 Banks Are Not Hurting Families. Her Response? Justified.,3617.0,3617.0,42.0,0.011611833010782417,0.015275375045097482
41083,10120,A Banker Defends A Bank Going After A Dead Woman's Parents To Pay Off Some Loans. Her Response? No.,3630.0,3630.0,66.0,0.01818181818181818,0.017718054971188647
41084,10120,"Once Upon A Time, A Bank Went After The Parents Of One Of It's Loan Customers. After She Died.",3543.0,3543.0,39.0,0.01100762066045724,0.01292085739119529
41085,10120,"Say What You Will About The Guy Who Made Senator Warren Angry, But He Sure Is Bad At Math",3550.0,3550.0,50.0,0.014084507042253521,0.01829839664626555
41285,10160,Matt Damon Asked A Cheery 13-Year-Old What She'll Do With Her Free Time. Her Answer Gave Him Pause.,2834.0,2834.0,104.0,0.03669724770642202,0.041836002734042005
41286,10160,Matt Damon Asked A Cheery 13-Year-Old What She'll Do With Her Free Time. Her Answer Gave Him Pause.,2829.0,2829.0,99.0,0.03499469777306469,0.04184179621733571
41288,10160,Matt Damon Asked A Cheery 13-Year-Old What She'll Do With Her Free Time. Her Answer Gave Him Pause.,2746.0,2746.0,96.0,0.03495994173343044,0.04182141235228657
41289,10160,Matt Damon Asked A Cheery 13-Year-Old What She'll Do With Her Free Time. Her Answer Gave Him Pause.,2879.0,2879.0,111.0,0.038555053838138245,0.04184179621733571
41298,10163,Why Are Colleges Giving So Much Financial Aid Moolah To Kids Who Don't Need It?,3061.0,3061.0,23.0,0.007513884351519112,0.00853765840336626
41299,10163,Colleges Are Giving Lots Of Financial Aid $ To Kids Who Don't Really Need It. Here's Who That Hurts.,3094.0,3094.0,36.0,0.011635423400129283,0.003237811227042143
41300,10163,College Are Giving Lots of Financial Aid $$ To Rich Kids. Meet Someone Who That's Really Hurting.,3087.0,3087.0,21.0,0.006802721088435374,0.005898857018502242
41304,10164,She Invents Technology She Can't Even See. You Can't Say That's Not Cool.,3090.0,3090.0,33.0,0.010679611650485437,0.008190524871665463
41307,10164,Want A Charger That Juices Your Phone In Less Than A Minute? So Does This Super Smart Teen.,3013.0,3013.0,25.0,0.00829737802854298,0.019267373187862938
41333,10171,With A Flash Of Light The Gamma Rays Shredded His dna. But That's Just The Beginning Of His Story.,3108.0,3108.0,49.0,0.015765765765765764,0.0070577936461155765
41334,10171,Scientists Foretold A Genetic Curse That Would Last 1000 Years. One 94-Year-Old Proved Him Wrong.,3033.0,3033.0,42.0,0.013847675568743818,0.014230071713836348
41335,10171,Post-WWII The World Was Anxious: What Would The Children Of The Atomic Bomb Be Like?,3046.0,3046.0,39.0,0.012803676953381483,0.019119737851098054
41349,10175,"I Know Morgan Freeman Made It Sound Amazing, But You Are Not Allowed To Visit Antarctica",3989.0,3989.0,74.0,0.018551015292053146,0.015549657538325296
41350,10175,Penguins To Humans: You're Trampling My Carpet. My Feet Are Unhappy.,4141.0,4141.0,43.0,0.010383965225790872,0.003879880295386686
41351,10175,The Penguins Do Not Want You To Visit Them. Stop Visiting Them.,4053.0,4053.0,86.0,0.021218850234394276,0.01168718614831637
41352,10175,"Then The Penguins Were Like, 'Yeah, Can You Leave'?",4121.0,4121.0,45.0,0.010919679689395778,0.011346216367476696
41354,10175,"40,000 People Visit Antarctica Every Year And They're Totally Screwing It Up",4160.0,4160.0,51.0,0.012259615384615384,0.007502964322947615
41481,10204,"I'm Pro-Technology, But Are Things Going Too Far?",2753.0,2753.0,15.0,0.005448601525608427,0.013446024352136127
41482,10204,"Hal, R2D2, WALL-E, Terminator, Bumblebee — Clearly This Take-Over's Been In The Works For A While",2879.0,2879.0,16.0,0.0055574852379298365,0.01464937871448322
41483,10204,"We're All Being Replaced By Machines, He Says, So Why's He So Happy About It?",2756.0,2756.0,8.0,0.002902757619738752,0.0002257886735535508
41543,10217,"The Abortion Fight Is Getting So Ridiculous, I'm Surprised I Don't Hear More Jokes Like His",2675.0,2675.0,39.0,0.014579439252336448,0.022051032006074403
41544,10217,A Funny Guy Stands On Stage And Goes Right For An Abortion Joke. He Shoulda Dropped The Mic.,2725.0,2725.0,38.0,0.013944954128440367,0.012531206212306582
41545,10217,A Guy Stands On Stage And Goes Right For A Transvaginal Ultrasound Joke. Point = Made.,2721.0,2721.0,39.0,0.014332965821389196,0.01797576589181845
41546,10217,"A Funny Guy Stands On Stage And Goes Right For A Joke About Vagina. I Mean, Virginia.",2700.0,2700.0,31.0,0.011481481481481481,0.010613135226035278
41582,10224,"Yeah, Yeah, It’s Not A Bad Thing To Want A Man, But…Well…",4685.0,4685.0,51.0,0.010885805763073639,0.0155410108933545
41583,10224,An Actress Sits On A ‘Badass Women’ Panel And Explains What She Does And Doesn't Need A Man For,4565.0,4565.0,50.0,0.01095290251916758,0.01665690941887155
41586,10225,A Politician Decides To Be Sexist To A Woman Who Wants Him To Debate The Actual Facts,2540.0,2540.0,33.0,0.012992125984251968,0.023754672430364412
41587,10225,A Congressman Decides To Be Sexist To A Woman Who Wants Him To Debate The Actual Facts,2471.0,2471.0,40.0,0.016187778227438283,0.029702057936851132
41639,10240,One ‘Fat Girl’ Talks About What It Means. With A Comedian.,2573.0,2573.0,40.0,0.01554605518849592,0.011984580426843475
41640,10240,"We’re Always Told To ‘Love Your Body’ But How About, Simply, ‘Love Your Fellow Humans’?",2515.0,2515.0,33.0,0.013121272365805169,0.015058339369384261
41641,10240,"After Watching This Clip About Body Issues, I Can’t Decide Who Has The Issues. You?",2665.0,2665.0,42.0,0.01575984990619137,0.01984610974467226
41642,10240,The Real Struggle With Being Overweight Is Struggling With Those Who Have A Problem With It,2559.0,2559.0,38.0,0.014849550605705353,0.01667674525138134
41644,10240,"Some Of Us Know What Struggling With Weight Is Like, But The Real Struggle Is With Other Humans",2607.0,2607.0,24.0,0.009205983889528193,0.012449440079074017
41649,10242,"People Should Know About This Awful Thing That Is Happening, But Most Of Us Are Simply Unaware.",2985.0,2985.0,22.0,0.007370184254606365,0.019920534954710384
41710,10257,Whether Or Not To Have Children Is 100% Your Business And Nobody Else's,2630.0,2630.0,15.0,0.005703422053231939,0.008256301592270008
41711,10257,Why Do So Many People Care About Whether Other People Have Kids?,2543.0,2543.0,23.0,0.009044435705859222,0.004805839777516833
41712,10257,"Hey Judgy McJudgerson, The Decision To Have Kids Is Not Yours. It's Mine.",2567.0,2567.0,21.0,0.008180755746007013,0.015263493958791355
41768,10269,A Man Explains What Gay Crushes Look Like (Or As I Like To Call Them 'Crushes'),2504.0,2504.0,37.0,0.014776357827476038,0.014426622673701591
41769,10269,Have You Ever Wondered What Gay Butterflies Looks Like? Here's An Adorable Explanation.,2651.0,2651.0,22.0,0.008298755186721992,0.01172922671117785
41770,10269,The Internet Took A Collective Sigh Upon Hearing These Adorable Words About Having A Man Crush,2554.0,2554.0,28.0,0.01096319498825372,0.011684466206939895
41820,10281,Some Of The Top Excuses For Not Using Condoms Are Just Plain Bogus,3073.0,3073.0,26.0,0.008460787504067686,0.01922573037547813
41822,10281,Why Don't People Use Condoms? There Are Some Pretty Lousy Reasons.,3013.0,3013.0,28.0,0.009293063391968137,0.020707845123734515
41823,10281,Condoms Do A Lot Of Good In This World. So Why Aren't People Using Them Enough?,3173.0,3173.0,14.0,0.00441222817522849,0.01808911142997445
41860,10290,"Screw The Predatory Lending Guy, I Want To Know Who This Lady Is That Just Shut Him All The Way Down",3042.0,3042.0,66.0,0.021696252465483234,0.017737622092615424
41862,10290,I Guess They Make The Clusterf*cks Bigger In Texas Too,2959.0,2959.0,43.0,0.014531936465021968,0.002307965334584999
41863,10290,"John Oliver, Back To His Old Tricks: Exposing Corruption Where It Lives",3093.0,3093.0,36.0,0.011639185257032008,0.009927248039633668
41864,10290,Have You Heard About The 100% Legal Way To Become A Loan Shark In America?,3075.0,3075.0,29.0,0.00943089430894309,0.006465215568463042
41865,10290,Ever Then Introduced To The Kind Of Person That's A Human Equivalent Of A Stomachache?,3048.0,3048.0,44.0,0.014435695538057743,0.02381134249665847
41867,10291,"Screw The Predatory Lending Guy, I Want To Know Who This Lady Is That Just Shut Him All The Way Down",3070.0,3070.0,45.0,0.014657980456026058,0.017694425167456895
41868,10291,I'm Taking The Muffin Basket I Sent Back From This Lady,3054.0,3054.0,42.0,0.0137524557956778,0.013537548278353007
41869,10291,How To Screw American Citizens,3067.0,3067.0,39.0,0.012716009129442452,0.012512953545253277
41870,10291,"Yeah, 1900% Interest Sounds Fair.",3106.0,3106.0,32.0,0.0103026400515132,0.006937722477118331
41871,10291,"If 1900% Interest Sounds Fair To You, I Have A Question: How's Your Payday Loan Business Going?",3097.0,3097.0,35.0,0.011301259283177269,0.006199421507094692
41922,10302,What's Better Than A Celeb Talking About Something Important? One Who Knows What He's Talking About.,3110.0,3110.0,45.0,0.014469453376205787,0.006409110849786501
41923,10302,He Was Asked About What He Had On. His Answer Showed How Smart And Amazing (Some) Celebs Can Be.,3187.0,3187.0,108.0,0.033887668653906494,0.02729536933669285
41924,10302,Celebs Are Always Talking. Isn't It Awesome When They Know What They're Talking About? And Mean It?,3067.0,3067.0,57.0,0.018584936419954352,0.00834191234165448
41925,10302,What's Better Than A Celebrity Talking About Something Important? A Smart Celebrity Doing It.,2978.0,2978.0,44.0,0.014775016789791807,0.013922568260428739
41955,10309,Big Companies Are Not Even Cuddling After They Screw Us. Geez.,3064.0,3064.0,18.0,0.00587467362924282,0.013856181415568627
41956,10309,"Companies Are Trying To Keep You In The Slow Lane. You Can Stop It. So, Um, Let's Stop It.",3051.0,3051.0,21.0,0.00688298918387414,0.006040761551964133
41957,10309,"This Whole Tomfoolery Thing Happening Between You And Big Information Companies Is, Well, Insulting",3110.0,3110.0,25.0,0.008038585209003215,0.00895865724075589
41958,10309,Everything I Hoped Wasn't True Is True. The Deal Is Sealed And Now We Have To Change It.,3075.0,3075.0,31.0,0.010081300813008131,0.01404561277285912
41985,10317,One Of The Best Comebacks I've Ever Heard In Under 140 Characters,3055.0,3055.0,49.0,0.016039279869067103,0.02204534393950852
41986,10317,A Hilarious Joke Reveals The Huge Problem With Assumptions,3063.0,3063.0,48.0,0.015670910871694418,0.024722378576234074
41987,10317,Have You Ever Been On A Plane With A Guy In A Turban? Then This Post Is For You.,3022.0,3022.0,26.0,0.008603573792190603,0.015301583075808414
41988,10317,A White Man And A Middle Eastern Man Walk Into A Twitter Battle: Who Do You Think Won?,3089.0,3089.0,24.0,0.007769504694075753,0.025887410385816417
41989,10317,Sometimes You've Gotta Let Out A Slow Clap For Somebody Who Knows To Say JUST The Right Thing,3130.0,3130.0,21.0,0.00670926517571885,0.008313004062937477
41990,10317,"If This Man's Joke Was In A Sitcom, This Clip Would Be On The Emmy Reel",3039.0,3039.0,27.0,0.008884501480750246,0.02668266863739113
42015,10324,The Beginning Of Their Stories Always Make The News. This Part Never Does.,3241.0,3241.0,6.0,0.0018512804689910522,0.013185744603287983
42016,10324,It's Easy To Throw People Behind Bars. Thank God Someone Is There When The Bars Open Up.,3065.0,3065.0,8.0,0.0026101141924959217,0.00789743168820798
42017,10324,Ever Watch The Show 'The First 48'? Well Here's What Happens Way Later. They Call It The First 72.,2972.0,2972.0,22.0,0.007402422611036339,0.02090116421728573
42018,10324,"He Couldn't Sleep, Use The Bathroom, Get A Job Or Be Around People. That's Some Kind Of Freedom.",2992.0,2992.0,14.0,0.004679144385026738,0.014750368563915098
42019,10324,"I Love The Idea Of Freedom. But For These Men, The Idea Is Much Easier Than The Reality.",3060.0,3060.0,11.0,0.003594771241830065,0.006823544516392208
42038,10329,The Story Of How One Artist Became A Rousing Success,2987.0,2987.0,14.0,0.004686976899899564,0.007260152633101263
42039,10329,The Story Of How One Artist Went From Breaking Locks To Do Graffiti To Showing In Museums,3048.0,3048.0,4.0,0.0013123359580052493,0.007324094963360789
42040,10329,This Starts With Her Breaking The Law And Ends With All Of Us In Awe,3009.0,3009.0,26.0,0.008640744433366567,0.009111429903330522
42042,10329,"She Started With Graffiti, Ended Up Exhibiting In Museums, And Now She's Back To Graffiti",3131.0,3131.0,12.0,0.0038326413286489938,0.0014820134720842214
42050,10331,Sesame Street Made A Clip For Kids Who Have A Parent In Prison. It’ll Warm Your Heart.,4432.0,4432.0,70.0,0.0157942238267148,0.014480667508229083
42051,10331,Sesame Street Made A Clip For Kids Who Have A Parent In Prison. It’ll Make You Think.,4267.0,4267.0,69.0,0.016170611670963207,0.015242205482024596
42052,10331,Sesame Street Made A Touching Clip For Kids Who Have A Parent In Prison,4286.0,4286.0,45.0,0.010499300046663556,0.009216705188030257
42226,10368,We Need To Talk About The Way We Talk About Robin Williams' Suicide,4520.0,4520.0,120.0,0.02654867256637168,0.02026337167769142
42227,10368,We Need To Talk About The Way We Talk About Robin Williams' Death,4451.0,4451.0,115.0,0.02583689058638508,0.01902572157209932
42228,10368,We Need To Talk About The Way We Talk About Suicide,4604.0,4604.0,67.0,0.014552562988705473,0.013623442505229833
42229,10368,A Post About How We Really Need To Start Thinking About The Stuff We Repost,4388.0,4388.0,102.0,0.02324521422060164,0.015495588785494056
42230,10368,Make Sure That Viral Thing You're Seeing Doesn't Hurt More Pepole Than It Helps,4437.0,4437.0,81.0,0.018255578093306288,0.0048783023586062456
42281,10377,"If You've Always Been Able To Find A Super-Hero That Looks Like You, Count Yourself Lucky",4590.0,4590.0,29.0,0.006318082788671024,0.005049020786757113
42283,10377,I Love Wonder Woman And Batman. But Our Super-Heroes Need A Makeover ASAP. Here's Why.,4635.0,4635.0,53.0,0.011434735706580367,0.00861108447636914
42284,10377,"Wonder Woman Is Great, But Why Can't We Have More Super-Heroes Like The Woman On The Right?",4608.0,4608.0,59.0,0.012803819444444444,0.016039304632585537
42302,10382,Can Students Get Graded On How They Show Up To Class? Cause These Should Get Straight A's.,3449.0,3449.0,15.0,0.004349086691794723,0.008461399905738194
42303,10382,Going To School Is A Drag? Not For These Kids Who Own Their Town Every Morning.,3485.0,3485.0,20.0,0.005738880918220947,0.02094010544744199
42304,10382,"If There's A Secret To Happy Teachers, Happy Parents And Happy Kids, This Town Has It",3506.0,3506.0,37.0,0.010553337136337706,0.008905211032790307
42345,10392,"The Secret To Happy Kids, Ready To Start The School Day? This.",4581.0,4581.0,24.0,0.005239030779305829,0.007824271368113566
42346,10392,You Know How Grandparents Like To Reminisce About Walking To School? This Video Sorta Explains Why.,4501.0,4501.0,34.0,0.007553876916240835,0.009927742989940015
42347,10392,This Town Is Absolutely Adorable. I Might Need To Move There Now.,4546.0,4546.0,51.0,0.011218653761548614,0.002596614414191084
42348,10392,I Wish More Towns Were As Kid-Smart (And Adorable) As This One,4443.0,4443.0,43.0,0.009678145397254107,0.006333863378516856
42349,10392,"If There's A Secret To Happy Teachers, Happy Parents And Happy Kids, This Town Has It",4526.0,4526.0,32.0,0.007070260715863898,0.008892457678945424
42350,10392,Every Morning Before School Kinda Looks Like A Giant Block Party In This Town. Awesome.,4502.0,4502.0,23.0,0.005108840515326522,0.011357801780035617
42382,10400,Rich Kids Aren't All Bad: Right. What Colleges Do To Poor Kids So They Go Instead: Wrong.,4043.0,4043.0,44.0,0.010883007667573583,0.012836765500542907
42392,10403,There's Something You Won't Find In This Town. And It's Affecting These Kids.,3133.0,3133.0,16.0,0.005106926268751995,0.016785961512066086
42393,10403,There's Something You Won't Find In This Town. And It's Affecting These Kids In A Really Awesome Way.,3134.0,3134.0,29.0,0.009253350350989151,0.013254429442109951
42464,10420,A Bride Was Told She Couldn't Buy A Wedding Dress Because Of Who She Was,5100.0,5100.0,77.0,0.015098039215686275,0.028461757525174932
42465,10420,People Dismiss Angry Brides As 'Bridezillas' But This Bride Has Every Right To Be Pissed Off,5107.0,5107.0,53.0,0.010377912668885842,0.024369554759640973
42466,10420,Wedding Belle Blues: A Perfect Example Of Why We Have Anti-discrimination Laws,5100.0,5100.0,27.0,0.005294117647058823,0.013176242475385258
42467,10420,A Bridal Store Would Rather Not Make A Sale Then To Sell A Wedding Dress To Certain Types Of Women,5215.0,5215.0,58.0,0.01112176414189837,0.02372448426781868
42482,10424,The 50 Year-Old Entertainer Who Gets Dragged From City To City Deserves A Break,3030.0,3030.0,14.0,0.0046204620462046205,0.014560604108493719
42483,10424,"You Probably Already Know The Ringling Bros. Circus Is Terrible, But A Reminder Couldn’t Hurt",3065.0,3065.0,12.0,0.003915171288743882,0.02086316279940241
42484,10424,The Inhumane Truth About Elephants Who Perform ‘The Saddest Show On Earth’,3036.0,3036.0,7.0,0.00230566534914361,0.014988088906919845
42486,10424,‘What Really Happens Under The Big Top’ Sounds Scandalous Because It Is Actually Scandalous,3071.0,3071.0,13.0,0.004233148811462064,0.008612718008860789
42499,10428,Memo To Homophobic Heckers: This Is What You'll Get If You Mess With Her. No Joke.,3139.0,3139.0,43.0,0.0136986301369863,0.02512159741923605
42500,10428,Hey Homophobic Hecklers. Don't Mess With This Comedian. You Will Lose. So Badly.,3068.0,3068.0,63.0,0.020534550195567144,0.03551060307997229
42501,10428,"When A Homophobic Heckler Tries To Shame Her, She Puts Him In His Place",3074.0,3074.0,53.0,0.017241379310344827,0.027462582188847163
42522,10433,"So, If ‘He Only Put It In For A Few Seconds' Does That Really Count?",3032.0,3032.0,55.0,0.018139841688654353,0.006822491373441515
42524,10433,"And Then She Was Like, ‘It Only Went In For A Minute. Does That Still Count?’",3098.0,3098.0,65.0,0.020981278244028404,0.012180148473287473
42525,10433,'He Only Put It In Like Half An Inch. Does That Still Count?’,3090.0,3090.0,60.0,0.019417475728155338,0.011555799493320584
42526,10433,"He Only Put It In Real Quick. Hmmm, Does That Still Count?",3078.0,3078.0,60.0,0.01949317738791423,0.010467253405915016
42553,10440,Is Happiness A Choice? A Harvard Professor Tackles Big Questions About Being Happy.,3168.0,3168.0,16.0,0.005050505050505051,0.006568130611555898
42554,10440,"Why That Break Up Won't Actually Be As Bad As You Thought, And Other Happiness Facts",3056.0,3056.0,27.0,0.008835078534031414,0.004060102652097968
42556,10440,"Former High School Drop Out, Current Harvard Professor — Here To Tell Us All About Happiness",3029.0,3029.0,10.0,0.003301419610432486,0.008052725953827463
42557,10440,"We Think Happiness Is A Thing To Be Found. Turns Out, It's All In Our Heads Anyway.",3122.0,3122.0,13.0,0.004163997437540038,0.00788255482736348
42708,10472,"I Don't Understand That Furries Fetish, But Who Gives A Shit? It Makes People Happy.",3126.0,3126.0,22.0,0.007037747920665387,0.005517362933356794
42709,10472,"OK, I'LL ADMIT: I Was Wrong About Furries And After Reading This, I'm A Lil' Aroused",2975.0,2975.0,25.0,0.008403361344537815,0.01765570456611921
42711,10472,Being A Furry Isn't All About Sex,3107.0,3107.0,26.0,0.008368200836820083,0.012172402384239344
42712,10472,"With A Name Like Furries, It's A Wonder Why People Are Scared Of Them",3084.0,3084.0,23.0,0.0074578469520103765,0.010891920182369499
42713,10472,Why Are You Going Judge An Open And Accepting Community Because Their Outfits Are A Bit Unorthodox?,3047.0,3047.0,18.0,0.00590744995077125,0.007013341094872861
42735,10477,Ever Hear A Rapper Speak 72 Words In 12 Seconds?,3043.0,3043.0,10.0,0.003286230693394676,0.022514629516791514
42736,10477,Ever Hear A Rapper Speak 72 Words In 12 Seconds While Sitting In The Lap Of An Oiled-Up Man?,3146.0,3146.0,15.0,0.004767959313413859,0.025528067596876963
42737,10477,Ever Hear A Male Rapper Speak 72 Words In 12 Seconds While Sitting In The Lap Of An Oiled-Up Man?,3026.0,3026.0,6.0,0.0019828155981493722,0.028080602068866575
42738,10477,Ever Hear A Rapper Speak 72 Words In 12 Seconds While In The Lap Of A Man Wearing A Pikachu Mask?,3090.0,3090.0,9.0,0.002912621359223301,0.024551885216632246
42739,10477,Ever Hear A Male Rapper Speak 551 Words In 3 Minutes While In A Pikachu-Masked Beefcake's Lap?,3050.0,3050.0,9.0,0.0029508196721311475,0.027477758961363
42766,10484,An Unarmed 18-Year-Old Died By Gunfire. A Man Shot 84 People. Which One Had Nicer Media Coverage?,4091.0,4091.0,19.0,0.0046443412368614035,0.011496492998954456
42767,10484,"If You Ever Thought The U.S. Was A Land Of Equality, Take A Look At These Two Screenshots",4075.0,4075.0,47.0,0.011533742331288344,0.017388520114985387
42768,10484,"If A Guy Walks Into A Movie Theater And Shoots 84 People, Here's What NOT To Say About Him",4115.0,4115.0,42.0,0.010206561360874849,0.015499211543430171
42769,10484,The 1 Big Reason The Media Remembered A Killer For His Brilliance But Turned A Victim Into A 'Thug',4102.0,4102.0,32.0,0.0078010726474890294,0.011085336839914204
42770,10484,Michael Brown Was A Victim. James Holmes Was A Killer. Here's A Big Disparity In The Media Coverage.,4055.0,4055.0,25.0,0.006165228113440197,0.015478102876914545
42799,10490,She's Acting Sexy And She's Acting Weird And It's For A Really Good Reason,4283.0,4283.0,33.0,0.007704879757179547,0.022053715749018023
42800,10490,"Until The Workplace Gets Out Of The 60s, This Famously Old Fashioned Lady's Staying That Way",4316.0,4316.0,25.0,0.0057924003707136235,0.0065769480023182125
42801,10490,She Seems Silly At First But By The Time You're At The End — Its The World That's Silly,4283.0,4283.0,47.0,0.010973616623861778,0.010192184650262386
42802,10490,The Redhead From 'Mad Men' Just Comes Right Out And Says It,4326.0,4326.0,46.0,0.0106333795654184,0.02421142774021677
42833,10498,"The Facts On Pot, Alcohol And Tobacco Just Don’t Add Up. It's Really Astounding.",4035.0,4035.0,41.0,0.010161090458488228,0.01582651023401978
42834,10498,"The Facts On Pot, Alcohol And Tobacco Just Don’t Add Up. It's So Infuriating.",4146.0,4146.0,38.0,0.009165460684997588,0.010210671537230893
42835,10498,"There Are A Lot Of Lies About Pot, Alcohol And Tobacco Out There. This Is The Truth.",4168.0,4168.0,33.0,0.00791746641074856,0.014034389812005638
42837,10498,"No Matter How You Look At It, The Facts On Pot, Alcohol And Tobacco Just Don’t Add Up.",4040.0,4040.0,46.0,0.011386138613861386,0.011993022330919399
42838,10499,The Annoying Tactics Comcast Uses When You're Trying To Cancel Service,4100.0,4100.0,12.0,0.002926829268292683,0.02054102543202173
42840,10499,"When Two Companies With The Worst Customer Service Ever Smash Together, Here's What You Get",4059.0,4059.0,10.0,0.002463661000246366,0.009572449949147637
42841,10499,Have You Heard That Crazy Call From The Guy Who Tried To Cancel His Cable? Here's Why It Was So Bad.,4069.0,4069.0,7.0,0.0017203244040304743,0.02331513430542631
42842,10499,Ever Tried To Cancel Your Cable Service? You Might Have Heard Something Like This,4064.0,4064.0,11.0,0.0027066929133858267,0.015507134555819743
42843,10499,Calling The Cable Company Wasn't Always Painful. Something Changed And Here's What It Is.,4048.0,4048.0,6.0,0.0014822134387351778,0.0026357144521265263
42844,10499,No One Is Safe From Crappy Cable Companies. Not Even The So-Called 'Cord Cutters',4149.0,4149.0,5.0,0.001205109664979513,0.0010706493123130278
42845,10499,"We Can Make Fun Of Comcast All We Want, But Who Is Going To Have The Last Laugh?",4140.0,4140.0,2.0,0.0004830917874396135,0.0077523751058998615
42895,10511,"If You Ever Thought The U.S. Was A Land Of Equality, Take A Look At These Two Screenshots",5103.0,5103.0,115.0,0.022535763276504018,0.017388520114985387
42896,10511,"2 Young Men, 1 Outrageous Difference In Media Portrayal",5169.0,5169.0,68.0,0.013155349197136778,0.0175644954387445
42897,10511,Can You Spot The Disturbing Difference In These 2 Images?,5085.0,5085.0,85.0,0.01671583087512291,0.031813620249767874
42898,10511,2 Pictures Of 2 Different Young Men Reveal An Ugly Truth About News Media,5100.0,5100.0,84.0,0.01647058823529412,0.019500330858505728
42934,10520,LISTEN: Phone Recordings Of People Agreeing To Do Something Extremely Stupid,5639.0,5639.0,23.0,0.00407873736478099,0.014552374604255883
42935,10520,"Phone Recordings Of People Agreeing To Do Something Dumb And Illegal, And Mostly Dumb",5643.0,5643.0,15.0,0.002658160552897395,0.016259489130029496
42936,10520,These Phone Recordings Might Leave You Momentarily Speechless,5685.0,5685.0,33.0,0.005804749340369393,0.019027911175711617
42937,10520,These Recorded Phone Calls Reveal A Shocking Vulnerability In How We Keep People Safe,5584.0,5584.0,23.0,0.0041189111747851,0.012034667745292556
42938,10520,They Recorded Phone Calls With 125 People. You Won't Believe How Many Took The Bait.,5555.0,5555.0,32.0,0.00576057605760576,0.024343863310921438
43069,10541,Don’t Ever Tell A National Park To Go F**** Itself,3836.0,3836.0,16.0,0.004171011470281543,0.017370168021632194
43070,10541,Would You Like Some Oil With Your Nature?,3894.0,3894.0,8.0,0.002054442732408834,0.006830491226058493
43072,10541,"58 National Parks, 6 Postcards, And One Pretty Darn Destructive Way To Get Oil",3827.0,3827.0,5.0,0.0013065064018813691,0.013574404530203456
43086,10544,"These 4 Women Lived Really Different Lives But They All Had One Major, Important Thing In Common",3063.0,3063.0,14.0,0.004570682337577538,0.013544903309255105
43088,10544,"These Ladies Tell The Stories Of 4 Women With So Much Talent, You'll Want To Give A Standing Ovation",3078.0,3078.0,21.0,0.00682261208576998,0.003935498727904002
43089,10544,"These Women Told 4 Stories And Brought The House Down. When You Hear Them Sing, You'll Know Why.",3113.0,3113.0,25.0,0.008030838419530999,0.014044373099309854
43090,10544,Black Women's Stories Don't Often Get Told. But These Ladies Do It Like No One Else Ever Could.,3036.0,3036.0,13.0,0.004281949934123847,0.008680606993840092
43113,10550,Would You Ever Wear A Collar As A Symbol Of Your Commitment? This NSFW Video Explains.,3950.0,3950.0,42.0,0.010632911392405063,0.01190483962951155
43114,10550,"If All Of Your Knowledge About BDSM Comes From 'Fifty Shades,' Then You Need To Watch This",4051.0,4051.0,61.0,0.015058010367810418,0.020298633097027025
43115,10550,Who Are The People Who Partake In BDSM Sex? You Might Be Surprised.,4100.0,4100.0,72.0,0.0175609756097561,0.01007325059896322
43117,10550,"You've Heard Of This Beyond-Vanilla Sex Lifestyle, But Do You Really Know How Much Trust It Takes?",3964.0,3964.0,71.0,0.01791120080726539,0.015839503958752662
43118,10550,"Chances Are, Some Of Your Friends Are Into This But Not Telling You Because They Think You'll Judge",4166.0,4166.0,66.0,0.01584253480556889,0.01608863738701055
43119,10550,"Sit Down, Shut Up, And Watch This Video On Kinky Sex. Ooooh. Dominatrix-Talk Can Be Fun.",4112.0,4112.0,49.0,0.011916342412451361,0.010076229133716134
43121,10551,You're 5 Minutes Away From Knowing Exactly About How Your Cable Company Screws You,3784.0,3784.0,19.0,0.005021141649048625,0.011722297466023842
43122,10551,Comcast Sucks. Let's Laugh About It.,3813.0,3813.0,14.0,0.0036716496197220037,0.008750683082394585
43123,10551,Here's Why You're Still On Hold With The Cable Company,3884.0,3884.0,11.0,0.0028321318228630276,0.00541140539504125
43256,10580,For Anyone Who's More Inclined To Listen To Real Talk When It's Coming From A Celeb,3037.0,3037.0,17.0,0.005597629239380968,0.011227575607508103
43257,10580,Jesse Williams Of Grey's Anatomy Comments On The Media's Chosen Framing Of A Tragic Event,3054.0,3054.0,23.0,0.007531106745252128,0.023479708599814672
43258,10580,"A Favorite Fake Doctor Examines The Anatomy Of News Stories Regarding Ferguson, MO",3013.0,3013.0,34.0,0.011284434118818453,0.006373451247864278
43260,10580,In Case You Enjoy Truthful Conversation When Our Favorite TV Doctor Initiates It,3059.0,3059.0,27.0,0.008826413860738803,0.0226728726003547
43290,10586,A Little Person Turns A Hidden Camera Around To Show What It's Like Looking At Asses,3167.0,3167.0,47.0,0.01484054310072624,0.0327960493947875
43292,10586,A Hidden Camera Shows A Day In The Life Of 1 Little Person,3127.0,3127.0,33.0,0.01055324592260953,0.022871084159069795
43293,10586,A Hidden Camera Reveals Some Truths Of What It's Like Being Little,3017.0,3017.0,39.0,0.012926748425588332,0.022714763336620283
43349,10598,"If His TED Talk Works, You'll Be The *Opposite* Of Speechless After Watching It",3104.0,3104.0,23.0,0.007409793814432989,0.01383066724100723
43350,10598,"This TED Talk About Speaking Up Just Might Leave You Speechless (Temporarily, At Least)",3039.0,3039.0,20.0,0.006581112207963146,0.011379374258263538
43351,10598,This TED Talk About Speaking Up Just Might Leave You *Not* Speechless,3088.0,3088.0,14.0,0.0045336787564766836,0.0036862783874466593
43352,10598,This TED Talk Just Might Leave You *Not* Speechless,3095.0,3095.0,24.0,0.0077544426494345715,0.011760113188557547
43353,10598,This Talk About Talking Will Make You Want To Talk More,2945.0,2945.0,15.0,0.0050933786078098476,0.01
43354,10599,"Here Are 10 Images. By The Time I Reached The 3rd One, I Was Crying. By The 10th, I Was Furious.",5623.0,5623.0,129.0,0.022941490307664947,0.01900505148201553
43355,10599,"Over The Last 15 Years, The Police Have Shot Many People. Here Are 10 Of Them And Why They Matter.",5592.0,5592.0,56.0,0.010014306151645207,0.007680772900487246
43356,10599,"If You Were At The End Of A Pointed Gun, What Would Your Last Words Be? Theirs Tore My Heart In Two.",5495.0,5495.0,42.0,0.007643312101910828,0.00641019324932176
43357,10599,Sad. Angry. Outraged. That's We Should All Feel When We Look At 10 Simple But Powerful Images.,5402.0,5402.0,40.0,0.0074046649389115145,0.012520702044499597
43462,10620,They Called 125 People. I Couldn't Believe How Many 'Took The Bait.',3604.0,3604.0,23.0,0.006381798002219756,0.017602938886456206
43463,10620,They Tested 125 People. 77 Of Them 'Took The Bait.',3506.0,3506.0,21.0,0.005989731888191671,0.01307869707744131
43464,10620,125 Recorded Phone Calls. 77 Scary Decisions.,3616.0,3616.0,18.0,0.00497787610619469,0.010976531209119374
43465,10620,125 Recorded Phone Calls. 1 Very Disturbing Finding.,3656.0,3656.0,22.0,0.006017505470459519,0.025292588736114778
43595,10644,Exactly 0 Babies Died From Chicken Pox From 2004-2007 (And It Wasn't Because They Were Vaccinated),3001.0,3001.0,43.0,0.01432855714761746,0.012972863586410002
43596,10644,Why Exactly 0 Babies Died From Chicken Pox From 2004-2007 (It Wasn't Because They Were Vaccinated),3099.0,3099.0,36.0,0.011616650532429816,0.014151255465939358
43597,10644,Guess Why Exactly 0 Babies Died From Chicken Pox From 2004-2007 (1st CLUE: They Weren't Vaccinated),3145.0,3145.0,35.0,0.011128775834658187,0.00993355122302445
43607,10646,The Incredible Story Of The 'Monkey King',10290.0,10290.0,30.0,0.0029154518950437317,0.006840834562680229
43608,10646,The Way This Guy Can Freestyle Climb Is Simply *Bananas*,10216.0,10216.0,63.0,0.006166797180892717,0.0006767377478236825
43609,10646,Meet India's Amazing Monkey King,10015.0,10015.0,40.0,0.00399400898652022,0.012602391610037716
43611,10646,"The Awe-Inspiring, Gravity-Defying, Heart-Warming Tale Of The 'Monkey King'",10082.0,10082.0,47.0,0.004661773457647293,0.008348167308080832
43612,10646,"He's Known As The 'Monkey King'. But I Just Know Him As Really, Really Badass.",10137.0,10137.0,53.0,0.005228371313011739,0.01198182818341923
43683,10663,I'd Like 2 Minutes Of Your Time To Talk About How To Make Sure Some Kids Don't Get Sick. Cool?,3634.0,3634.0,16.0,0.004402861860209136,0.0072618171539512565
43684,10663,Would You Give Your Neighbor $1.80 To Make Sure Their Child Didn't Die? Phew.,3575.0,3575.0,20.0,0.005594405594405594,0.01250108059350199
43686,10663,How Much Would You Give To Save Your Child From A Deadly Disease?,3543.0,3543.0,16.0,0.004515946937623483,0.0011087712891841017
43687,10663,"If Your Kid Was Sick, You'd Do Anything To Save Them, Right?",3532.0,3532.0,24.0,0.006795016987542469,0.0019681476182449643
43722,10671,"These Gifs Show 3 People Try To Steal The Same Bike, But I Can't Take My Eyes Off The Witnesses",5551.0,5551.0,42.0,0.007566204287515763,0.013617339004607494
43723,10671,"Watch These 3 Different People Try To Steal The Same Bike, Then Take A Look At The Witnesses",5545.0,5545.0,44.0,0.00793507664562669,0.0167006294347626
43724,10671,"3 Different People Try To Steal The Same Bike, But The Witnesses Are What's Dissapointing",5526.0,5526.0,32.0,0.00579080709373869,0.014665198941916115
43745,10676,"If His TED Talk Works, You'll Be The *Opposite* Of Speechless After Watching It",10122.0,10122.0,51.0,0.005038529934795495,0.01383066724100723
43746,10676,He Almost Gave Up Speaking. Then Realized His Voice Was Much More Powerful Than He Had Thought.,10237.0,10237.0,30.0,0.0029305460584155515,0.007943336352038104
43748,10676,"Then He Realized When He Failed To Speak Up, He Was Letting Others Down",10209.0,10209.0,30.0,0.0029385836027034967,0.005537208719053424
43749,10676,"His Silence Might Have Won The Battle 3 Times, But I Think This TED Talk Just Won Him The War",10334.0,10334.0,53.0,0.005128701374104897,0.005931713840216391
43750,10676,He Confesses Not Speaking Up When He Really Should Have. Then Inspires All With What He Says Next.,10045.0,10045.0,40.0,0.003982080637132902,0.006817212167595085
43751,10676,"Speaking Up Can Be Scary. But Hear Why Remaining Silent Is Much, Much Worse.",10364.0,10364.0,24.0,0.0023157082207641835,0.008647733491903271
43806,10690,"There Are Ferguson's All Over The Country, Just Waiting To Ignite. Here's Why.",10253.0,10253.0,26.0,0.0025358431678533114,0.0009991305662535527
43807,10690,"After Ferguson Ends, We Have To Fix This Or We Will Have Many Many More",10338.0,10338.0,20.0,0.001934610176049526,0.011298186096075743
43809,10690,Who Would Trust A System This Stacked Against You?,10118.0,10118.0,22.0,0.002174342755485274,0.007862266471932593
43810,10691,Three Kids Explain Some Important Things About Their Unique Situations And Their Regular Lives,10252.0,10252.0,36.0,0.00351150994927819,0.0014578765521738833
43811,10691,It's OK To Be Unsure When You Meet Someone Who's A Little Different. But Then You Should Learn More.,10226.0,10226.0,32.0,0.0031292783101897126,0.010244855871207843
43812,10691,Three Kids With An Extra Chromosome Explain Their Condition And Offer A Look Into Their Lives,10219.0,10219.0,53.0,0.005186417457676876,0.00974870211888023
43813,10691,"Whether You Know A Lot Or Exactly Nothing About Down Syndrome, You'll Learn From These 3 Kids",10123.0,10123.0,30.0,0.002963548355230663,0.014172667320250094
43890,10708,The Great Work That Civil Rights Pioneers Did Was Dismantled With Something That Might Surprise You,11225.0,11225.0,36.0,0.0032071269487750557,0.014080827002272452
43891,10708,Is Prison Made For Fixing People Or For Fucking People Over?.,11016.0,11016.0,45.0,0.004084967320261438,0.009681755751250777
43892,10708,There Are More African Americans Under Correctional Control Than There Were Salves,10990.0,10990.0,38.0,0.003457688808007279,0.012120039768723206
43893,10708,Why Does The United States Have 5% Of The World’s Population But 25% Of Its Prisoners,11048.0,11048.0,42.0,0.0038015930485155685,0.009852750805099798
43894,10708,"Prisoners Are Created By A System Like Ours, And They’re Not Supposed To Ever Get Out Of The Cycle",11018.0,11018.0,35.0,0.0031766200762388818,0.004950856139079441
43920,10715,"Lauryn Hill’s Heartbreaking Song Isn’t About Current Events, But Still A Perfect Response To One.",9005.0,9005.0,29.0,0.0032204330927262633,0.017168581706653748
43922,10715,"After Hearing This, I'd Say I’m Also At The End Of My Rope, But That Might Be What Some People Want",9051.0,9051.0,23.0,0.0025411556734062533,0.007173015239104493
43924,10715,Lauryn Hill Changed The Lyrics To ‘My Favorite Things’ To Reflect How Life Is For Some Americans,8854.0,8854.0,29.0,0.0032753557714027557,0.013837267316216924
43925,10715,Listen To A Song Written Before Ferguson That Perfectly Describes How Black People Feel Afterward,9016.0,9016.0,23.0,0.002551020408163265,0.013468903092730378
43952,10723,"He Puts 10 People, 1 Restaurant, And 1 Alien On The Screen, And They All Have 1 Thing In Common",8164.0,8164.0,20.0,0.002449779519843214,0.006968678795033361
43953,10723,"A Comedian Turns A Tragic Event Into A Hilarious Routine, And By The End You’ll Be On Your Feet",8220.0,8220.0,29.0,0.0035279805352798053,0.026306467148567325
43955,10723,Confusing Them Is Like Confusing These 2 Celebrities. You're Just Doing It Wrong.,8243.0,8243.0,13.0,0.0015770957175785514,0.017356944133802496
43972,10727,She Could Hear Every Word He Said Through The Open Window. This Is What She Wrote.,8237.0,8237.0,88.0,0.010683501274735947,0.01738918166074912
43973,10727,"She Could Hear Every Angry Word He Said Through The Open Window, So She Started Typing",8205.0,8205.0,54.0,0.006581352833638025,0.008773406528303539
43974,10727,"She Could Hear Every Word He Shouted At Her Through The Open Window, So She Started Typing",8305.0,8305.0,58.0,0.006983744732089103,0.011922004422147905
43975,10727,"She Could Hear Every Word He Said Through The Open Window, So She Started Typing",8122.0,8122.0,91.0,0.011204136912090618,0.012099185741166418
43976,10727,"She Could Hear Every Word He Said Through The Open Window, So She Started Writing",8180.0,8180.0,56.0,0.006845965770171149,0.013835329446125286
43977,10728,Together They Solved An Impossible Problem Neither Could Solve Alone,8284.0,8284.0,15.0,0.0018107194591984548,0.014311769496259558
43978,10728,Here’s What They Were Told: ‘You And Your Lives Don’t Matter.” This Is What They Said Back.,8106.0,8106.0,27.0,0.0033308660251665434,0.020922730437567493
43979,10728,"Separately, They Had Zero Chance. Then They Got Together And The Odds Flipped.",8123.0,8123.0,11.0,0.0013541794903360828,0.004904271732450559
43980,10728,They Were Either Going To Learn To Get Along Or Somebody Else Was Going To Ruin Everything,8294.0,8294.0,10.0,0.0012056908608632747,0.00622504746051486
44001,10733,A Performance By These Deaf Teens That'll Have You Clapping ... For 3 Minutes,6175.0,6175.0,28.0,0.004534412955465587,0.012560828966977636
44002,10733,The Only Thing You're Going To Feel For The Next 3 Minutes Is Pure Happiness,6218.0,6218.0,22.0,0.003538115149565777,0.006912776448510079
44003,10733,"Yep They're Deaf. Yep, They Made An Awesome Music Video. Yep, It'll Make You Very Happy.",6110.0,6110.0,10.0,0.0016366612111292963,0.0058091751685392864
44004,10733,The 3 Minute Video These Deaf Teens Created Is Gonna Give You One Big Emotion,6124.0,6124.0,25.0,0.004082299150881777,0.010434743097171018
44038,10740,The Dangerous Results Of Allowing Straight People To Get Married,6014.0,6014.0,35.0,0.005819753907549052,0.02370832231589339
44040,10740,It's Been 2 Years Since This Couple Got Straight Marriage. They Still Haven't Turned Gay. YET.,6179.0,6179.0,50.0,0.00809192425958893,0.01689916193209144
44041,10740,The Tragic And Hilarious Story Of The One Family That Has Been Traumatized By Gay Marriage,5942.0,5942.0,42.0,0.007068327162571525,0.018818102087006638
44042,10740,How To Prevent Your Straight Couple From Accidentally Getting Gay Married,6080.0,6080.0,38.0,0.00625,0.0061396482105191726
44043,10740,The Perfect Way For Straight People To Not Get Accidentally Gay Married In The Apocalypse,6015.0,6015.0,31.0,0.00515378221113882,0.009260708717957852
44054,10743,"It Doesn't Matter If You Think They're Being Too Sensitive, It Hurts When You Call Them This",4658.0,4658.0,25.0,0.0053671103477887505,0.018314453919888674
44055,10743,A White Women Reads Letters From Women Of Color Who Want You To Stop Calling Them Exotic,4603.0,4603.0,19.0,0.004127742776450141,0.024324150363790188
44178,10769,"She Didn’t Think Her Life Was Worth It, And So She Wanted To Die — Until Robin Williams Died",5202.0,5202.0,51.0,0.00980392156862745,0.027106157206132596
44179,10769,"How Robin Williams' Death Helped A Comic Artist Realize She Really, Truly Wanted To Live",5054.0,5054.0,43.0,0.00850811238622873,0.014425198242074895
44180,10769,She Felt She Didn't Deserve To Live. Then Robin Williams Died And Everything Changed.,5214.0,5214.0,56.0,0.010740314537782892,0.018784121137468187
44230,10783,BOOM ROASTED: This Lady Told Her Bullies To Shove It On Live TV,5104.0,5104.0,19.0,0.0037225705329153604,0.027306314704589774
44231,10783,One Woman Gives Her Bullies The Exact Opposite Of The Silent Treatment,5114.0,5114.0,25.0,0.004888541259288229,0.005309260590258727
44232,10783,She Wants Every Bully And Every Bullied Kid To Hear Her,5116.0,5116.0,20.0,0.003909304143862392,0.008113682197283145
44233,10783,A Bully Told Her That She Could Be Better. Her Response *Was* The Best.,5228.0,5228.0,17.0,0.0032517214996174446,0.02077919658689745
44352,10807,I'd Like To Teach You How To Listen To 24 Songs So You Too Can Hear Their Not-So-Hidden Gay Messages,5259.0,5259.0,58.0,0.011028712683019585,0.018322011005190483
44353,10807,"What Does Vacuuming In My Underwear, Muscle Bears, And 24 Show Stopping Tunes Have In Common?",5136.0,5136.0,25.0,0.004867601246105919,0.005812680862101785
44397,10816,He Puts 11 Pictures On The Screen. The First 10 Are Funny. The Last 1 Gave Me Chills.,5138.0,5138.0,140.0,0.027247956403269755,0.01732868965598586
44398,10816,He Puts 11 Pictures On The Screen. The First 10 Are Funny. The Last 1 Is A Total Gut Punch.,5187.0,5187.0,151.0,0.029111239637555426,0.015537360115862538
44399,10816,He Puts 11 Pictures On The Screen. The First 10 Are Funny. The Last 1 Changes Everything.,5097.0,5097.0,158.0,0.030998626643123407,0.01693545526484621
44400,10816,A Comedian Puts 11 Pictures On The Screen. The First 10 Are Funny. The Last 1 Is Truly Shocking.,5040.0,5040.0,133.0,0.02638888888888889,0.026134699573352724
44411,10819,Someone Took On A Giant Oil Company Using Some Very Small Friends,3624.0,3624.0,9.0,0.0024834437086092716,0.009140398889385769
44412,10819,Has LEGO Decided That They Don't Give A Sh*t About The Environment?,3657.0,3657.0,17.0,0.004648619086683074,0.004147792517379111
44414,10819,One Toy Company Is Promoting A Product Definitely Not Safe For Children In The Long Run,3599.0,3599.0,32.0,0.008891358710752986,0.019460523623570435
44609,10863,"It's Time For The World To See This And Go, 'This Is Boring'",3624.0,3624.0,29.0,0.008002207505518763,0.014438556251806279
44610,10863,"This Couple Is So Adorable They'll Make You All, Ugh Why Are We Still Debating This Sh*t",3643.0,3643.0,36.0,0.009881965413121054,0.013970366793731884
44611,10863,There's Something Kinda Messed Up With This Couple. And It Has Nothing to Do With Them.,3543.0,3543.0,41.0,0.011572114027660174,0.020062172837242015
44612,10863,These Sexy Australians Will Make You Believe In Love All Over Again,3660.0,3660.0,30.0,0.00819672131147541,0.011866616539383017
44680,10878,"A Classy Dude In A Suit Has An Awkward Interaction With A Young Girl. But It’s, Like, For The Earth.",4605.0,4605.0,26.0,0.005646036916395223,0.023101199949981138
44681,10878,A Grown Man Explains Climate Change To A Young Girl In A Cartoon That's Nothing Less Than Weird,4552.0,4552.0,25.0,0.005492091388400703,0.013679671662000265
44682,10878,A Young Girl Learns About Science From A Grown Man Who Comes Off Kinda Creepy,4575.0,4575.0,19.0,0.004153005464480874,0.01963312909826587
44698,10882,Watch This Coach Be Incredibly Inspiring To Kids,3516.0,3516.0,19.0,0.00540386803185438,0.006384345407919415
44700,10882,These Kids Played Their Hearts Out And Still Lost. The Coach? Happy As Can Be.,3558.0,3558.0,7.0,0.0019673974142776843,0.00604994528453932
44701,10882,Would You Like To Watch A Coach Be Incredibly Inspiring To Kids? Here You Go.,3704.0,3704.0,11.0,0.0029697624190064796,0.0159451015817137
44702,10882,"One Coach, A Defeated Team, And Beautiful Words To Remember",3577.0,3577.0,20.0,0.005591277606933185,0.01049731108038694
44703,10882,Some Of These Kids Are Crying Because They Lost Their Last Game. The Coach? He's Beaming.,3542.0,3542.0,17.0,0.004799548277809147,0.006308241183376624
44710,10884,Think Ferguson Wasn't About Race? Then How Do You Explain This?,3372.0,3372.0,21.0,0.006227758007117438,0.010439533089501133
44711,10884,One Of The Things We Can't Deny About Skin Color And Gunfire,3305.0,3305.0,21.0,0.006354009077155824,0.004873775590059167
44713,10884,Remember When The News Actually Spoke The Truth Of All Matters Big And Small?,3291.0,3291.0,10.0,0.003038590094196293,0.013150271454312657
44714,10884,That Awkward Moment When You Realise The News Isn't So Unbiased,3306.0,3306.0,7.0,0.002117362371445856,0.011444577305872821
44715,10884,Why I Feel So Shitty When I Turn On The News These Days,3351.0,3351.0,13.0,0.003879438973440764,0.006731122315033002
44748,10891,Everyone's Doing The Challenge But See Why Matt Damon Used 'Toilet' Water,4122.0,4122.0,30.0,0.00727802037845706,0.021186374210603473
44749,10891,Leave It To Matt Damon To Put A New Unexpected Twist On His Ice Bucket Challenge,4183.0,4183.0,59.0,0.014104709538608654,0.029787655630976212
44750,10891,Matt Damon's 2 Very Good Reasons For Pouring Toilet Water Over His Head,3988.0,3988.0,31.0,0.007773319959879639,0.027579617128458966
44751,10891,2 Reasons Matt Damon Wants George Clooney To Pour Toilet Water Over Himself,4061.0,4061.0,34.0,0.008372322088155627,0.03184512512831801
44757,10893,A Peek At The Inspiring Story That Took Home The Emmy For 'Outstanding Movie',3590.0,3590.0,19.0,0.0052924791086350976,0.0037975844834001963
44758,10893,"If This Trailer For 'The Normal Heart' Touches You, So Will The Emmy Award Speech",3618.0,3618.0,21.0,0.005804311774461028,0.017373138755858518
44839,10910,24 Examples Of Songs That May Change The Way You Actually Hear What The Artist Was Saying,5492.0,5492.0,39.0,0.007101238164603059,0.012043622936574292
44919,10928,"Who The Hell Is Mr. Sunbeam, And Why Is He Messing With Everyone's Ice Cream Cone?",3593.0,3593.0,17.0,0.004731422209852491,0.012480605742436836
44920,10928,"Some Nice Guy With A Top Hat Got His Ass Kicked, And It's Kind Of Our Fault",3577.0,3577.0,18.0,0.005032149846239866,0.020363004883051195
44922,10928,The Truth About A Melted Ice Cream Cone Has Giant Implications For Absolutely Everyone,3562.0,3562.0,34.0,0.009545199326221224,0.00940413906323325
44936,10932,Imagine If Bill Nye The Science Guy Was A Rock Star? You Don't Have To. He Already Is.,3535.0,3535.0,12.0,0.0033946251768033945,0.023921045171324297
44938,10932,"That Time Someone Turned Bill Nye Into A Hilariously Awesome Singer And Taught You Something, Too",3574.0,3574.0,19.0,0.005316172355903749,0.011132839024965226
44992,10944,I Don't Want To Talk About Healing. How About Preventing Instead?,4168.0,4168.0,11.0,0.00263915547024952,0.01
44994,10944,It's A Good Day To Learn Some Facts About Violence. And How To Prevent It.,4071.0,4071.0,16.0,0.003930238270695161,0.005235896190682584
44995,10944,World Peace Is A Pretty Lofty Goal. How About Some Baby Steps?,4151.0,4151.0,15.0,0.0036135870874488074,0.01156745564604687
45068,10961,"An Inspiring Story About A Woman Who Refused To Move, As Everything Around Her Came Falling Down",3984.0,3984.0,17.0,0.00426706827309237,0.006458824298174727
45069,10961,Want Change? Try Living In The Forest for 449 Days.,3950.0,3950.0,14.0,0.0035443037974683543,0.006807874967117682
45070,10961,"Lots Of People Are Nature Lovers, But Here's A Woman That Literally Took Her Love To New Heights",3815.0,3815.0,15.0,0.003931847968545216,0.003941146474941856
45071,10961,Think Treehouses Are Just For Kids? Meet A Woman Lived In One.,3867.0,3867.0,19.0,0.00491336953710887,0.005399942881196102
45083,10964,"If You Don't Have Access To A Computer In 2014, You're Kind Of Screwed. But There's A Bus For That.",4677.0,4677.0,5.0,0.0010690613641223007,0.009347350933776952
45084,10964,Her Dad Gave Her Some Wisdom When She Was A Young Girl. She Finally Used It When She Turned 71.,4649.0,4649.0,16.0,0.0034416003441600346,0.019794137588701972
45085,10964,The Brilliant Reason One Woman Spent Her Retirement Savings On A Bunch Of Kids She Didn't Know,4516.0,4516.0,1.0,0.00022143489813994686,0.01678731642065992
45086,10964,"Most People Wouldn't Think To Buy A Bus With Their Retirement Money, But She Did. For Strangers.",4419.0,4419.0,2.0,0.00045259108395564606,0.01260477103773484
45087,10964,"She Knows What It's Like To Be Poor, Which Makes Her Decision At Age 71 Even More Awesome",4747.0,4747.0,14.0,0.002949231093322098,0.010133679067704564
45156,10978,15 Years Of Information Packed Into 1 Seriously Awesome GIF,4585.0,4585.0,51.0,0.011123227917121047,0.01214474078843558
45157,10978,15 Years. 1 Billion Votes. And The Answer To A Not-So-Burning Question. All In This Amazing GIF.,4602.0,4602.0,47.0,0.010212950890916993,0.015046117610379082
45188,10985,This Isn't Illegal. But A Lot Of People Act Like It Is.,4628.0,4628.0,34.0,0.007346585998271392,0.02440285901360128
45189,10985,"Told To Cover Up, This Mama Was Ready — With A Very Crafty Response",4658.0,4658.0,24.0,0.005152425933877201,0.026816439154270545
45190,10985,Do You Breastfeed in Public? This Mom Has A Pretty Good Technique.,4695.0,4695.0,40.0,0.008519701810436636,0.026941798000000083
45191,10985,"There's Nothing Wrong With Breastfeeding In Public, Right? So Why Do I Wish I'd Had One Of These?",4552.0,4552.0,26.0,0.0057117750439367315,0.021784266086754343
45232,10995,"She Gets Behind The Wheel And Does A Shot. If You Think You Know Where This Is Going, Just Wait.",3576.0,3576.0,41.0,0.011465324384787472,0.020666763366772218
45233,10995,"What She Says About Drunk Driving Sounds Completely Ridiculous At First. 45 Seconds In, It Hits You.",3695.0,3695.0,67.0,0.018132611637347768,0.0215798971848648
45234,10995,"Her Joke About Drunk Driving Is Silly At First, But The Punchline Is A Complete Shock.",3675.0,3675.0,47.0,0.012789115646258504,0.025639282458468207
45235,10995,Everything She Says Is Completely Useless And Offensive… And That’s Exactly The Point,3512.0,3512.0,45.0,0.012813211845102505,0.011172515889554726
45353,11019,This Kid Goes To Couples Therapy. Just Not The Kind You're Thinking Of.,3023.0,3023.0,24.0,0.007939133311280185,0.011212894967372735
45354,11019,His Haunting Metaphor For Depression Reveals Just How Crippling The Disease Can Be,3166.0,3166.0,25.0,0.007896399241945672,0.01099551835004393
45355,11019,He's Talking About Depression As If It's His Lover. And It's Scary How Much Sense That Makes.,3141.0,3141.0,36.0,0.011461318051575931,0.011221675515634102
45356,11019,"'Couples Therapy': Beautiful, Profound, Haunting",3124.0,3124.0,18.0,0.005761843790012804,0.015196730667073763
45358,11019,This Kid Just Gave Me All The Chills. All Of Them.,3009.0,3009.0,21.0,0.006979062811565304,0.008927107971332723
45385,11025,What Would A Gun Say If It Could Talk? It Probably Wouldn't Sing A Song. But It Might Read A Poem.,3061.0,3061.0,15.0,0.004900359359686377,0.0024535061596192382
45386,11025,"What Would A Gun Say If It Could Talk? Well, Duh. It Would Obviously Read You A Poem.",3077.0,3077.0,8.0,0.0025999350016249595,0.005479835843205511
45387,11025,Ever Heard A Poem Written From The Perspective Of A Gun? Here's Your Chance.,2995.0,2995.0,22.0,0.007345575959933222,0.0009691463980776912
45388,11025,"If A Gun Could Talk, What Would It Say? Maybe It Would Read A Poem. Like This One.",3128.0,3128.0,10.0,0.00319693094629156,0.004997002117182519
45389,11025,What Would A Gun Say If It Could Talk? Probably A Lot More Than 'Bang! Bang!',2985.0,2985.0,7.0,0.0023450586264656616,0.0070196222216671236
45395,11027,You Don't Need A Lot Of Space To Be Great. Just Ask These Boys.,3115.0,3115.0,8.0,0.002568218298555377,0.004758134839465205
45397,11027,How A Group Of Boys Created A Legendary Sports Team The Only Way They Could: Without A Field.,3181.0,3181.0,9.0,0.0028292989625903803,0.011443204412056571
45398,11027,Think Jesus Is The Only One Who Walked On Water? Well These Kids Did Something Even Cooler.,3023.0,3023.0,15.0,0.004961958319550115,0.013314492985644227
45399,11027,"It's One Of The Best, Most Inspiring Sports Stories I've Heard. And It All Started With These Boys.",3092.0,3092.0,20.0,0.00646830530401035,0.007773227279677209
45401,11028,"A Lot Of Things Change When Your Professional Role Model Looks Like This,",3115.0,3115.0,21.0,0.006741573033707865,0.017726542360782513
45402,11028,Why Don't More Of Our Work Role Models Looks Like This Instead of What We Usually See In The Movies?,3083.0,3083.0,29.0,0.009406422315926047,0.019666675549890388
45403,11028,"When Girls Have These Women To Look Up To Instead Of What They See On TV, It's A Gamechanger.",3114.0,3114.0,25.0,0.00802825947334618,0.013884680414846131
45404,11028,"What Happens When Your Office Role Model Looks Like This, Instead Of The Bosses You See On TV?",3090.0,3090.0,38.0,0.012297734627831715,0.014826963219254079
45417,11032,How Will You Spend Your Retirement Savings? Probably Not The Way She Spent Hers.,5068.0,5068.0,14.0,0.0027624309392265192,0.01174007418545615
45418,11032,"Her Idea May Seem A Little Out There, But C'mon. Take A Look At This Bus.",5115.0,5115.0,46.0,0.008993157380254154,0.014894116298238794
45419,11032,She Spent Her Savings On A Bunch Of Kids She Didn't Know. And It's Brilliant.,5161.0,5161.0,19.0,0.0036814570819608604,0.007432289487644895
45420,11032,What This 71-Year-Old Lady Is Doing With Computers Is Brilliant,5178.0,5178.0,23.0,0.004441869447663191,0.01154142982522801
45421,11032,This 71-Year-Old Lady Is A Hero On Wheels For The Kids In Her Town,5058.0,5058.0,20.0,0.0039541320680110716,0.008437451938880177
45422,11032,"It's Hard To Keep Up With Technology, But This 71-Year-Old Will Wait For You",5054.0,5054.0,25.0,0.004946576968737634,0.01798427511558197
45423,11033,A Guy Decided To Make A Serious Dramatic Movie About Civil Unrest In Iran. His Name? Jon Stewart.,3078.0,3078.0,12.0,0.003898635477582846,0.018476332924969346
45424,11033,Watch It Here First: The Trailer For That Jon Stewart's Iranian Revolution Drama 'Rosewater',3101.0,3101.0,9.0,0.0029022895840051595,0.011213382724851995
45425,11033,Jon Stewart Made A Serious Movie About The True Story Of A Journalist Tortured By Iran. Not Joking.,3117.0,3117.0,9.0,0.0028873917228103944,0.014979951670046131
45426,11033,Watch The Trailer For Jon Stewart's Directorial Debut. It's A Drama. About A Kidnapped Journalist.,3038.0,3038.0,12.0,0.003949967083607637,0.015390819196745124
45476,11043,Here's Why You Should Get Out On A Nice Sunday Afternoon,4278.0,4278.0,22.0,0.005142589995324918,0.006374337434184828
45477,11043,"It Sounds Like A Green Issue, But It's Really An All Of Us Issue",4089.0,4089.0,14.0,0.0034238200048911714,0.0004264636253482959
45478,11043,'It's The Most Fateful Battle In Human History. We Will Fight It Together.',4164.0,4164.0,15.0,0.0036023054755043226,0.01060991903983484
45479,11043,"'There Is No Substitute For Human Bodies, Standing As One'",4078.0,4078.0,9.0,0.002206964198136341,0.003748612243002967
45513,11051,"Anyone Else Thinking It's Way Too Damn Hot Right Now? Well, It's Even Worse Than It Feels.",3213.0,3213.0,13.0,0.0040460628695922814,0.007653736753146102
45514,11051,Obama Sent Us One Of His Advisors To Answer All Of Your Burning Questions,3059.0,3059.0,1.0,0.00032690421706440013,0.010816829069129903
45516,11051,I Hope You Like S'mores Because The U.S. Is Turning Into A Giant Bonfire,3017.0,3017.0,8.0,0.002651640702684786,0.010615716214449721
45517,11051,There's Nothing To Like About About Hotter And Drier Summers. Here's Something To Hate About Them.,3029.0,3029.0,4.0,0.0013205678441729944,0.0027695017522329146
45518,11051,"Nope, There’s Nothing Wrong With Our Climate... Assuming You Enjoy 45 Thousand Wildfires A Year",3044.0,3044.0,7.0,0.0022996057818659658,0.005837977356008113
45607,11069,Let Her Show You How She Wants To Make The World Better,3082.0,3082.0,16.0,0.005191434133679429,0.007606312892888331
45608,11069,"She's Out To Make The World A Little Bit Stranger, But A Whole Lot Better",3092.0,3092.0,22.0,0.0071151358344113845,0.006922993867813929
45609,11069,"From Doing Street Portraits In Manhattan To Building Houses In Haiti, She's Making Art Matter",3089.0,3089.0,13.0,0.004208481709291033,0.0010021020410083854
45610,11069,You Know Those Totally Cool Little Things You Come Across That Can Change Your Whole Day?  Here.,3045.0,3045.0,16.0,0.005254515599343186,0.017959306510984367
45623,11072,The Parents Of One Man Reacted Horribly To His Coming Out. The Internet Responded With Love.,3117.0,3117.0,18.0,0.005774783445620789,0.018474726378869207
45624,11072,The Parents Of One Gay Man Reacted Angrily To His Coming Out. The Internet Responded With Love.,3094.0,3094.0,43.0,0.013897866839043309,0.020773580241583094
45625,11072,The Parents Of One Gay Man Evicted Him After He Came Out. The Internet Responded With Love.,3114.0,3114.0,28.0,0.00899165061014772,0.017580127651555463
45626,11072,"The Parents Of A Gay Man Reacted Terribly To His Coming Out, And The Internet Responded With Love",3050.0,3050.0,38.0,0.012459016393442624,0.018904181285799914
45628,11073,"This Dude's Tiny Factory Is Outperforming China. If You’re Thinking ‘OMG,’ You’re Right.",3031.0,3031.0,19.0,0.006268558231606731,0.01201555956844191
45629,11073,Whoever Says The Power Of The Sun Won't Fit In Your Pocket Hasn’t Seen This Video,3139.0,3139.0,29.0,0.009238611022618668,0.010045930004408527
45630,11073,Check Out The Easy Bake Oven Version Of Solar Power This Guy Invented,3112.0,3112.0,18.0,0.005784061696658098,0.015159481671413821
45631,11073,"This Tech Inventor Is Cooking Up His Version Of A Microbrewery, And It's Pretty Sweet",3090.0,3090.0,10.0,0.003236245954692557,0.008830363629800605
45632,11074,"The ""Ultimate Woman Since Eve"" Says Something Most Women Can Relate To",3141.0,3141.0,46.0,0.014645017510347023,0.018368836377788973
45668,11081,You'll Never Think About 'The Hood' The Same Way Again After Seeing What This Brilliant Woman Did,5173.0,5173.0,28.0,0.005412719891745603,0.02016341936154233
45669,11081,This Woman Has Some Legit Words For Anyone Who Has Ever Felt Like They Don't Matter,5145.0,5145.0,19.0,0.0036929057337220603,0.009533699076368253
45671,11081,"Why This Boat Is So Important To A Whole Community — No, They're Not Pirates",5127.0,5127.0,4.0,0.0007801833430856252,0.009828178081198676
45672,11081,"A Buncha Kids Made A Boat, But They Had No Where To Put It. That's Where She Stepped In.",5050.0,5050.0,15.0,0.0029702970297029703,0.009224481379485444
45732,11096,A Super-Republican Guy Opens Up In A Way That Will Make You Forget About His Politics,5148.0,5148.0,26.0,0.005050505050505051,0.019577914929903583
45733,11096,I Absolutely Never Expected I Would Be Nodding My Head To What Glenn Beck Had To Say,5247.0,5247.0,13.0,0.0024776062511911567,0.020138712816688362
45734,11096,Are You Republican? Are You A Democrat? That Won't Matter Once You Hear What Glenn Beck Has To Say.,5066.0,5066.0,18.0,0.0035530990919857876,0.009658961373802333
45736,11096,Glenn Beck Invites A Brave Woman Onto His Show. You Won't Forget The Conversation They Have.,5206.0,5206.0,19.0,0.0036496350364963502,0.029820980749924522
45737,11096,A Woman Talks With A Conservative About Something Other Than Politics. And I Held Back A Tear.,5073.0,5073.0,14.0,0.0027597082594125765,0.011849339909997866
45802,11113,"If Your Partner Can't Do This In The Bedroom, You Might As Well Break Up With Them Now",5071.0,5071.0,40.0,0.007887990534411358,0.022928373038243497
45803,11113,"If Your Don't Let Your Partner Do This In The Bedroom, Then Maybe It Isn't Love After All",5133.0,5133.0,39.0,0.007597895967270602,0.016470374978642885
45816,11118,"What's That, You Ask? Just Something This *Totally* Inspiring Woman Built.",5249.0,5249.0,37.0,0.007048961706991808,0.006748943939077056
45817,11118,"She Managed To Escape, But Was Pulled Right Back In. So She Decided To Do *This*",5167.0,5167.0,46.0,0.008902651441842461,0.013177700253086368
45853,11126,It Got Emotional When A Straight Man Asked Gay People 'Is Being Gay A Choice',6180.0,6180.0,66.0,0.010679611650485437,0.013844773649242002
45854,11126,He Watched Two Parents Hit Their Gay Son So He Asked 'Is Being Gay A Choice?' And It Got Emotional.,6091.0,6091.0,72.0,0.01182071909374487,0.02329962244792018
45855,11126,Gay People Made A Straight Man Cry With Their Response To The Question 'Is Being Gay A Choice?',6072.0,6072.0,87.0,0.01432806324110672,0.018750822396647517
45949,11147,"What The Hell, Nine West? What Were You Thinking With This Totally Insulting Shoe Campaign?",6159.0,6159.0,19.0,0.0030849163825296313,0.024819846629663547
45950,11147,Excuse Me For A Moment While I Totally Rant About This Sexist Nine West Ad Campaign,6210.0,6210.0,36.0,0.005797101449275362,0.026715901047635528
45951,11147,"Nice Going, Nine West! Insulting Single Women, Men, Mothers, And Marriage All In One Fell Swoop. Impressive.",6186.0,6186.0,14.0,0.0022631749110895573,0.010986019040343343
45952,11147,"Listen, Nine West, This 'Husband-Hunting' Shoe Campaign Of Yours Is Some Bullshit",6116.0,6116.0,20.0,0.0032701111837802484,0.01859043379304722
45953,11147,"Hey Ladies Looking For A Starter Husband, You're In Luck. Nine West Isn't Too Good To Condescend To You.",6166.0,6166.0,11.0,0.0017839766461239053,0.013232208878298873
45954,11147,"A Shoe Company Insults Single Women, Men And Mothers In One Fell Swoop. And The VP Who Approved It Is A Woman.",6100.0,6100.0,10.0,0.001639344262295082,0.022624587804522575
45989,11156,Excuse Me For A Moment While I Totally Rant About This Sexist Nine West Ad Campaign,5801.0,5801.0,46.0,0.007929667298741597,0.026686354929892554
45991,11156,OUTRAGEOUS: A Shoe Company Takes Women Back To The 50's In Its Sexist Marketing Ploy,5787.0,5787.0,45.0,0.007776049766718507,0.021413006314461643
45992,11156,"Bless Their Hearts, This Shoe Company Just Really Stepped In It. Apparently Their Shoes Will Help You 'Husband-Hunt.'",5649.0,5649.0,18.0,0.003186404673393521,0.020807506776742795
45993,11156,The Fact That Nine West Thinks This Is An Acceptable Way To Market To Women These Days Is Outrageous,5720.0,5720.0,58.0,0.01013986013986014,0.023117093735763993
45994,11156,"Nine West Just Slapped Us All In The Face With Their Sexist Marketing Ploy. Women, Men, Marriage, America, All Of Us.",5640.0,5640.0,46.0,0.008156028368794326,0.016445455396256616
46043,11166,"Company Photoshops Model's Image, She Calls Them Out, And They Admit The Real Reason For The Images",3739.0,3739.0,31.0,0.008290986894891682,0.03076954224200449
46044,11166,Swimwear Company Photoshops Model's Image Without Telling Her. Why Did They Do It? Ahem ... $$$,3497.0,3497.0,14.0,0.004003431512725193,0.024678394275935375
46045,11166,Australian Model Calls Out Swimwear Company On Its Photoshopping Her Image Without Permission,3674.0,3674.0,16.0,0.004354926510615134,0.024742952703948773
46167,11196,We Have Found The 1 Straight Couple Who Were Negatively Affected By Gay Marriage. It's Their Fault.,6063.0,6063.0,71.0,0.011710374402111166,0.019585305758636755
46168,11196,They Found The 1 Straight Couple Who Were Negatively Affected By Gay Marriage. It's Their Fault.,6116.0,6116.0,64.0,0.010464355788096796,0.01804116707966497
46170,11196,We Have Found The 1 Straight Couple Who Were Negatively Affected By Gay Marriage. They're Confused.,6062.0,6062.0,89.0,0.014681623226657869,0.019266306182386166
46171,11196,They Found The 1 Straight Couple Who Were Negatively Affected By Gay Marriage. Poor Things.,6251.0,6251.0,94.0,0.015037593984962405,0.01676142123933151
46191,11201,Here's A Point By Point Guide You Can Use When Someone Says Something Dumb About This Nude Photos Thing,6152.0,6152.0,63.0,0.010240572171651495,0.015761825233222945
46192,11201,"Why Jennifer Lawrence Isn't To Blame, And Why We Should All Feel Free To Own Nudes Of Ourselves If We Want To",6117.0,6117.0,53.0,0.008664377963053785,0.02096752644767714
46193,11201,People Have All Kinds Of Things To Say About The Nude Photo Thing. Here Are Some Of My Thoughts.,6287.0,6287.0,61.0,0.009702560839828216,0.016769544401622902
46194,11201,"If You've Been Dumbstruck By The Victim Blaming Happening To Jennifer Lawrence, Here's A Guide",6112.0,6112.0,62.0,0.010143979057591623,0.01961603141394679
46196,11201,I Think This Is A Compelling Read No Matter How You Feel About The Jennifer Lawrence Nude Photo Case,6051.0,6051.0,71.0,0.011733597752437614,0.017931358165531243
46234,11211,When Just Getting To Work Feels Like Fighting A Silent War Because They Won't Stop Touching You,7135.0,7135.0,34.0,0.004765241765942537,0.018350573041811976
46235,11211,Her Daily Commute Felt Like A Battlefield. She Wants To Tell You About It.,6996.0,6996.0,23.0,0.0032875929102344197,0.014754190104330508
46236,11211,Just Getting To Work Felt Like Fighting A Silent War So She Said Just That,7251.0,7251.0,34.0,0.00468900841263274,0.009481806900479717
46266,11218,Here’s The List Of Stuff You Can Actually Do To Save The World. In 30 Days.,7257.0,7257.0,23.0,0.0031693537274355794,0.006629628122803391
46267,11218,Change These 4 Habits And You Can Forget All About Global Youknowwhat,7068.0,7068.0,10.0,0.0014148273910582908,0.0024886153079768554
46268,11218,"This Dinosaur Decided She Could Change Her World In Just 30 Days. Not A Cartoon, Not Fiction.",7255.0,7255.0,24.0,0.0033080634045485873,0.011797623922301253
46269,11218,"Oy, The Guilt With The Global Warming Already. Here’s What You Can Do To Make It Stop.",7062.0,7062.0,12.0,0.0016992353440951572,0.008753476103915773
46298,11225,The Most Mind-Altering Photograph Humanity Has Ever Taken,7015.0,7015.0,43.0,0.006129722024233785,0.029100268366231252
46299,11225,The Single Most Mind-Altering Photo Humanity Has Ever Taken,7325.0,7325.0,47.0,0.006416382252559727,0.02073161110464103
46300,11225,The Most Mind-Altering Photo Humanity Has Ever Taken,7186.0,7186.0,63.0,0.008767047035903145,0.026642166941271975
46342,11234,"Some Of The Best Writing Came From The Show, ‘Roseanne.’ Here’s A Classic Scene.",6179.0,6179.0,39.0,0.006311700922479365,0.01401727343204743
46343,11234,"I Remember When This Scene Was First Boradcast On TV, And I Was Like, ‘Aww Hell Yeah!’",6088.0,6088.0,54.0,0.008869908015768726,0.019791437823489404
46344,11234,"I Remember When This Scene Was First On TV, And I Was Like, ‘Aww Yeah!’",6116.0,6116.0,51.0,0.008338783518639634,0.012644571746768364
46345,11234,"There Really Was Nobody More Skilled At Verbal Jujitsu Than ‘Roseanne,’ Was There?",6183.0,6183.0,36.0,0.005822416302765648,0.0006051786602857068
46347,11234,"If Someone Came To My Door Spouting The Stuff This Guy Is, I Think I'd Have A Similar Reaction. You?",6143.0,6143.0,35.0,0.005697541917629822,0.02554148896051464
46367,11238,Who Wants To Be A Climate Hero? Maybe Me. Does It Matter I Don't Have A Dinosaur Costume?,4094.0,4094.0,9.0,0.0021983390327308255,0.01
46368,11238,They're Kiwis. They're Dressed In Animal Costumes. Of Course They Have A Plan For Saving The World.,4155.0,4155.0,10.0,0.0024067388688327317,0.003473282037120637
46369,11238,This Adorable Video Is Homemade. So Are The Great Ideas This Dinosaur Has About Living Responsibly.,4097.0,4097.0,10.0,0.00244081034903588,0.004130142423100752
46370,11238,"First Came The Stress. Next Came The Research. Then She Got Out Her Dinosaur Suit And, Wait, What?",4152.0,4152.0,32.0,0.007707129094412331,0.01
46371,11238,Hate-Hate-Hate Feeling Guilty About Global Warming? Try These 4 New Habits In Your Super-Busy Life.,4111.0,4111.0,13.0,0.0031622476283142786,0.009374842599314731
46372,11238,It's SUCH A Big Problem It Makes My Eyes Glaze Over. But They Popped Open Watching This.,4122.0,4122.0,28.0,0.006792819019893256,0.01595130374950755
46379,11240,We Are Truly Animals ... But Not In The Way You Might Think,4984.0,4984.0,25.0,0.005016051364365971,0.01759401813877649
46380,11240,We All Have 'Animal Instincts' — But Does That Actually Mean What We Think It Means?,5033.0,5033.0,31.0,0.006159348301212001,0.009149789196672174
46382,11240,Definitive Proof That Animals Have At Least As Much Sense Of Fairness As Humans — If Not More,5134.0,5134.0,40.0,0.007791195948578107,0.005026147147983995
46383,11240,"If You Think Humans Are Hands Down, No Question, More Advanced Than Animals — Watch This",5293.0,5293.0,41.0,0.007746079727942566,0.03106439387330486
46435,11251,"Glenn Beck Opens Up About The Time He Came Close To Attempting Suicide, And It's Incredibly Moving",9119.0,9119.0,33.0,0.0036188178528347406,0.0228295812331184
46436,11251,The One Thing People Told Glenn Beck Not To Say Is The Best Thing I've Heard Come Out Of His Mouth,9073.0,9073.0,60.0,0.006613027664499063,0.03091539823519157
46437,11251,Glenn Beck Speaks About One Not-So-Obvious Thing That Employers Are Discriminating People For,9239.0,9239.0,53.0,0.0057365515748457625,0.01782870266765565
46438,11251,What's The Common Thing That 40 People Who Thought About Suicide Had? It's A Positive.,9169.0,9169.0,85.0,0.009270367542807285,0.003099285972786604
46439,11251,Glenn Beck Asks A Woman A Strange Question. I Had To Hold Back Tears At Her Response.,9073.0,9073.0,178.0,0.01961864873801389,0.03521298298955959
46440,11251,There's A Growing Problem We Don't Talk About. Glenn Beck And This Woman Want That To Change.,9318.0,9318.0,63.0,0.006761107533805538,0.019458646582718373
46465,11258,A Girl Screams At A Viciously Funny Disabled Comic. His Response Is Amazing,7138.0,7138.0,126.0,0.017652003362286353,0.030656897760546614
46466,11258,His First Few Seconds On Stage Were Uncomfortable. The Following Minute Was Amazing.,7120.0,7120.0,86.0,0.012078651685393259,0.01876734442030251
46467,11258,The First Few Seconds Were Uncomfortable. The Last 50 Were Amazing.,7181.0,7181.0,80.0,0.011140509678317784,0.011812051484093332
46468,11258,His First Few Seconds Made The Crowd Uncomfortable. His Next 60 Seconds Destroyed The Place.,7110.0,7110.0,128.0,0.0180028129395218,0.026297222371017108
46469,11258,A 6-Year-Old Girl Reacts Horrifically To His Disability. A Viciously Brilliant Rant Is Born.,7278.0,7278.0,126.0,0.01731244847485573,0.028649606745397994
46470,11258,The Crowd's Clearly Uncomfortable At First. 15 Seconds Later He Destroys The Place.,7140.0,7140.0,106.0,0.01484593837535014,0.027890983499406687
46532,11275,Look At What Happens When Little Boys Believe That Anything Is Possible.,5184.0,5184.0,55.0,0.010609567901234568,0.01787074062436233
46534,11275,When Little Boys Believe That Anything Is Possible They Can Walk On Water. Literally.,5176.0,5176.0,39.0,0.007534775888717156,0.010393698776623914
46535,11275,A Lot Can Happen When Little Boys Believe That Anything Is Possible.,5085.0,5085.0,26.0,0.005113077679449361,0.01244774336061677
46536,11275,This Is What Happens When Little Boys Believe That They Can Do Absolutely Anything,5101.0,5101.0,53.0,0.010390119584395216,0.022249382649436513
46537,11275,"When Little Boys Believe That Anything Is Possible, The Results Are Gamechanging. Literally.",5134.0,5134.0,35.0,0.006817296455005843,0.004120892550876726
46772,11320,"If You're Into This Whole Clean, Breathable Air Thing, May I Suggest Checking Out This Live Chat?",6235.0,6235.0,15.0,0.0024057738572574178,0.01
46774,11320,"Hey, If You Got A Sec, Can You Join This Live Chat? Much Appreciated. Xoxo, Planet Earth",6119.0,6119.0,10.0,0.0016342539630658604,0.01
46775,11320,Upworthy Is Hosting A Live Chat About The Topic You All Feel Too Overwhelmed To Talk About,6189.0,6189.0,7.0,0.0011310389400549362,0.0006456676426219322
46776,11320,Have Internet? Like The Climate? Haaaave You Heard About This Live Chat?,6214.0,6214.0,11.0,0.001770196330865787,0.01
46777,11320,"The Best Way To Spend Your Lunch Break Is Talking About Climate Change On Twitter, Right?",6252.0,6252.0,7.0,0.0011196417146513116,0.01
46778,11321,A Comedian's 3 Reasons Not To Commit Suicide Are Incredibly Funny (Because They’re Incredibly True),6106.0,6106.0,78.0,0.012774320340648543,0.024327148188488516
46780,11321,Her 3 Reasons Not To Commit Suicide Are Funny (Because They're True),6200.0,6200.0,60.0,0.00967741935483871,0.018953032099468498
46782,11322,One Twitter User Went Off On 'Leaked Celebrity Nudes' And Almost Brought Me To Tears,6245.0,6245.0,63.0,0.010088070456365093,0.016955149278970804
46783,11322,Let's Talk About Why Sharing Nudes Without Permission Isn't Ok. Some Of Ya'll Still Don't Get it.,5993.0,5993.0,54.0,0.00901051226430836,0.014577189539559783
46784,11322,'Leaking' Celeb Nude Photos Without Permission Isn't A 'Scandal' It's A Crime,6251.0,6251.0,64.0,0.010238361862102063,0.01903859194234678
46785,11322,Here's A Message For Those Of You Who Don't Get Why Hacked Celeb Nudes Are A Big Deal,6200.0,6200.0,73.0,0.011774193548387097,0.02673066055550724
46786,11322,Still Don't Get Why People Are Upset About Celebrity Nudes Being Hacked? Here's Why.,6122.0,6122.0,61.0,0.0099640640313623,0.02634527088424809
46827,11332,Here's The Depressing And Hilarious Reason We'll Never Have A Great Superheroine Movie,6139.0,6139.0,41.0,0.006678612151816257,0.017577294184933784
46828,11332,"Here's A Funny, Sad, Funny Look At Trying To Get A Movie Made These Days",6223.0,6223.0,12.0,0.0019283303872730194,0.01631866833798836
46829,11332,Some Days A Girl Just Can't Get A Break. Not Even A SuperGirl.,6091.0,6091.0,15.0,0.002462649811196848,0.013545354506244578
46830,11332,...And This Is Why We'll Never Have A Great Superheroine Movie,6129.0,6129.0,37.0,0.00603687387828357,0.01628046760404103
46839,11335,They'd Rather Pay $10 And Watch Their Own Blood Get Poured Down The Drain Than Know The Truth,6128.0,6128.0,25.0,0.004079634464751959,0.007776584260342027
46840,11335,In This Study 3 Times As Many People Paid Money In Order NOT To Learn Something About Themselves,6107.0,6107.0,25.0,0.0040936630096610445,0.009692304521916231
46841,11335,What Do You Call It When Someone Wants To Pay Money Instead Of Learning The Truth?,6240.0,6240.0,28.0,0.004487179487179487,0.005751493590881538
46870,11343,The Sickening Truth About What Happens When A Rape Victim Leaves The Hospital,6195.0,6195.0,45.0,0.007263922518159807,0.022811390342195176
46872,11343,An Outrageous Revelation About How We Could Be Letting Rapists Roam Free,6206.0,6206.0,25.0,0.004028359651949726,0.012818368687154842
46873,11343,"If 400,000 Of These Medical Exams Haven't Been Processed, Then How Many Criminals Does That Equal?",6039.0,6039.0,13.0,0.002152674283821825,0.006143571933057916
46914,11352,A Cute Little Cartoon About One Of The Dumbest Ways We Get Our Food,3640.0,3640.0,13.0,0.0035714285714285713,0.013959208399786273
46915,11352,This Cartoon Makes A Great Point About How Terrible Fishing Nets Are For Ocean Life,3524.0,3524.0,16.0,0.004540295119182747,0.007582947898534758
46916,11352,After Watching This I Realized We Definitely Need To Update The Way We Fish,3527.0,3527.0,10.0,0.002835270768358378,0.01
46945,11360,This 2 Minute Video Kind Of Scared The Crap Out Of Me. You?,5483.0,5483.0,62.0,0.011307678278314791,0.014605611175496289
46946,11360,This 2 Minute Video Pretty Much Scared The Crap Out Of Me. Help?,5483.0,5483.0,68.0,0.012401969724603319,0.018167114393023584
46948,11360,This 2 Minute Trailer For The Next Big Disaster Movie Scared The Crap Out Of Me. 'Cause I’m In It.,5304.0,5304.0,23.0,0.004336349924585219,0.01324699169116493
46949,11360,Watch A Preview For A Really Scary Movie (Based On A True Story). It Frightened The Crap Out Of Me.,5340.0,5340.0,52.0,0.009737827715355805,0.022258931179863623
46950,11360,"20 Years From Now, This Will Be A 'Where Were You When...?' Moment. How Will You Answer?",5352.0,5352.0,27.0,0.005044843049327354,0.013802070919126165
46951,11360,I Watched This Scary 2 Minute Video While Seated On My Couch. Now I Want To Get Up And Do Something.,5619.0,5619.0,34.0,0.00605089873642997,0.01757914649928137
46952,11360,"Forget Godzilla. This Sh*t Right Here is Much More Real, And It's Waaaay Scarier.",5377.0,5377.0,29.0,0.005393342012274502,0.021108509067721954
47001,11371,"His Voice Completely Changes When He Talks About The Dog. 50 Seconds In, You Hear It Break.",4985.0,4985.0,40.0,0.00802407221664995,0.009523981114887841
47002,11371,"Whether Or Not You’re A Dog Lover, You Need To Hear This Story",4970.0,4970.0,42.0,0.008450704225352112,0.011054911572205875
47003,11371,"His Voice Breaks When He Talks About The Dog, And My Heart Fills All The Way Up",4844.0,4844.0,35.0,0.0072254335260115606,0.008159076692048826
47004,11371,"He Starts Talking About The Dog, And 50 Seconds In, You Can Hear His Voice Break.",4857.0,4857.0,30.0,0.006176652254478073,0.0160620601117862
47049,11380,"He Starts Talking About The Dog, And 50 Seconds In, His Voice Breaks.",5293.0,5293.0,42.0,0.007935008501794823,0.013378304348903034
47144,11402,We Got the Car Seats. We Hold Their Hands. And This Makes Me Wonder Why.,6190.0,6190.0,24.0,0.0038772213247172858,0.01149013568231218
47145,11402,"My Wife And I Worry About Our Kids' Health, And This Makes Us Look Like A Joke.",6043.0,6043.0,25.0,0.004137018037398643,0.015291264748117402
47146,11402,One Day The Kids Will Ask When We Found Out We Were Doing This To Them,6252.0,6252.0,33.0,0.00527831094049904,0.01757020987339844
47147,11402,I Thought My Family Was Safe At Home Until This Happened,6052.0,6052.0,46.0,0.00760079312623926,0.021888478778823887
47148,11402,This Made Me Run Screaming Out Of My House.,6173.0,6173.0,28.0,0.004535882067066256,0.02456384234564159
47228,11419,"I Wouldn't Have Guessed It, But We Can Sure Learn A Ton From 1 Farmer And His Bees",4691.0,4691.0,8.0,0.0017053933063312726,0.01
47229,11419,"1 Farmer, 1 Beehive, 1 Pipeline, And 1 Earth. What Happens When They All Come Together?",4589.0,4589.0,10.0,0.0021791239921551534,0.0009070656960815313
47230,11419,Have You Heard Of Bill McKibbens? He's Got Some Wisdom To Drop About Dealing With Our Wacky Climate.,4577.0,4577.0,11.0,0.002403320952589032,0.0013081907168831673
47235,11421,"Before You Roll Your Eyes At The Word 'Hope,' Watch An 8-Pound Miracle Restore It For You",3577.0,3577.0,23.0,0.006429969247973162,0.019465680323282105
47236,11421,"Everyday, One Young Man Risks His Life To Dig People Out Of Trouble. Literally.",3623.0,3623.0,13.0,0.0035881865857024567,0.009656258630367696
47237,11421,"Even In The Midst Of War And Rockets, One Tiny Baby Was Able To Bring A City Together",3593.0,3593.0,7.0,0.0019482326746451434,0.007735966247070569
47238,11421,"Crying Baby? Don't Worry, You Don't Have To Take Care Of It. Just Watch It — And Try Not To Smile.",3572.0,3572.0,30.0,0.0083986562150056,0.010934395651220594
47277,11430,Lesbians Make A Point By Repeating 21 Things Straight People Say,4661.0,4661.0,152.0,0.03261102767646428,0.02691568181831681
47279,11430,'Can I Watch' Sounds Super Absurd When You Put It In This Context,4549.0,4549.0,64.0,0.014069026159595516,0.005657148013842627
47297,11434,I Thought My Family Was Safe At Home Until This Happened,4498.0,4498.0,38.0,0.008448199199644287,0.021888478778823887
47298,11434,We Got the Car Seats. We Hold Their Hands. And This Makes Me Wonder Why.,4538.0,4538.0,22.0,0.004847950639048039,0.011441365248613687
47299,11434,"My Wife And I Worry About Our Kids' Health, And This Makes Us Look Like A Joke",4638.0,4638.0,28.0,0.00603708495040966,0.014307762088949823
47300,11434,One Day The Kids Will Ask When We Found Out We Were Doing This To Them,4660.0,4660.0,20.0,0.004291845493562232,0.01752535183739074
47355,11445,The Secret The Twins Brought To The Kitchen Table Was Huge. What Happened Next Made Me Cry.,3109.0,3109.0,29.0,0.009327758121582503,0.020119077974762034
47356,11445,Luke And Adam Had A Huge Secret To Tell Their Parents. But First They Had To Set Up A Camera.,3083.0,3083.0,22.0,0.007135906584495621,0.02499310579991488
47357,11445,"They Kinda Knew About One Gay Son, But Not The Other, So Here's What Happened",3026.0,3026.0,44.0,0.014540647719762063,0.018644902953255764
47358,11445,"Twin Sons Comes Out To Their Parents At The Same Time, And The Reaction Is Priceless",3057.0,3057.0,66.0,0.021589793915603533,0.030120504236388283
47359,11445,"They Knew About One Twin, But The Way The Other One Tells His Story Made Me Cry",3122.0,3122.0,45.0,0.014413837283792441,0.022759223206501634
47384,11451,"The Perfect Answer To Anyone Who Says, 'It's Cold Out Today. So Much For Global Warming.'",3591.0,3591.0,15.0,0.004177109440267335,0.006453308255455609
47385,11451,How Can We Predict The Weather 30 Years From Now When We Can't Even Predict It 2 Days From Now?,3574.0,3574.0,9.0,0.002518186905428092,0.01
47387,11451,"First They Wrestle, Then He Flies In And Show Them 1 Chart. And It All Suddenly Makes Sense.",3591.0,3591.0,11.0,0.003063213589529379,0.009413218495616153
47394,11453,Those People In Jail Being Released Because Of DNA Evidence? This Is The Guy Who Started It All.,3605.0,3605.0,12.0,0.00332871012482663,0.010439943629515
47395,11453,Want To Know Why I’m Opposed To The Death Penalty? Right Here.,3515.0,3515.0,23.0,0.006543385490753912,0.008295477045169503
47396,11453,What DNA Means To One Man Who Totally Got F*cked Over By The Legal System And Was Almost Killed,3651.0,3651.0,18.0,0.0049301561216105174,0.01777455095520613
47397,11453,"They Wrongly Convicted Him Of Something Unspeakable. 9 Years Later, He's Free. And Pissed.",3646.0,3646.0,26.0,0.007131102578167855,0.022565251397560982
47398,11453,The Very First Person Ever Declared Innocent By DNA Evidence Has A Little Something To Say,3562.0,3562.0,36.0,0.010106681639528355,0.014702830557819723
47399,11453,"‘They’d Already Had Me Set, Man. I Was On The Sleigh To Hell.’",3564.0,3564.0,17.0,0.004769921436588103,0.008957952843226612
47428,11460,3 Months Of Devistation Happened In 1988 That Will Take 3 Hundred More To Renew,3031.0,3031.0,7.0,0.0023094688221709007,0.008075093530930449
47429,11460,"Sometimes A Forest Fire Is Handled By Letting It Burn. Sometimes, That Doesn't Work In Our Favor.",3049.0,3049.0,8.0,0.0026238110856018366,0.00888310972204781
47430,11460,Ever Hear About The Time The Government Mistakenly Let Yellowstone Park Burn To The Ground (Almost)?,3078.0,3078.0,16.0,0.005198180636777128,0.014235809005664665
47432,11460,"There Was A Fire In 1988 That Was So Big, All Anyone Could Do Was Wait For The End. 3 Months Later.",3114.0,3114.0,12.0,0.0038535645472061657,0.011982863195424142
47433,11460,That One Time When 1/3 Of An Entire State Was On Fire And No One Could Do A Thing About It,2997.0,2997.0,8.0,0.002669336002669336,0.014210532751914112
47439,11462,A Company Visits Hospitalizes Vets Just Back From Iraq With Brain Trauma To Fleece Them Of Benefits,3670.0,3670.0,21.0,0.005722070844686649,0.01099716507063264
47440,11462,A Company Uses A Nazi Reference To Train Their Minions On How To Take Advantage Of Poor Kids,3477.0,3477.0,29.0,0.008340523439746908,0.017232989368454684
47441,11462,John Oliver Gently Berates A Company That Used Nazi References To Teach Sales Staff To Rob Poor Kids,3566.0,3566.0,34.0,0.009534492428491307,0.023425159626537455
47442,11462,John Oliver Educates Some Awful Companies About Their Horrible Choice To Exploit Poor Kids And Vets,3644.0,3644.0,24.0,0.006586169045005488,0.010375730711361917
47451,11464,She Was Just A Little Girl When Her Brother Did These Things. Now She's Dying And She Wrote Him A Letter.,3131.0,3131.0,99.0,0.0316192909613542,0.03069537749743384
47452,11464,She Was Just A Little Girl When He Molested Her. Now She's Dying And She Wrote Him A Letter.,3028.0,3028.0,89.0,0.029392338177014532,0.03301040451415384
47453,11464,She Was A Little Girl When He Did These Things To Her. Now She's Dying And She Wrote Him A Letter.,3067.0,3067.0,88.0,0.028692533420280403,0.03252744699047755
47454,11464,She Was Just A Little Girl When He Did Horrible Things. Now She's Dying And She Wrote Him A Letter.,3098.0,3098.0,87.0,0.028082633957391866,0.030578415619810468
47455,11464,She Was Just A Little Girl When He Stole Her Innocence. Now She's Dying And She Wrote Him A Letter.,3065.0,3065.0,91.0,0.029690048939641108,0.029924054547657578
47583,11490,She's A Famous Christian Singer And She's Finally Telling The Truth – Whether People Like It Or Not,6215.0,6215.0,103.0,0.0165728077232502,0.0194401763417891
47584,11490,She's One Of The Biggest Names In Christian Music. And She's Tired Of Living A Lie.,6128.0,6128.0,143.0,0.0233355091383812,0.022088214455361712
47585,11490,She's A Famous Christian Singer. And She's Ready To Come Out.,6113.0,6113.0,100.0,0.016358580075249467,0.014470394639322055
47586,11490,"She's Famous, She's Talented, She's Christian. And She's Tired Of Living A Lie.",6230.0,6230.0,125.0,0.020064205457463884,0.022033724603406166
47633,11500,"If You See This PSA And Start Blaming The Starfish, Then You May Need To Rewatch",3065.0,3065.0,7.0,0.0022838499184339315,0.01858924615197015
47634,11500,"The Coal, Hard Truth About How We're Destroying One Of Nature's Wonders",3002.0,3002.0,8.0,0.002664890073284477,0.004043445390983683
47635,11500,"It's Lost Almost 50% Of Its Cover, And There Ain't Ship That's Being Done About It",3091.0,3091.0,6.0,0.0019411193788417987,0.011841844056743562
47636,11500,"Once You Realize What's Really Causing The Problem, You're Going To Flip Your Ship",3191.0,3191.0,8.0,0.0025070510811657787,0.011208980073303832
47637,11500,"Even If You're Not Australian, You're Going To Be Pretty Angry About What They're Doing",2973.0,2973.0,12.0,0.004036326942482341,0.012098249507106383
47669,11507,"We Ask People Their Opinions On Whether Actual Facts Are True. Strange, Right?",6378.0,6378.0,41.0,0.006428347444339918,0.016000374265901004
47670,11507,A TV Host Helps Bill Nye With A Perfect Response To All The People Who Doubt His Science Facts,6258.0,6258.0,30.0,0.004793863854266539,0.024980750354653324
47671,11507,"John Oliver Is Unsure Why We Ask People For Their Opinion On Facts. Bill Nye Is Confused, Too.",6038.0,6038.0,39.0,0.006459092414706857,0.02341356210460462
47672,11507,It Must Be Exhausting To Be Right About The Facts All The Time. Bill Nye Sure Looks Tired.,6237.0,6237.0,37.0,0.005932339265672599,0.013450715139376207
47705,11514,What Do You Do When It Feels Like The Whole Earth Is Coming Crashing Down Around You?,5641.0,5641.0,22.0,0.003900017727353306,0.006739114693998629
47706,11514,The Song Makes You Feel All Warm Inside. Then The Rubble Starts Raining Down.,5600.0,5600.0,28.0,0.005,0.008010652455798267
47707,11514,WOAH: Willie Nelson Makes A Classic Song Sound So Angry,5582.0,5582.0,18.0,0.0032246506628448583,0.02172785943515812
47758,11525,"When Her Abuse Went Viral, The Internet Asked, 'Why Did She Stay?'. So Twitter Answered.",5208.0,5208.0,34.0,0.006528417818740399,0.018706528620174953
47759,11525,"14 Tweets Answer 'Why I Stayed'. 11 Broke My Heart, But The Last 3 Gave Me Hope.",5135.0,5135.0,67.0,0.013047711781888996,0.017703551235699867
47760,11525,"These Heartbreaking Tweets Prove ""Why Did She Stay?"" Is The Absolute Wrong Question",5117.0,5117.0,39.0,0.007621653312487786,0.021070279280856006
47761,11525,"If You're Wondering Why She Stayed, Then You Don't Know Jack About Domestic Violence",5119.0,5119.0,32.0,0.006251220941590154,0.017074718475716608
47762,11525,"If You Think 'Why Did She Stay?' Is The Right Question, I Wanna Know Why You're OK With Blaming Her",5211.0,5211.0,26.0,0.004989445403953176,0.013751858144256404
47849,11542,A TV Host Helps Bill Nye With A Perfect Response To All The People Who Doubt His Science Facts,7224.0,7224.0,51.0,0.0070598006644518275,0.024860558761266086
47850,11542,1 In 4 Americans Is Very Wrong About An Important Fact. Are You One Of Them?,7234.0,7234.0,50.0,0.006911805363560962,0.01695836238474706
47851,11542,A Comedian Helps Bill Nye With A Perfect Response To All The People Who Doubt His Science Facts,7013.0,7013.0,61.0,0.008698132040496222,0.0250757680067994
47852,11542,Funny Man John Oliver Finds A Solution For Smart Man Bill Nye's Ongoing Problem,7213.0,7213.0,28.0,0.0038818799389990295,0.0208192830698188
47853,11542,"A Comedian, A Science Guy, And An Uninformed American Walk Into A Bar. Do I Laugh Or Cry?",7138.0,7138.0,45.0,0.006304286915102269,0.021137774214325597
47854,11542,1 In 4 Americans Is So Wrong About An Important Fact They Might As Well Think Owls Don't Exist,7236.0,7236.0,40.0,0.00552791597567717,0.017288214616403355
47997,11571,At First I Was Like 'Not This Again.' Then He Talked About How Humanity Was Winning The Contest.,5103.0,5103.0,16.0,0.0031354105428179502,0.0031133556030779027
47998,11571,"When It Started, I Felt Anxious. Seconds Later, I Sighed In Relief. By The End, I Was Hopeful.",5078.0,5078.0,19.0,0.0037416305632138637,0.011781039880437534
47999,11571,1 Farmer And Millions Of Bees Show Us The Only Way We Might Survive The Ice Melt,5165.0,5165.0,26.0,0.0050338818973862534,0.003928430912586525
48000,11571,"I Hear 'Climate Change' And I Groaned. Then I Heard 'Bees' And Got Excited. You Should Be, too.",5230.0,5230.0,19.0,0.003632887189292543,0.0035208133428768495
48001,11571,'Humanity Is Still In The Fight' Are The Most Inspiring Words I've Heard In A Year Of Bad News,5087.0,5087.0,6.0,0.0011794770984863377,0.0009885428137227314
48002,11571,What Do 1 Farmer And Millions Of Bees Have To Do With 1 Oil Pipeline? Way More Than I Expected.,5093.0,5093.0,14.0,0.0027488709994109564,0.00337533163094738
48003,11571,"I Could Barely Believe His Words, But It's True: The World Is Not As F***ed As We Think It is",5080.0,5080.0,18.0,0.003543307086614173,0.006236323319812357
48005,11571,"A Man Talks To A Farmer. By The Time He Finishes, His View On Our Future Changes — For The Better.",5097.0,5097.0,22.0,0.004316264469295664,0.011103185824140393
48083,11589,A Marketing Campaign's Happening In The Heart Of The South And Gay People Are The Focus,5145.0,5145.0,14.0,0.0027210884353741495,0.010878617253410324
48085,11589,The Future Of Gay Rights Is Bubbling Up In An Unexpected Place,5270.0,5270.0,16.0,0.0030360531309297912,0.014249553458626392
48095,11592,I'll Bet You've Never Played A Game Of Tetris As Important As The One Described Here,3689.0,3689.0,13.0,0.0035239902412577935,0.01620389421532243
48098,11592,How Climate Change Is Just Like A Game Of Tetris,3647.0,3647.0,4.0,0.0010967918837400603,0.0057919327332213374
48126,11598,"Every Year, Under A Full Moon, Something Really Amazing Takes Place. But That Might Soon Go Away...",4640.0,4640.0,22.0,0.0047413793103448275,0.02007258467573339
48127,11598,"The Handsome Guy In A Suit Comes Off A Little Smug, But He Damn Sure Got Me Fired Up",4680.0,4680.0,20.0,0.004273504273504274,0.013827961742760415
48128,11598,Some Very Wealthy Folks Are Making Sure A Terrible Disease Won't Go Away Anytime Soon,4614.0,4614.0,28.0,0.006068487212830516,0.011866864240066171
48133,11601,"As He Saw People Run From The Tower, He Said To His Wife 'I Need To Help And Nobody Can Stop Me'",4626.0,4626.0,48.0,0.010376134889753566,0.0012749900573636765
48134,11601,As The Tower Fell He Turned To His Wife And Said 'I Need To Do What I Have To Do Right Now',4636.0,4636.0,65.0,0.014020707506471096,0.010932906808152747
48136,11601,"When He Saw The Tower Come Down He Knew He Had To Help, And Nothing Would Stop Him",4650.0,4650.0,35.0,0.007526881720430108,0.0038043403795070194
48137,11601,"His Wife Was Afraid For Him, But It Was 9/11  And Nothing Would Stop Him From Helping",4519.0,4519.0,25.0,0.005532197388802833,0.002139044732919727
48138,11601,"As The Tower Fell He Said To His Wife 'I Have To Do What I Have To Do Right Now, Nobody Can Stop Me'",4612.0,4612.0,59.0,0.012792714657415438,0.008356832175468065
48169,11608,This Video Is Broken On Purpose. Can You Guess Why?,4585.0,4585.0,36.0,0.007851690294438387,0.014621614300172598
48170,11608,This Video Is Broken On Purpose. And It's Just The Beginning.,4786.0,4786.0,42.0,0.008775595486836606,0.009616168092318711
48171,11608,"I've Had My Pipeline Throttled Before And Trust Me, It Isn't As Fun As It Sounds",4621.0,4621.0,16.0,0.0034624540142826226,0.0032680451122719424
48217,11620,"Hundreds Of Years Ago, A Guy Looked Down A Well. Here's How That Affects Us Today.",4779.0,4779.0,32.0,0.006695961498221385,0.007524936339130173
48219,11620,The Guy From 'Mythbusters' Explains Why You Shouldn't Ignore The Things Your Brain Refuses To Forget,4853.0,4853.0,47.0,0.009684731094168555,0.005684364265392495
48220,11620,A Famous Guy Explains Why You Shouldn't Ignore The Things Your Brain Refuses To Forget,4840.0,4840.0,50.0,0.010330578512396695,0.009703064934127354
48221,11620,There Are Some Stories The Brain Refuses To Forget – Here's Why You Shouldn't Ignore Them,4880.0,4880.0,33.0,0.006762295081967213,0.011504104693525277
48222,11620,I'm On The Edge Of My Seat Hearing Stories About Stuff That Happened 165 Years Ago – This Guy's Good,5047.0,5047.0,27.0,0.005349712700614226,0.009741333771275855
48223,11620,3 Extraordinary Reasons Why You Shouldn't Ignore The Things Your Brain Refuses To Forget,4951.0,4951.0,35.0,0.007069278933548778,0.01718414283344729
48224,11620,I Never Knew Stories About Ancient Guys Could Be So Engaging And Fantastic. But Here We Are.,5041.0,5041.0,24.0,0.004760960126958937,0.0005243155922036889
48245,11625,"Does Our 'Big Brain' Help Or Hurt Us? We're About To Find Out, Says This Guy.",4434.0,4434.0,9.0,0.0020297699594046007,0.005294192910130955
48246,11625,This Guy Found Inspiration In A *Remarkable* Creature. And So Can You.,4468.0,4468.0,14.0,0.003133393017009848,0.01
48247,11625,Do You Think This Guy's Ideas Are *Too* Romantic? I Hope Not.,4474.0,4474.0,16.0,0.003576218149307108,0.01752778095077432
48248,11625,Is Your Brain Attached To A Big Enough Heart? The Question Is More Serious Than You Think.,4417.0,4417.0,14.0,0.003169572107765452,0.008928660135011302
48249,11625,Reporter Flat-Out Asks This Guy If He's Being *Too* Romantic. I Hope The Answer Is 'Absolutely Not'.,4384.0,4384.0,15.0,0.0034215328467153286,0.019972102716200132
48250,11625,Our Brains Got Us Into This Mess. Can They Get Us Out?,4338.0,4338.0,14.0,0.003227293683725219,0.012150006159003125
48251,11625,Listen To This Guy's Important Interview. Because Survival And Stuff.,4172.0,4172.0,19.0,0.004554170661553212,0.01225421859845556
48252,11625,"3 Years Ago, He Was Behind Bars. Now He's Building A Movement.",4436.0,4436.0,14.0,0.0031559963931469793,0.004501610871782939
48254,11626,"Who'd Win In A Fight: Humanity Or The Mother Nature? Jury's Out, But Not For Long.",4339.0,4339.0,5.0,0.00115233924867481,0.008765121612116497
48255,11626,Because Sometimes Inspiration Comes From The Most Unlikely Places,4462.0,4462.0,12.0,0.002689376961004034,0.010081505744825761
48280,11632,Chan And Rhino Fight. Let's Hope The Rhino Survives.,4414.0,4414.0,13.0,0.0029451744449478933,0.0001571520433292689
48281,11632,Chan Gets This Rhino To Co-Star In One Hell Of An Action-Packed Ad,4440.0,4440.0,22.0,0.004954954954954955,0.015458420846512227
48282,11632,"He Dodges Bullets, Axes, And Knives, All While Trying To Save This Rhino. Jackie Chan's Awesome.",4423.0,4423.0,23.0,0.005200090436355415,0.012096220932520618
48284,11632,"Jackie Chan + Cool Rhino = 30 Seconds Of Awesome. He Did It For A Cool Reason, Too.",4433.0,4433.0,28.0,0.00631626438078051,0.010788867911685547
48285,11632,Cool Rhino Gets Jackie Chan To Co-Star In This 30-Second Action-Packed Message Of Awesome,4261.0,4261.0,31.0,0.007275287491199249,0.014953396684075016
48286,11633,Because What Came Out Of 9/11 Is More Powerful Than A Terrorist Could Ever Be,4331.0,4331.0,18.0,0.004156084045255137,0.011187786006513385
48287,11633,"Because It's More Powerful Than Fear, And We All Have It In Us",4386.0,4386.0,17.0,0.003875968992248062,0.003581919310534265
48288,11634,"How 9/11 Changed You, Even If You Just Saw It On T.V.",4458.0,4458.0,29.0,0.006505159264244055,0.004457283568734403
48289,11634,Because People Something More Powerful Witnessed More Than Tragedy During 9/11,4395.0,4395.0,36.0,0.008191126279863481,0.009235495882412077
48290,11634,Because The Way People Stepped Up On 9/11 Is Way More Powerful Than A Terrorist Could Ever Be,4442.0,4442.0,22.0,0.00495272399819901,0.006880881388163234
48292,11634,"The Power Of 9/11 Wasn't In The Tragedy, It Was How People Responded To It",4423.0,4423.0,19.0,0.004295726882206647,0.008029094274741033
48305,11637,One Of The Most Innovative Ways To Take On A Huge Company And Win? Yep.,3647.0,3647.0,4.0,0.0010967918837400603,0.017297155673464917
48306,11637,The United Auto Workers Union Begn With One Brilliant Tactic — In 1936,3596.0,3596.0,6.0,0.0016685205784204673,0.01
48308,11637,"It Was 1936. People Working For This Company Were Literally Dying On The Job. So, What Did Folks Do?",3486.0,3486.0,11.0,0.003155479059093517,0.013867880901927842
48309,11637,"This Strike Was Not About Money, But About Humane Treatment On The Job And Recognition Of The Union",3590.0,3590.0,9.0,0.0025069637883008357,0.0003253886602790799
48310,11637,That One Time 2000 Workers Decided To Just. Sit. Down.,3468.0,3468.0,15.0,0.004325259515570935,0.013317828565876115
48356,11647,"Sometimes The Diagrams Look Like They're From A Sci-Fi Movie, But They Don't Have To Be",3660.0,3660.0,5.0,0.001366120218579235,0.007460677738013073
48357,11647,"Cities Of The Future May Not Have Hovercrafts, But They're Really Gonna Need Some Of These",3720.0,3720.0,9.0,0.0024193548387096775,0.006679283790504677
48358,11647,Because The Statue Of Liberty Shouldn't Have To Eat All Of Virginia,3746.0,3746.0,15.0,0.00400427122263748,0.007228229203363668
48359,11647,One Crazy Smart Professor's Vision Of The Future – Hint: There's Food Involved,3682.0,3682.0,17.0,0.004617055947854427,0.014127723770420752
48360,11647,This Guy Knows His Stuff. So If He Says We're Gonna Need Vertical Farms? We're Gonna Need 'Em.,3674.0,3674.0,12.0,0.00326619488296135,0.006460648798899999
48471,11672,You Have Nothing To Fear Testifying In Front Of Senator Warren. As Long As You Know Facts. Woops.,5241.0,5241.0,37.0,0.007059721427208548,0.014804724490061991
48473,11672,Senator Reminds Official About What His Job Entails Since He Clearly Forgot For The Last 10 Years,5242.0,5242.0,38.0,0.007249141549027089,0.02334352284975446
48474,11672,Senator Warren Teaches A Federal Official Who Runs Student Loan Oversight How To Do His Own Damn Job,5275.0,5275.0,33.0,0.006255924170616114,0.01878098179677864
48475,11672,A Senator Invites An Official To Speak At The University Of You Will Be Held Accountable Right Now,5322.0,5322.0,26.0,0.004885381435550545,0.011759503534123606
48476,11672,The Guy In Charge Of Protecting Students From Banks Clearly Can't Based How This Senator Crushed Him,5307.0,5307.0,31.0,0.005841341624269832,0.018169035572185552
48477,11672,He's In Charge Of Protecting Students From Banks. He Forgot How That Job Works. So She Reminded Him.,5398.0,5398.0,24.0,0.00444609114486847,0.017081168449716577
48481,11673,A Homeless Man Went 'Business Casual' For An Afternoon And The Results Were Mighty Disturbing,5320.0,5320.0,90.0,0.016917293233082706,0.017102390446678536
48490,11676,"How Kids Get To School, Toys They Have, And Where They Live In Different Parts Of The World",5318.0,5318.0,40.0,0.00752162467092892,0.007415635304142974
48491,11676,It's Not A Mini-Vacation But It Is A Great 2 Minute Video That'll Help You See The World,5382.0,5382.0,30.0,0.005574136008918618,0.012593444260788669
48492,11676,5 Photo Essays That Show Just How Different (And The Same) We Really Are,5417.0,5417.0,27.0,0.0049843086579287425,0.007749774727547824
48523,11683,She Was Afraid To Speak Out About Sexism In The NFL. I'm Glad She's Not Holding Back Now.,5305.0,5305.0,39.0,0.007351555136663525,0.005822844817865673
48524,11683,She Was Afraid To Speak Out About Sexism In The NFL. She Could've Been Fired. Key Word: Was.,5334.0,5334.0,37.0,0.006936632920884889,0.00814503882088901
48525,11683,She Talked Herself Out Of Speaking Out About Sexism In The NFL. That's In The Past Now.,5233.0,5233.0,39.0,0.007452703993884961,0.002285066281905954
48526,11683,A FOX Sports Vlogger Was Afraid To Speak Out About Sexism In The NFL. Key Word: Was.,5293.0,5293.0,25.0,0.004723219346306443,0.01210917201401118
48527,11683,She Was Afraid To Speak Out About Sexism In The Football Industry. Key Word: Was.,5439.0,5439.0,32.0,0.0058834344548630265,0.013611493388992257
48657,11710,"First, They Try To Kill Jackie. Then This Incredible Rhino Shows up.",4967.0,4967.0,20.0,0.004026575397624321,0.011005481258143223
48658,11710,It's Always Fun Watching People Try To Kill Jackie Chan. But This Rhino Is A Whole Different Story.,4863.0,4863.0,23.0,0.004729590787579683,0.017210338730510425
48659,11710,Jackie Has A Ton Of Fun When People Try To Kill Him. Things Change When The Rhino Strolls In.,4913.0,4913.0,12.0,0.0024424994911459393,0.013093575721876544
48718,11724,"It's The Single Best Thing You Can Do For Your Health, And It's So Easy.",4396.0,4396.0,29.0,0.0065969062784349405,0.011490929421587574
48719,11724,"Here's The Single Best Thing You Can Do For Your Health, Period",4233.0,4233.0,44.0,0.010394519253484526,0.020415679759499157
48720,11724,The Single Best Thing You Can Do Every Day For Your Health Is Embarrassingly Obvious,4317.0,4317.0,44.0,0.010192263145703035,0.01842647851171244
48721,11724,It's The Single Best Thing You Can Do Every Day For Your Health. It's So Easy And Too Obvious.,4301.0,4301.0,28.0,0.006510113926993723,0.020936503483636897
48722,11724,The Single Best Thing You Can Do For Your Health Is Something Most 1-Year-Olds Know How To Do,4245.0,4245.0,29.0,0.006831566548881037,0.01838215225589253
48723,11724,Here's The Single Best Thing You Can Do Every Day For Your Health,4364.0,4364.0,20.0,0.00458295142071494,0.012709976729725186
48736,11727,How Hard Is Your State To Live In If You Are Gay?,3847.0,3847.0,45.0,0.011697426566155446,0.015321645046357846
48737,11727,How Hard Is Your State To Live In If You Are Not Straight?,3820.0,3820.0,54.0,0.014136125654450262,0.012075513948832007
48738,11727,How Hard Is Your State To Live In If You Are Gay?,3913.0,3913.0,35.0,0.008944543828264758,0.015321645046357846
48739,11727,How Hard Is Your State To Live In If You Are Gay? Ask The Map That Keeps Improving.,3801.0,3801.0,61.0,0.016048408313601683,0.013370564274417397
48740,11727,How Hard Is Your State To Live In If You Are Gay?,3820.0,3820.0,53.0,0.01387434554973822,0.015321645046357846
48741,11727,How Hard Is Your State To Live In If You Are Gay?,3892.0,3892.0,48.0,0.012332990750256937,0.015321645046357846
48974,11774,They Needed To Fund Their School. So They Made Cookies.,3579.0,3579.0,13.0,0.0036322995250069852,0.00700719606462054
48975,11774,"They Needed Funding For Their School. Cookies, Anyone?",3526.0,3526.0,9.0,0.0025524673851389677,0.01
48976,11774,"They Needed To Fund Their School. So They Made Cookies,  And Other Things.",3509.0,3509.0,11.0,0.003134796238244514,0.005681189098530667
48977,11774,"They Made Cookies To Help Fund Their School. Cookies, And So Much More.",3569.0,3569.0,10.0,0.002801905295601009,0.0023772295184461755
48978,11774,"To Help Fund Their School, They Made Cookies. But They're Also Making Lives So Much Better.",3576.0,3576.0,8.0,0.0022371364653243847,0.0029374168731118606
48979,11774,They Made Cookies. And They Also Made Lives So Much Better.,3678.0,3678.0,17.0,0.004622077215878194,0.01
49045,11786,"14 Of The Images In This Video Are Censored. The Last 1 Isn’t, And It’s The Most Disturbing.",4307.0,4307.0,133.0,0.03087996285117251,0.026329770359386773
49046,11786,"Many Of The Scenes In This Video Are Censored, But The Most Disturbing Ones Aren't",4324.0,4324.0,72.0,0.016651248843663275,0.028976793936562238
49047,11786,"14 Images In This Video Are Censored. The Last 1 Isn’t, And It’s By Far The Most Disturbing.",4333.0,4333.0,155.0,0.03577198246018925,0.028700150903325884
49048,11786,"Hollywood Would Censor 14 Of The Images In This Video, But Not The Most Disturbing 1",4286.0,4286.0,94.0,0.021931871208586095,0.02450294955154867
49049,11786,"Hollywood Would Censor 14 Of The Images In This Video, But It Didn't Censor The Most Disturbing 1",4356.0,4356.0,94.0,0.02157943067033976,0.025954290713373587
49050,11786,"45 Years Ago, An X-Rated Movie Won An Oscar. It Hasn't Happened Since.",4312.0,4312.0,107.0,0.02481447124304267,0.02503070706341899
49051,11786,"Even After 13 Decades Of Censorship In Film, The Most Disturbing Stuff Is Still Uncensored",4199.0,4199.0,96.0,0.02286258633007859,0.025230375999549443
49114,11798,A Hilariously Adorable Video That *Isn't* About A Cat. But Is About The C-Word.,4600.0,4600.0,46.0,0.01,0.005637512117093839
49115,11798,A Hilariously Adorable Video That *Isn't* About A Cat. But Is About A C-Word.,4734.0,4734.0,51.0,0.010773130544993664,0.00610678753091301
49116,11798,A Hilariously Adorable Video That *Isn't* About A Cat. But Is About Another C-Word.,4890.0,4890.0,53.0,0.010838445807770962,0.0024821375872404704
49177,11810,Viggo Mortensen Literally Reads Aloud From A Historian's Book And It's Riveting,4704.0,4704.0,43.0,0.009141156462585034,0.018326662276411436
49179,11810,An Actor You Know And Probably Love Literally Reads Aloud From A Historian's Book And It's Riveting,4857.0,4857.0,72.0,0.014823965410747375,0.00598398239891759
49180,11810,A Famous Actor With A Sexy Voice Literally Reads Aloud From A Historian's Book And It's Riveting,4656.0,4656.0,57.0,0.012242268041237113,0.006485185635497187
49181,11810,A Famous Actor Literally Reads Aloud About War From A Historian's Book And It's Riveting,4825.0,4825.0,60.0,0.012435233160621761,0.008671369083601785
49182,11810,A Big-Name Actor Narrates A Historian's Book And It's Absolutely Riveting,4684.0,4684.0,37.0,0.007899231426131512,0.012539511269698314
49239,11823,"""Cookie-Cutter"" Culture Is Eyeing A Place In The Woods But These Islanders Want The Last Word",3140.0,3140.0,10.0,0.0031847133757961785,0.01
49240,11823,She Went Up A Tree To Save A Forest. Now They're Singing About It.,3127.0,3127.0,10.0,0.0031979533098816758,0.01
49241,11823,"People Are All So Busy It's Hard To Grab Any Attention, So This 19-Year-Old Climbed A Tree.",3005.0,3005.0,17.0,0.005657237936772047,0.0192976111182305
49242,11823,This Community Just Lost 830 Big Trees. So Why Are They Singing And Dancing?,3092.0,3092.0,6.0,0.0019404915912031048,0.005253796937653163
49243,11824,One President Really Believed In The Minimum Wage. The Others? I'm Not So Sure.,3109.0,3109.0,16.0,0.005146349308459312,0.012668532543014161
49244,11824,"In Real $$, The Minimum Wage Has Been Falling Ever Since LBJ Left The Building",3004.0,3004.0,11.0,0.0036617842876165113,0.011298380402796205
49245,11824,You May Think The Minimum Wage Has Gone Up And Up And Up. The Truth Is Much More Interesting.,3148.0,3148.0,24.0,0.007623888182973317,0.011042933258478518
49246,11824,The U.S. Minimum Wage Was Worth The Most Right About The Time That John And Yoko Got Naked,3080.0,3080.0,11.0,0.0035714285714285713,0.02049874564069684
49293,11833,"To All Those Who Take Joy In Other People's Suffering, We Are Stronger. Love, The Rest Of Us.",3649.0,3649.0,36.0,0.009865716634694436,0.00854521174731808
49294,11833,Some People Take Joy In Other People's Suffering. We Can't Let Them Win.,3722.0,3722.0,38.0,0.010209564750134336,0.011174044244431226
49296,11833,"Folks, *This* Is How You Deal With Internet Trolls",3781.0,3781.0,44.0,0.011637133033588997,0.014110502710978507
49297,11833,"Listen To A Guy Call Out Internet Bullies In A Beautiful, Definitive Way",3624.0,3624.0,42.0,0.011589403973509934,0.020619120664464495
49341,11842,Popeye Built His Muscles Without It And So Can You,4876.0,4876.0,20.0,0.004101722723543888,0.012570023324221302
49342,11842,It Comes In All Shapes And Flavors But A Small Amount Goes A Long Way,4826.0,4826.0,21.0,0.00435142975549109,0.01048105739112074
49343,11842,"It Makes You Big And Strong, But Can You Overdose?",4952.0,4952.0,13.0,0.0026252019386106625,0.0053946007337547655
49344,11842,A Sure-Charcoal-Fired Way To Increase Your Risk Of Dying Prematurely By 13%,4728.0,4728.0,24.0,0.005076142131979695,0.02108968598428818
49345,11842,"One Small Thing Your Family Can Do Each Week To Save 1,160 Miles Worth of Greenhouse Gas Emissions!",4734.0,4734.0,11.0,0.0023236163920574565,0.008661099238878837
49400,11854,"He Called Her A Witch, A B****, And More. Then She Gave The Speech Of The Century.",4756.0,4756.0,88.0,0.018502943650126155,0.022787463742499504
49402,11854,He Was Sexist To Her For Years. Then She Gave The Speech Of The Century.,4819.0,4819.0,99.0,0.020543681261672546,0.021684731302257156
49403,11854,"After He Called Her A B****, She Gave The Speech Of The Century.",4874.0,4874.0,105.0,0.021542880590890438,0.024342274348502085
49404,11854,She Gave The Misogyny Speech Of The Century. Now It's Set To Music.,4796.0,4796.0,71.0,0.014804003336113428,0.021195085962893934
49464,11867,Elmo And An Oscar Winner Have A Deep Discussion About Race. For Kids.,6061.0,6061.0,36.0,0.005939613925094869,0.022966007625147927
49465,11867,Watch Oscar Winner Lupita Nyong’o’s Say Something Pretty Darn Revolutionary For A TV Show,5914.0,5914.0,44.0,0.0074399729455529254,0.022444966107474592
49466,11867,Elmo Just Told This Oscar Winner That She Has Brown Skin. Newsflash: That's Not Racist,5942.0,5942.0,56.0,0.009424436216762033,0.01994001249287957
49467,11867,Watch Elmo Demonstrate The Right Way To Point Out Someone's Skin Color,5712.0,5712.0,110.0,0.019257703081232494,0.014118387442112556
49468,11867,See An Oscar-Winning Actress Say Something We Don't Often Hear On TV. I'm Glad She Said It To Kids.,5886.0,5886.0,80.0,0.013591573224600747,0.021328093580110178
49469,11867,We Don't Really Hear These Words Too Often On TV. I'm Glad They Were Said To Kids.,5725.0,5725.0,45.0,0.007860262008733625,0.019352017360680356
49544,11883,The Shirtless Guy Coming Out Of The Water Looks Like James Bond For A Reason,6528.0,6528.0,38.0,0.005821078431372549,0.014590679233222149
49545,11883,"A Contest To Help Save The Great Barrier Reef Involves A Turtle, A Sea Horse, And 8 Costume Changes",6569.0,6569.0,27.0,0.004110214644542549,0.01
49547,11883,Proof That A Guy Looks Even Better In A Bikini When He's Promoting Something Really Important,6606.0,6606.0,39.0,0.005903723887375113,0.019079165855614973
49570,11888,"Coming Out Can Be Hard, But It's Less Hard When Your Mom Responds Like This Kid's Did",6519.0,6519.0,360.0,0.05522319374137138,0.025294117251628317
49571,11888,A Mom Waited Until The Perfect Moment To Talk With Her Son About Her Sexuality,6600.0,6600.0,356.0,0.05393939393939394,0.017221858566788012
49572,11888,A Teen Comes Out To His Mom But His Mom Actually Steals The Show,6602.0,6602.0,811.0,0.12284156316267798,0.022018128745591725
49573,11888,A Teen Came Out To His Mom. I Don't Think He Saw Her Response Coming.,6579.0,6579.0,615.0,0.09347925216598267,0.02649354080171233
49589,11892,It's Not A Word That People Use To Talk About Things In America But That Doesn't Mean It's Not True,5766.0,5766.0,34.0,0.005896635449184877,0.012959053375964504
49590,11892,Here's What Happens To Black Bodies In America. It's A Very Serious Word. And It's Been Used Before.,5743.0,5743.0,85.0,0.014800626850078356,0.0168883177045031
49591,11892,They're Accusing America Of A Very Serious Crime - And Asking Others To Join Them,5715.0,5715.0,50.0,0.008748906386701663,0.01
49592,11892,They've Looked At The Evidence And Finally Know What To Call The Crime. Now They're Ready To Charge.,5676.0,5676.0,25.0,0.004404510218463707,0.01297684057675098
49593,11892,These Young People Are Pouring Blood On Themselves. The Reason Is Just As Awful It Sounds.,5708.0,5708.0,151.0,0.026454099509460406,0.023607260515186697
49594,11892,I Super Uncomfortable When I Saw This And That's The Point. The Reality Is Even More Upsetting.,5849.0,5849.0,102.0,0.017438878440759104,0.01329049183343059
49601,11894,"Coming Out Can Be Hard, But It's Less Hard When Your Mom Responds Like This Kid's Did",5502.0,5502.0,121.0,0.021992002908033444,0.025338348041192966
49602,11894,A Mom Waited Until The Perfect Moment To Talk With Her Son About Her Sexuality,5770.0,5770.0,82.0,0.014211438474870018,0.01719960851689664
49603,11894,A Teen Comes Out To His Mom But His Mom Actually Steals The Show,5744.0,5744.0,176.0,0.03064066852367688,0.022018128745591725
49604,11894,A Teen Came Out To His Mom. I Don't Think He Saw Her Response Coming.,5871.0,5871.0,157.0,0.026741611309827967,0.026430898349616698
49624,11899,"Hey, Baby! Let Playboy Help You Figure Out What To Say To Strange Women On The Street.",5204.0,5204.0,37.0,0.007109915449654112,0.016366755311034934
49625,11899,The Gentleman’s Guide To Street Harassment (A Flow Chart),5168.0,5168.0,59.0,0.01141640866873065,0.013300029141604127
49626,11899,"Playboy Offers Helpful Advice About Street Harassment (No, Really)",5166.0,5166.0,53.0,0.010259388308168796,0.01695264121694336
49647,11904,Playboy Says That It's Not *Never* Okay To Catcall A Lady,5036.0,5036.0,20.0,0.003971405877680699,0.016125963659279867
49648,11904,It's Not *Never* Okay To Catcall ...,5157.0,5157.0,15.0,0.0029086678301337987,0.014392349747300059
49664,11908,The Most Eloquent Way To Shutdown An Internet Troll's Horrible Ideas,5062.0,5062.0,45.0,0.008889766890557092,0.01891941937743791
49718,11918,"This Girl Has More Common Sense, Compassion And Empathy Than Most Adults",4322.0,4322.0,32.0,0.007403979639055993,0.02185120124757555
49719,11918,"Just Over 20 Years Ago, One Little Girl Stunned The World With 5 Minutes Of Brilliance",4415.0,4415.0,63.0,0.014269535673839184,0.018813163547596323
49720,11918,"When This Brave Little Girl Spoke To The U.N., I Think They Had No Idea What They Were In For",4296.0,4296.0,42.0,0.009776536312849162,0.027140796030965145
49755,11927,Watch A Psychologist Answer The Question Many Of Us Have Been Too Scared To Ask,3594.0,3594.0,33.0,0.009181969949916527,0.028367384926461764
49756,11927,Watch Her Answer The Question Many Of Us Have Been Too Scared To Ask,3645.0,3645.0,26.0,0.007133058984910837,0.02369361582579918
49757,11927,Watch A Psychologist Answer The Question Many Of Us Have Never Asked,3454.0,3454.0,38.0,0.011001737116386797,0.030343616604231596
49758,11927,Watch A Psychologist Answer The Question We Have Been Too Scared To Ask,3598.0,3598.0,38.0,0.010561423012784881,0.03068490766284088
49759,11927,"At 0:46, Watch A Psychologist Answer The Question We've Been Too Scared To Ask At",3537.0,3537.0,38.0,0.010743567995476393,0.021926830081947846
49760,11927,Watch A Psychologist Tell Us What No One Ever Told Us About Sex Offenders,3715.0,3715.0,42.0,0.011305518169582772,0.025971516127294196
49761,11927,A Psychologist Talks About Sex Offenders. You Might Be Surprised.,3551.0,3551.0,37.0,0.010419600112644326,0.019544058780625928
49766,11929,"The Answer To Their Problem Is So Obvious, But They Don't See It At First. Would You?",3530.0,3530.0,14.0,0.00396600566572238,0.016558140358013028
49768,11929,"It's An Old Story, But The Way They Animate It Is Breathtaking",3631.0,3631.0,36.0,0.009914624070503994,0.01194813751361112
49769,11929,They Fight Trying To Solve The Puzzle. The Solution Is Staring Them In The Face The Whole Time.,3597.0,3597.0,31.0,0.008618293021962747,0.011446476126479858
49776,11931,"I Totally Got Into This Minimum Wage Timeline, And I've Been Trying To Wrap My Head Around It For Days",4136.0,4136.0,32.0,0.007736943907156673,0.015846191870238314
49778,11931,"This Minimum Wage Timeline Video Looks Simple, But I Keep Realizing New Things It's Saying",4041.0,4041.0,27.0,0.0066815144766146995,0.014176686242421879
49779,11931,I've Been Trying To Understand This  Minimum Wage Timeline Video For Days. It's Very Tricky.,3931.0,3931.0,33.0,0.00839481048079369,0.01142459784304135
49780,11932,Meet The 13-Year-Old Who Just Pitched A Fastball Through The Insult 'You Throw Like A Girl',3597.0,3597.0,41.0,0.011398387545176535,0.02174527501400398
49781,11932,Why The Perfect Response To 'You Throw Like A Girl' Is 'Thank You',3461.0,3461.0,32.0,0.009245882692863335,0.013367787105951235
49782,11932,"This 13-Year-Old Girl Is Going Places - Almost As Far As Her Balls. (It's About Sports, Folks)",3588.0,3588.0,17.0,0.004738015607580825,0.017006610987301628
49783,11932,Meet The 13-Year-Old Girl Who Proves Throwing 'Like A Girl' Is Not An Insult,3721.0,3721.0,24.0,0.0064498790647675355,0.024057983615255147
49784,11932,Anyone Who Thinks 'You Throw Like A Girl' Is An Insult Hasn't Seen This 13-Year-Old Play,3562.0,3562.0,19.0,0.005334081976417743,0.017482346063544388
49785,11933,Morgan Freeman Needs Just 62 Seconds To Inspire All Of Us About The Future Of Our Planet,3347.0,3347.0,29.0,0.008664475649835674,0.011612187297562259
49804,11937,"Over 20 Years Ago, A Little Girl Stunned People Around The World With 5 Minutes Of Brilliance",4105.0,4105.0,78.0,0.01900121802679659,0.019058956755627868
49805,11937,"A Little More Than 20 Years Ago, One Little Girl Stunned A Crowd With 5 Minutes Of Brilliance",4059.0,4059.0,72.0,0.017738359201773836,0.015832371384745886
49806,11937,"Over 20 Years Ago, A Little Girl Stunned People From Around The World With 5 Minutes Of WOW",4123.0,4123.0,67.0,0.016250303177298083,0.023161278351385567
49807,11937,"In 1992, A Little Girl Stunned People From Around The World By Repeating 'I Am Only A Child'",4182.0,4182.0,88.0,0.021042563366810138,0.019620696112995082
49836,11943,The Mirror That Changes The Way Women Look At Themselves,4072.0,4072.0,70.0,0.01719056974459725,0.0192965361378631
49837,11943,The Magical Mirror That Talks Back To Women... In The Middle Of A Shopping Mall,4113.0,4113.0,44.0,0.010697787503039144,0.021842033991824182
49838,11943,These Women Walked Up To A Talking Mirror And Were Shocked At What It Said To Them,4079.0,4079.0,39.0,0.009561166952684481,0.025610412485260206
49839,11943,The Talking Mirror That Tells Women What They Don't Tell Themselves,4037.0,4037.0,54.0,0.013376269507059698,0.019336638950702718
49953,11966,A 2 Or 3 Letter Word Could Be Offensive To Someone You Know,4171.0,4171.0,61.0,0.0146247902181731,0.01871784759196834
49993,11974,Who's The Best Role Model On The Street ... This Guy,4273.0,4273.0,14.0,0.003276386613620407,0.016295458557233605
49994,11974,What Makes Him So Chic? Sometimes It's What You Have And Sometimes ... It's What You Don't,3980.0,3980.0,24.0,0.006030150753768844,0.004225820447283816
49996,11974,"You Might Have Seen 100's Of Cat Videos, But None As Cool As His",4126.0,4126.0,45.0,0.010906446921958314,0.010938133105480377
50020,11980,2 Vets Spent 45 Years Together. Now The Widower Is Taking On The Battle Of A Lifetime.,4023.0,4023.0,31.0,0.007705692269450659,0.017204459102332134
50021,11980,"He Served His Country, Now All He's Asking For Is A Bit Of Justice",4038.0,4038.0,12.0,0.0029717682020802376,0.010841013314989682
50022,11980,"2 Vets Spend 45 Years Together, After 1 Dies, The Other's Told His Marriage Didn't Count",4067.0,4067.0,60.0,0.014752889107450208,0.023870848057504765
50024,11980,He Was A Vet And A Good Husband So Of Course He's Treated With Respect ... Right?,4140.0,4140.0,13.0,0.003140096618357488,0.011865256532474243
50025,11980,"2 Vets Fell In Love, Got Married And Lived Happily Ever After ... Or Should Have",4186.0,4186.0,31.0,0.007405637840420449,0.01636215267195841
50026,11980,"2 Vets Spend 45 Years Together, After 1 Dies,  The Other's Told Their Marriage Wasn't Real",4037.0,4037.0,55.0,0.013623978201634877,0.027053371905313976
50027,11980,He Served His Country But What They're Serving Him Back Is A Load Of Crap,4035.0,4035.0,16.0,0.003965303593556382,0.015108313530701384
50028,11980,How A Vet If Battling For A Basic Human Right ... And The Love Of His Life,4236.0,4236.0,21.0,0.004957507082152974,0.01
50324,12033,"Move Over, Hermione. Emma Watson's Got A New Job. And It's Pretty Badass.",6384.0,6384.0,108.0,0.016917293233082706,0.023168453286134875
50325,12033,Watch This Incredible Young Woman Prove She's More Than Just A Harry Potter Actress,6522.0,6522.0,116.0,0.01778595522845753,0.02040021969788563
50326,12033,"More Than Just A Wizard On A Movie Screen, She’s A UN Role Model For Girls Everywhere",6382.0,6382.0,53.0,0.008304606706361642,0.015603380950874272
50327,12033,‘Harry Potter' Actress Emma Watson Is Asking For Your Help. YES YOU.,6437.0,6437.0,77.0,0.011962094143234426,0.011165986274720683
50328,12033,Watch Emma Watson Share Her History With Feminism,6469.0,6469.0,53.0,0.008192920080383366,0.016714470734833363
50330,12033,"This Famous Actress Considers Herself One Of The Lucky Ones. One Of What, You Ask?",6535.0,6535.0,69.0,0.010558530986993114,0.017253629825461525
50331,12033,Watch The Whole Speech By Emma Watson. It’s That Good.,6376.0,6376.0,112.0,0.01756587202007528,0.02274835870837148
50332,12033,Emma Watson Reminds Men That Gender Equality Is Their Issue Too,6473.0,6473.0,69.0,0.01065966321643751,0.02279197572006878
50346,12037,A 5-Minute Discussion Could Save Your Kid's Life. How About You Go Do That Now?,4162.0,4162.0,40.0,0.009610764055742432,0.00382126764185204
50347,12037,Here's An Easy Thing You Can Do To Make Your Family Safe,4103.0,4103.0,18.0,0.004387033877650499,0.007244095880394914
50348,12037,"Don't Be Paranoid, But Your Kids Will Thank You If You Have A Plan",4099.0,4099.0,20.0,0.0048792388387411565,0.011841896970084169
50423,12052,A Little Girl Killed Three Monkeys. Several Boys Were Impressed.,7224.0,7224.0,66.0,0.009136212624584718,0.016945239450011945
50425,12052,It's Like Title IX For Nerds,7382.0,7382.0,30.0,0.00406393931183961,0.0023416377376695883
50426,12052,"Boy Or Girl? If They're Good With A Sword And A Spellbook, It Doesn't Matter.",7496.0,7496.0,40.0,0.005336179295624333,0.009964174788254551
50427,12052,Lesson Learned From Harry Potter: Adventures Are Better When Boys And Girls Fight Monsters Together.,7453.0,7453.0,31.0,0.004159398899771904,0.014950315861207979
50494,12065,Joseph Gordon Levitt Isn't Afraid To Admit He's A Feminist. Now He Wants To Take It A Step Further.,7275.0,7275.0,61.0,0.008384879725085911,0.009802216318825972
50496,12065,"Joseph Gordon-Levitt Seemed Perplexed By These Opinions, But For Some People, It’s Not Surprising",7352.0,7352.0,54.0,0.0073449401523395,0.02236027955564201
50497,12065,Noted Feminist Joseph Gordon Levitt Needs Your Help. YES YOU.,7353.0,7353.0,48.0,0.006527947776417789,0.009457599537559098
50498,12065,Maybe If We Hear Joseph Gordon Levitt Define Feminism We Can Finally Understand It,7569.0,7569.0,61.0,0.008059188796406394,0.011524899864315463
50499,12065,"Joseph Gordon Levitt's Voice Is Pretty Deep, But His Thoughts On Women Are Deeper",7471.0,7471.0,81.0,0.010841922098781957,0.018509244048578337
50533,12073,"30 Seconds In, The Whimpering Dog Hits Me Right In The Gut",7227.0,7227.0,40.0,0.005534800055348001,0.011686585784350053
50534,12073,I've Gotta Admit: This 1 Minute Ad Hit Me Right In The Gut. And All Thanks To A Whimpering Dog.,7147.0,7147.0,50.0,0.006995942353435008,0.01557706466635483
50535,12073,This Ad Nearly Destroyed Me. But It Teaches An Important Lesson.,7073.0,7073.0,39.0,0.0055139261982185776,0.019559108589302158
50537,12073,I've Gotta Admit: This Video Hits Me Right In The Gut When I Hear The Dog Whimper,7179.0,7179.0,41.0,0.005711101824766681,0.00881385343936034
50538,12073,"This Gut-Punch Ad Is Here, If You Needed Another Reason To Not Drink & Drive",7255.0,7255.0,51.0,0.007029634734665747,0.015589848243852872
50539,12073,"Sadly, Some Dogs Never Stop Waiting For Their Owner To Return",7053.0,7053.0,26.0,0.0036863745923720404,0.0210875939903715
50592,12084,We Think A Lot About What Happens When The Military Arrives. But What About When It Leaves?,7009.0,7009.0,28.0,0.0039948637466115,0.009694980374301542
50593,12084,The U.S. Military Manages 19 Million Acres. Here's What Happened to 28K Of Them.,7029.0,7029.0,48.0,0.006828851899274435,0.01327056452989407
50594,12084,"A Town of 35,000 Disappeared in 1994. Part Of What Got Left Behind Is ""The Impossible City.""",6948.0,6948.0,62.0,0.008923431203223949,0.009606334211679758
50595,12084,Who Moves In When Military Bases Move Out?,6931.0,6931.0,28.0,0.004039821093637282,0.010964429128720251
50599,12086,No You're Not Seeing Things. This Dog Is Actually Driving. Maybe Even Better Than You.,6924.0,6924.0,35.0,0.005054881571346043,0.009557515365806558
50600,12086,Have You Ever Seen A Dog Drive? Well You're About To. Get Ready To Be Impressed.,7056.0,7056.0,34.0,0.00481859410430839,0.006718394410028096
50601,12086,The Next Time You Need A Ride You Might Wanna Call Porter: The Real Life Driving Dog,7056.0,7056.0,32.0,0.0045351473922902496,0.011039902906323593
50602,12086,"I've Seen Some Amazing Dog Tricks But I've Never Seen One Drive. Oh Ya, I'm Impressed.",6949.0,6949.0,33.0,0.0047488847316160595,0.0035434979874504925
50603,12087,A Dog Version Of Pharrell's 'Happy' Won't Make Your Jaw Drop But Will Make It Go Awwwwe,6887.0,6887.0,27.0,0.003920429795266444,0.01179267298233086
50604,12087,You've Heard Pharrell's 'Happy' Song. But It Has Nothing On The Dog Version: Yappy.,6874.0,6874.0,42.0,0.006109979633401222,0.011953167949691847
50605,12087,Looks Like Pharrell's 'Happy' Song Has Some Big Furry Competition With 'Yappy',7113.0,7113.0,21.0,0.0029523407844791226,0.005724430902174846
50606,12087,It Might Be The Only Time You'll Really Wanna Hear Dogs Be Yappy. Maybe Even Twice.,7023.0,7023.0,24.0,0.0034173430158052115,0.002576446620541413
50607,12087,Their Version Of Pharrell's 'Happy' Won't Make Your Jaw Drop But Will Make It Go Awwwwe,6969.0,6969.0,41.0,0.005883197015353709,0.010084544021323569
50631,12093,She Waited A Year To Tell Congress She Isn’t A Welfare Queen. Here's Her Story.,5346.0,5346.0,36.0,0.006734006734006734,0.013206146704610847
50632,12093,"Paul Ryan Said She Couldn't Testify, So She Waited A Year To Tell Him She Isn't A Welfare Queen.",5323.0,5323.0,36.0,0.006763103513056547,0.02252623235090061
50634,12094,She Waited A Year To Tell Congress She Isn’t A Welfare Queen. Here's Her Story.,5394.0,5394.0,47.0,0.008713385242862439,0.013206146704610847
50636,12094,"Paul Ryan Said She Couldn't Testify, So She Waited A Year To Tell Him She Isn't A Welfare Queen.",5346.0,5346.0,42.0,0.007856341189674524,0.022539518693768863
50841,12135,What's Up With Hollywood's Take On Girls Getting Their Period?,5910.0,5910.0,58.0,0.009813874788494078,0.018617727369938313
50843,12135,When Girls Get Their Period In Movies,5936.0,5936.0,69.0,0.01162398921832884,0.02457829452508175
50844,12135,The Only Crimson Wave I Wanna Ride Is The One Straight To This Conversation,5980.0,5980.0,27.0,0.0045150501672240806,0.00916163913751528
50845,12135,The Only Thing Embarrassing About When Girls Get Their Period Is How The Media Portrays It,5932.0,5932.0,58.0,0.009777478084962913,0.024006772559020263
50902,12148,"Watch This Cute Little Guy Swim Around ... WAIT, WHAT ARE THEY DOING TO THAT FISH!?",7072.0,7072.0,37.0,0.005231900452488687,0.018135391383499094
50903,12148,What Do Coal Ships Have To Do With A Clown Fish In A Blender? The Answer Is Unsettling.,7046.0,7046.0,14.0,0.0019869429463525404,0.013113352076290927
50904,12148,"A Video That's Not Safe For Children Has No Sex, Violence, Or Bad Words",7148.0,7148.0,50.0,0.006994963626189144,0.02176818727519028
50905,12148,"The Sound At The End Of This PSA Is Terrifying, But You Need To Hear It",7303.0,7303.0,28.0,0.0038340408051485693,0.017487857433793854
50924,12154,Some Tweenage Wizards School The Adult World On Gender Equality,7136.0,7136.0,17.0,0.002382286995515695,0.009869635910663269
50925,12154,Some 9-Year-Old Wizards Call A Truce In The Battle Of The Sexes,7298.0,7298.0,11.0,0.0015072622636338722,0.01595189608769578
50927,12154,Adults Are Bad At Gender Equality. Can Some Tweenage Wizards Do Better?,7245.0,7245.0,28.0,0.003864734299516908,0.02018194527449676
50956,12160,"The American Disease That's Spreading Across The Globe Isn't Airborne, It's Thought-Borne.",4208.0,4208.0,12.0,0.0028517110266159697,0.016593117822829868
50957,12160,Took Me Maybe 10 Minutes To Read A Cartoon About One Man. It Stayed In My Mind For *Much* Longer.,4224.0,4224.0,13.0,0.003077651515151515,0.011732433949828647
50958,12160,He Says Its Free Speech. They Say It’s Persecution. I Never Knew This Story.,4160.0,4160.0,20.0,0.004807692307692308,0.015258649293443338
50959,12160,"When I Learned That We’re Exporting American-style Hate To Other Countries, I Was Floored.",4198.0,4198.0,15.0,0.0035731300619342545,0.014235931873146142
50960,12160,Being Outspoken About Homosexuality Is Illegal In Some Countries. It All Started In America.,4246.0,4246.0,14.0,0.003297220913801225,0.01774472903455786
51020,12173,Put 3 Women In A Room And 1 Will Have A Story That Gives You Nightmares. That's Why They Did It.,6449.0,6449.0,43.0,0.006667700418669561,0.010524958398825768
51022,12173,Put 3 Women In A Room And 1 Will Have A Story That Gives You Chills. That's What They're Up Against.,6378.0,6378.0,43.0,0.006741925368454061,0.006572702975605586
51023,12173,"Put 3 Women In A Room And 1 Will Have A Story That Gives You Chills. They Said, 'No More.'",6306.0,6306.0,32.0,0.00507453219156359,0.010576646911441955
51024,12173,Put 3 Women In A Room And 1 Will Have A Story That Gives You Chills. Here's What They Did About It.,6452.0,6452.0,47.0,0.007284562926224427,0.01013124771032808
51043,12178,For Some Reason The World Seems To Believe These People Don't Get Married,6605.0,6605.0,38.0,0.005753217259651779,0.010181662753720514
51045,12178,For Some Reason The World Believes These Folks Won't Ever Plan A Wedding,6499.0,6499.0,30.0,0.004616094783812894,0.010771875889810536
51102,12190,"8,000 People Can Have Clean Water And It Starts With You Watching A 3 Minute Video",6296.0,6296.0,6.0,0.0009529860228716646,0.00538490890674964
51103,12190,"We Have 7 Days To Provide Something Essential For 8,000 People And Bill Gates Is Going To Help",6123.0,6123.0,6.0,0.0009799118079372856,0.014452713391320142
51104,12190,An Gripping Message That Made Me Not Want To Look Away. I Hope It Does The Same For You.,6090.0,6090.0,11.0,0.00180623973727422,0.015198049234469565
51105,12190,Bill Gates Needs Your Help To Give Away Some Of His Money,6106.0,6106.0,4.0,0.0006550933508024893,0.011508794596072836
51208,12211,Watch This Incredible Young Mother Bring A Room Full Of World Leaders To Tears,3830.0,3830.0,33.0,0.008616187989556136,0.016446506621426472
51209,12211,Watch An Incredible Young Woman Bring A Room Full Of World Leaders To Tears With Her Touching Poem,3818.0,3818.0,28.0,0.007333682556312206,0.022227707389738116
51211,12211,Watch An Incredible Young Woman Bring A Room Full Of World Leaders To A Standing Ovation,3807.0,3807.0,40.0,0.010506960861570791,0.02452423121172132
51212,12211,Watch An Incredible Young Woman Make A Bunch Of World Leaders Cry,3986.0,3986.0,39.0,0.009784244856999498,0.023082278439784144
51214,12211,This In: An Incredible Young Woman Brings World Leaders To Tears Today,3994.0,3994.0,29.0,0.007260891337005508,0.017880901949295074
51350,12243,"At First, I Thought These Kids Were In Trouble. To One Cop, They're A Joy.",3663.0,3663.0,20.0,0.00546000546000546,0.010951699403429473
51351,12243,"At First, I Thought These Kids Were In Trouble. But To One Big-Hearted Cop, They're A Joy.",3638.0,3638.0,23.0,0.0063221550302363936,0.01182577313239878
51352,12243,"At First, I Thought These Were Kids In Trouble. But To This Cop, They're A Joy.",3607.0,3607.0,32.0,0.00887163848073191,0.01223106830578974
51353,12243,"At First, I Thought These Kids Were In Serious Trouble. But To One Cop, They're A Joy.",3653.0,3653.0,37.0,0.010128661374212975,0.013459011213990398
51477,12273,Some YouTubers Decided Assaulting Women Was A Good Idea. Here's An Actually Good Idea To Stop Them.,4240.0,4240.0,23.0,0.005424528301886792,0.01645594703502508
51478,12273,A Guy Named Sam Pepper Assaulted Women On Camera To Prove That Men Are Assaulted Too. Just No.,4449.0,4449.0,51.0,0.011463250168577209,0.015379737878324702
51479,12273,"When You Get Millions Of People To Watch You Harass Women, You're Gonna Get What You Deserve",4324.0,4324.0,27.0,0.006244218316373728,0.020711405345156142
51481,12273,He Thinks Assaulting Women Is Funny. Maybe He Should Stop Thinking Now. Or Talking Ever.,4444.0,4444.0,45.0,0.010126012601260125,0.022667934546673013
51482,12273,"When 'Grope' And 'Prank' Are Said In The Same Sentence, That's A Problem",4409.0,4409.0,22.0,0.004989793603991835,0.010312177837058427
51483,12273,"He Thought Harassing Women Was A Funny Prank. Well, Women Are Responding. He's Not Laughing.",4383.0,4383.0,44.0,0.01003878621948437,0.023731868223462405
51484,12273,"When You Assault Women To 'Raise Awareness' About Male Assault, That Just Makes You Another A-Word",4428.0,4428.0,18.0,0.0040650406504065045,0.014073157105456698
51485,12274,She Was Asked To Take Her Clothes Off So We Could Hear What Was Underneath,4152.0,4152.0,100.0,0.024084778420038536,0.017843648180220342
51486,12274,A Model Was Asked To Take Her Clothes Off So We Could Hear What Was Underneath,4182.0,4182.0,114.0,0.027259684361549498,0.02653384607349675
51487,12274,She Was Asked To Take Her Clothes Off So We Could Hear What Was Underneath,4037.0,4037.0,89.0,0.022046073817190984,0.017849801468610208
51488,12274,A Model Was Asked To Get Naked So We Could Learn About What Is Underneath Everything,4031.0,4031.0,99.0,0.024559662614735796,0.021988005007367563
51565,12291,"When An Evangelical Says That The Earth Is Running A Fever, I’m Ready To Cheer",4101.0,4101.0,13.0,0.0031699585466959277,0.0063798712433890264
51566,12291,"She Crunches Data And She Talks To Jesus, And She's Got A Message For Evangelicals",4129.0,4129.0,21.0,0.005085977234197142,0.010051462545603542
51567,12291,Evangelicals Send A Pastor’s Wife Hate Mail Because She’s A Leading Climate Scientist,4098.0,4098.0,26.0,0.00634455832113226,0.009452026591404481
51568,12291,Could 1 Woman Change The Minds Of 80 Million People Who Don’t Believe In Climate Change?,4263.0,4263.0,15.0,0.003518648838845883,0.005961712752660272
51569,12291,"She’s One Of TIME's Most Important People, A Scientist, A Pastor’s Wife, And Awesome",4010.0,4010.0,12.0,0.0029925187032418953,0.015328687311950345
51570,12291,"This Climate Scientist Is Also An Evangelical Christian, And All I Can Say Is Hallelujah",4071.0,4071.0,15.0,0.0036845983787767134,0.0031047618984480635
51665,12310,13 Images To Help You See Just How *Stupid* (But Funny) Stereotypes Really Are,3481.0,3481.0,58.0,0.016661878770468257,0.024084637305016907
51666,12310,"Every Time I Laughed At These 13 Images, I Was Like, 'Wait. Whoa.'",3709.0,3709.0,39.0,0.010514963602049069,0.02054868718352346
51667,12310,13 Images Where You're Laughing And Then Like Whoa Dude *Life* Is Happening,3642.0,3642.0,33.0,0.009060955518945634,0.01441864267408668
51668,12310,13 Images To Help You See Just How Silly Stereotypes Really Are,3577.0,3577.0,65.0,0.01817165222253285,0.028298499115510915
51669,12310,13 Images. I'm Cracking Up! WAIT. That's Some Realness.,3514.0,3514.0,33.0,0.009391007398975526,0.01309371485769879
51670,12310,13 Actually Funny Images To Help You See Just How Silly Stereotypes Really Are,3604.0,3604.0,53.0,0.014705882352941176,0.025190752053243393
51671,12310,13 Hilarious Images To Help You See Just How Silly Stereotypes Really Are.,3551.0,3551.0,84.0,0.023655308363841172,0.02709740149722546
51743,12325,He Accepted That He Was Going To Lose His Life … That’s When He Really Started Living,4692.0,4692.0,25.0,0.005328218243819267,0.012253473115221578
51744,12325,His Parents Were Gone. He Was Broke. He Almost Died. Then Came This Moment.,4539.0,4539.0,32.0,0.007050011015642212,0.013511206312404336
51745,12325,"If You Were About To Die, Would Your Last Words Be ‘But What About My After Tax Income?’",4770.0,4770.0,18.0,0.0037735849056603774,0.013502723715716917
51746,12325,His Hands Were Tied Behind His Back. A Gun Was Pointed At His Head. That's When He Started Living.,4585.0,4585.0,36.0,0.007851690294438387,0.01003088787030396
51827,12344,It's What Happens When California Scientists Stop Talking Start Mapping,5647.0,5647.0,13.0,0.0023021073136178503,0.0015852637108135599
51828,12344,California Is Mighty Thirsty And These 10 Maps Show How To Look At It,5596.0,5596.0,13.0,0.002323087919942816,0.007075679257034281
51829,12344,Let's All Agree To Stop Talking About Climate Change And Start Looking At This Map,5531.0,5531.0,17.0,0.0030735852467908154,0.008212685303473043
51830,12344,"Finally, A Way To Understand the Draught In California That's Understandable",5512.0,5512.0,15.0,0.00272133526850508,0.009609704740005219
51831,12344,A Buncha Maps That Make What's Happeninng In California REAL,5480.0,5480.0,13.0,0.0023722627737226276,0.0063009867932725784
51879,12355,Kids Saying Things That I Wish A Lot More Grown-Ups Would Say,5515.0,5515.0,45.0,0.008159564823209429,0.016454808887052346
51880,12355,"If A Lot More Grown-Ups Start Thinking Like These Kids, The World Just Might Stand A Chance",5649.0,5649.0,21.0,0.0037174721189591076,0.012853242621461569
51881,12355,8 Kids Who Know The End Is Near — Unless A Lot More Grown-Ups Start Thinking Like Them,5496.0,5496.0,31.0,0.005640465793304222,0.012147594513899365
51882,12355,These Kids Don't Play Around When It Comes To Their Future. So Why Do So Many Grown-Ups?,5433.0,5433.0,20.0,0.003681207436039021,0.010138994902897823
51883,12355,Kids Saying Things That I Wish More Adults Would Say,5675.0,5675.0,45.0,0.007929515418502203,0.020791687485662045
51884,12355,Whoever Said Climate Change Was A Grown-Up Issue Clearly Hasn't Met These Kids,5547.0,5547.0,22.0,0.003966107806021273,0.011170974898565519
51940,12366,Ice Cube Isn't Just A Famous Rapper And Actor. He's Also A Legit Architecture Aficionado.,5360.0,5360.0,24.0,0.004477611940298508,0.01
51942,12366,Architecture Isn't Just For The Bougie. See A Famous Rapper Wax Poetic About What Inspires Him.,5318.0,5318.0,8.0,0.001504324934185784,0.005334230209151275
51943,12366,A Surprising Architecture Aficionado Gives An Inspiring And Nuanced Take On What Moves Him,5276.0,5276.0,8.0,0.001516300227445034,0.01
51947,12368,"Every Class Should Have Teachers Like Her. Well, Not Exactly Like Her. She's Nuts.",5360.0,5360.0,39.0,0.007276119402985074,0.004676325524665464
51973,12376,Ever Wonder How Life Might Look If Gender Didn't Matter? Here's A Before And After.,5864.0,5864.0,77.0,0.013130968622100956,0.02162741077971001
51974,12376,Ever Wonder How Life Could Change For Kids If Gender Didn't Matter? Here's A Before And After.,5589.0,5589.0,86.0,0.015387368044372875,0.01785550745889623
51975,12376,"Imagine How Life Might Change For Kids If Gender Didn't Matter. See The Before, Wait For The After.",5736.0,5736.0,73.0,0.012726638772663878,0.020979445242023456
51976,12376,"Ever Wonder How Life Might Be Different If Gender Didn't Matter? See The Before, Wait For The After.",5699.0,5699.0,65.0,0.011405509738550623,0.020998275962008827
51977,12376,"Seeing Gender Stereotypes For Kids Was So Frustrating, But The Ending Is One I Hope Really Happens",5784.0,5784.0,45.0,0.007780082987551867,0.015613562483661393
51978,12376,"Putting Gender Stereotypes Onto Kids Is So Backwards, But This Ending Is A Glimpse Into Our Future",5719.0,5719.0,55.0,0.009617065920615493,0.012582459308358088
51979,12377,"This Cartoon Is About A Girl Walking Down A Sidewalk, But It's About So Much More",5684.0,5684.0,85.0,0.014954257565095004,0.013226400714300134
51980,12377,Watch What Happens As A Child Transforms From Girl To Woman To Mother To Elderly Lady In 4 Minutes,5802.0,5802.0,87.0,0.01499482936918304,0.02896316461738118
51981,12377,"I Didn’t Expect A Simple, 4 Minute Cartoon About A Girl Walking Down A Sidewalk To Move Me So Much",5735.0,5735.0,90.0,0.015693112467306015,0.01609719710143548
51982,12377,This Cartoon Manages To Collect A Lifetime Of How A Woman Relates To Her Body In 4 Minutes,5894.0,5894.0,91.0,0.015439429928741092,0.03225209765286197
51983,12377,"What It’s Like For Some Women To Move Through Life, In 4 Minutes",5669.0,5669.0,101.0,0.017816193332157348,0.017509070763574584
51984,12377,An Artist Illustrated Her Take On How Women Relate To Their Bodies Through Life And It's Beautiful,5689.0,5689.0,82.0,0.014413780980840217,0.021956202759777832
52011,12383,Ever Wonder How Life Could Change For Kids If Gender Didn't Matter? Here's A Before And After.,5424.0,5424.0,84.0,0.015486725663716814,0.017849818856763965
52012,12383,Ever Wonder How Life Could Change For Kids If Gender Didn't Matter? Here's A Before And After.,5280.0,5280.0,80.0,0.015151515151515152,0.01793228672946442
52013,12383,Ever Wonder How Life Could Change For Kids If Gender Didn't Matter? Here's A Before And After.,5475.0,5475.0,63.0,0.011506849315068493,0.01793228672946442
52015,12383,Ever Wonder How Life Could Change For Kids If Gender Didn't Matter? Here's A Before And After.,5396.0,5396.0,75.0,0.013899184581171238,0.01793228672946442
52068,12393,It Blows My Mind How This Cartoon Is Able To Capture The Experience Of A Lifetime In 4 Minutes,4141.0,4141.0,96.0,0.023182806085486597,0.022412624158656913
52069,12393,A Must-See Cartoon Packs An Entire Lifetime Into 4 Minutes,4114.0,4114.0,84.0,0.020418084589207585,0.01854969880629393
52070,12393,"What It’s Like For Some Women To Move Through Life, In 4 Minutes",4069.0,4069.0,102.0,0.025067584173015484,0.017509070763574584
52071,12393,"In 4 Minutes You'll Watch Her Lifetime. You Might Also See Your Past, Present, And Future, Too.",4142.0,4142.0,89.0,0.021487204249154998,0.017011878128259557
52091,12397,A New Camera On The Street Is Exposing Our Personal Parts Per Million,4783.0,4783.0,50.0,0.010453690152623877,0.012184411171789956
52092,12397,A New Camera Is Showing A Part Of Us That Some People Don't Want To Talk About,4793.0,4793.0,74.0,0.015439182140621741,0.015566930963500352
52093,12397,Take A Deep Breath Because This Camera Is Showing A Part Of Us Not Many People See,4746.0,4746.0,72.0,0.015170670037926675,0.018003064800257016
52109,12401,A Bunch Of Couple Are Asked To Watch A Video Clip Together. Feelings Everywhere.,4862.0,4862.0,55.0,0.011312217194570135,0.02516624488999645
52110,12401,They're All So Nervous When They Sit Down — And I Don't Blame Them. But Then They Watch The Video.,4834.0,4834.0,47.0,0.009722796855606123,0.01792034132261704
52111,12401,All Of These Couples Are About To Be Parents For The First Time. Are They Scared?,4869.0,4869.0,29.0,0.005956048469911686,0.008374575296264241
52112,12401,The World Doesn't Always Feel Like The Safest Place For Babies. But Then I Remember...,4777.0,4777.0,24.0,0.0050240736864140675,0.014042514735428183
52114,12401,The Most Fundamental Question You Have To Ask Before You Have A Kid? These Couples Got It Answered.,4804.0,4804.0,47.0,0.009783513738551207,0.01967807617277635
52134,12406,A Really Awesome Guy Got Tired Of Being Bullied By Trolls. So He Made This. Well Played.,4176.0,4176.0,99.0,0.023706896551724137,0.01962841757097329
52135,12406,A Guy Got Tired Of Being Bullied By Trolls... So He Made This. Well Played.,4074.0,4074.0,80.0,0.019636720667648502,0.02072523286514289
52136,12406,"A Guy Got Tired Of Being Bullied By Trolls. So He Made This. Well Played, Sir. Well Played.",4133.0,4133.0,93.0,0.02250181466247278,0.022565920175136114
52137,12406,An Acclaimed Poet Got Tired Of Being Bullied By Trolls. So He Made This. Well Played.,4022.0,4022.0,64.0,0.015912481352560914,0.015703432591836184
52138,12406,"WELL PLAYED: A Guy Got Tired Of Being Bullied By Trolls, So He Made This",4129.0,4129.0,79.0,0.01913296197626544,0.0258068034664982
52146,12408,"Are You A Dude That Wants To Be An Ally To Women, But Don’t Know Where To Start? I Got You.",4011.0,4011.0,9.0,0.002243829468960359,0.02074334112348906
52148,12408,Generations Of Women Have Lit The Fire. Finally Dudes Are Carrying The Torch.,4038.0,4038.0,21.0,0.005200594353640416,0.016498342223295392
52149,12408,"A Bunch Of Dudes Are Standing Around Talking About Women. For Once, That Might Be A Good Thing.",4037.0,4037.0,21.0,0.005201882586078771,0.018015768134091437
52150,12408,A Famous Actress Gave A Speech At The UN About Dudes And Feminism. Now It’s Your Turn.,4216.0,4216.0,8.0,0.0018975332068311196,0.007338487621903329
52151,12409,"In Some Countries, Vaccines Just Aren’t Available To Kids. But Why?",4696.0,4696.0,10.0,0.002129471890971039,0.009224861456583492
52152,12409,The Reason Some Kids Around The World Get Sick While Ours Don’t Makes No Cents,4614.0,4614.0,11.0,0.0023840485478977026,0.009159480485629633
52153,12409,Some Countries Can't Keep Their Kids Alive Because Vaccine Makers Want More Money. Shocked? I’m Not.,4775.0,4775.0,3.0,0.0006282722513089005,0.012461420462447106
52155,12409,Why The Difference Between Life And Death For Kids Can Be As Little As $38.80,4828.0,4828.0,13.0,0.002692626346313173,0.008923415155197106
52156,12409,"When Prices Increased 2700% On Vaccines, Some Countries Couldn’t Afford It, And Kids Are Dying. Why?",4919.0,4919.0,4.0,0.0008131734092295182,0.0024531855894821116
52305,12440,They Asked These Couples To Watch 1 Video Clip Together. Feelings Everywhere.,7120.0,7120.0,75.0,0.010533707865168539,0.020883602209967954
52306,12440,A Bunch Of Couples Are Asked To Watch A Video Clip Together. Feelings Everywhere.,7087.0,7087.0,74.0,0.010441653732185693,0.02575215886840486
52307,12440,These Couples Watched A Short Film Together. Feelings Everywhere.,7141.0,7141.0,45.0,0.0063016384259907575,0.016951767147045278
52308,12440,First: A Bunch Of Expecting Couples Watch A Video Clip Together. Next: Feelings Everywhere.,7301.0,7301.0,41.0,0.005615669086426517,0.01613781259393266
52309,12440,A Bunch Of Couples Are Asked To Watch A Video Clip Together. FEELINGS. EVERYWHERE.,7023.0,7023.0,75.0,0.010679196924391286,0.02458985381417078
52310,12440,"These Couples Were Nervous When They Sat Down, But Then They Watched The Video. FEELINGS EVERYWHERE.",7181.0,7181.0,50.0,0.006962818548948615,0.02372820617314667
52311,12440,A Bunch Of Parents Are Shown The Kind Of World Their Kids Will Grow Up In. Feelings Everywhere.,7198.0,7198.0,56.0,0.007779938871908864,0.0173589509119048
52312,12440,A Bunch Of Couples Are Asked To Watch A Video Clip Together. And The Feelings Go Everywhere.,7101.0,7101.0,73.0,0.010280242219405718,0.023494648632902723
52343,12447,Bisexuality Is Certain And This Guy Explains Why,5165.0,5165.0,55.0,0.010648596321393998,0.014221545185980185
52345,12447,A Perfectly Explained Description Of One Man's Self Placed Bisexuality Label,5105.0,5105.0,46.0,0.009010773751224289,0.016532805652711917
52390,12457,"When You Tell Women On The Street To Smile And They Do, They’re Not Thinking What You’re Thinking",6132.0,6132.0,46.0,0.007501630789302022,0.021119442604135057
52391,12457,When A Smile Isn’t A Smile As Much As It Is Gritting Your Teeth In Self-Defense,6188.0,6188.0,25.0,0.004040077569489335,0.009420719515139963
52392,12457,"If You Have A Minute To Tell A Woman To Smile, You Have Time To Hear What She Thinks When You Do",6167.0,6167.0,41.0,0.006648289281660451,0.018531352717509147
52394,12457,A 1-Minute Rant About Dudes Who Feel Like It's Their Job To Get Women To Smile,6132.0,6132.0,47.0,0.00766470971950424,0.024089621472081598
52405,12460,"One Vintage Doll's Transformation Into A 'Modern' Woman, Left Me Feeling Uneasy",4513.0,4513.0,90.0,0.019942388654996677,0.03176360525750445
52406,12460,"Sure, She's Made Of Paper, But That Didn't Stop Her From Loading Up On Plastic",4632.0,4632.0,20.0,0.004317789291882556,0.012823137997374078
52407,12460,"She Started Out As A Vintage Doll, By The End She Was Almost Unrecognizable",4570.0,4570.0,92.0,0.02013129102844639,0.03067543474982034
52408,12460,6 GIFS Transform One Doll From Paper To Plastic And Leave Me Feeling Uneasy,4763.0,4763.0,60.0,0.012597102666386731,0.022251724416939747
52409,12460,"When This Vintage Doll Got A Makeover, It Proved That In Today's World She Couldn't Cut It",4670.0,4670.0,83.0,0.017773019271948607,0.024809723634139
52410,12461,What Women Are Really Thinking When Strange Men Tell Them To Smile,4502.0,4502.0,67.0,0.014882274544646823,0.018278674768014935
52412,12461,"A Comedian Gets Real, Totally Nails The Scary Reason Why Women Smile When Strange Men Tell Them To",4632.0,4632.0,105.0,0.02266839378238342,0.02741576556422248
52413,12461,What Women Are Really Thinking When Strange Men Tell Them To Smile (It's Why We Smile Anyway),4605.0,4605.0,49.0,0.010640608034744842,0.016021943175871117
52414,12461,"A Comedian Nails The Scary Reason Why Women Smile When You, A Strange Man, Tell Them To",4573.0,4573.0,99.0,0.02164880822217363,0.02686991858085825
52459,12470,Amazing And Real Footage Of Those Mysterious Cars That Have No Drivers. WOW.,5147.0,5147.0,21.0,0.004080046629104332,0.020451565138578934
52460,12470,"Don't Like Driving? In The Future, You Might Not Have To.",5154.0,5154.0,13.0,0.002522312766783081,0.007573100784756303
52462,12470,This Project Could Drastically Change Our Daily Lives. A Lead Researcher Tells Us More.,5193.0,5193.0,19.0,0.003658771423069517,0.010784293462495811
52463,12470,Here's What It Looks Like When You Take The Spaciest Part Of Driving A Car Out Of The Equation,5351.0,5351.0,23.0,0.004298262007101476,0.010669238821075362
52464,12470,Which Part Of Your Moving Vehicle Is Most Likely To Malfunction At Any Moment?,5211.0,5211.0,28.0,0.005373248896564959,0.007135246455546258
52514,12479,How Many Men Would Still Be Alive If Every Guy Could Speak This Openly About Hitting Rock Bottom?,8095.0,8095.0,29.0,0.0035824583075972825,0.013741642974175395
52542,12485,Why Comedians Can Say The Things The Rest Of Us Can't,4685.0,4685.0,23.0,0.004909284951974386,0.015451993448343295
52543,12485,Know Anyone Who's Afraid Of White People Becoming The Minority? Show Them This.,4721.0,4721.0,47.0,0.009955517898750264,0.014493102409108574
52544,12485,"We Need More Funny People Like This Guy In The World, And I Think One Interview Sums Up Why",4707.0,4707.0,25.0,0.0053112385808370514,0.01801015280983935
52546,12485,A Comedian Talks About Why He's Waiting For 2042 And Some People Are Bound To Hate It,4725.0,4725.0,32.0,0.006772486772486773,0.00892002590019364
52562,12489,Here's A Riddle: What Crashes Weddings *And* Kills People...Literally?,10322.0,10322.0,58.0,0.005619066072466576,0.011311375126917749
52563,12489,"Obama Uses These Machines, And Even John Oliver Thinks They're Really F***ing Scary",10333.0,10333.0,56.0,0.00541952966224717,0.020499553993629176
52564,12489,Obama Made A Joke About The Jonas Brothers. Watch John Oliver Points Out Why It's Not That Funny.,10269.0,10269.0,65.0,0.0063297302561106245,0.02385267708973893
52565,12489,I Thought I Knew A Thing Or 2 About Drones. This John Oliver Video Proved Me Totally Wrong.,10146.0,10146.0,63.0,0.006209343583678297,0.014282423692281162
52566,12489,These Airplane Thingies Will Make You Laugh At First. Until You See What Else They Do.,10185.0,10185.0,86.0,0.008443789887088856,0.021452596058053615
52567,12489,"After This Video, I Will Feel Sick To My Stomach Next Time I See A Blue Sky",10105.0,10105.0,73.0,0.007224146462147452,0.01646742970108199
52591,12494,Being A Public Gay Advocate Is Illegal There. So Madonna Planned To Do Pro-Gay A Speech There.,10125.0,10125.0,45.0,0.0044444444444444444,0.018298872717037066
52592,12494,So Your Country's Leaders Are Afraid To Speak Up For Homosexuals? Guess Who Isn't Afraid.,10195.0,10195.0,40.0,0.00392349190779794,0.014967180081919943
52593,12494,Guess What World Leader Doesn't Give A Flying F*ck If Its Illegal To Say What She Says,10329.0,10329.0,52.0,0.0050343692516216475,0.013954117048370785
52595,12494,Madonna Broke Their Law. Russians Loved It. Russian Leaders...,10231.0,10231.0,42.0,0.004105170560062555,0.017828593645570677
52596,12494,She's Made A Living Of Breaking Taboos With Her Awesome Pop Art. This Time She Broke A Law.,10297.0,10297.0,54.0,0.005244245896863164,0.019139847412454388
52617,12499,"A 90-Year-Old, Devout Christian Was Asked About Gay Rights, And His Response Makes My Heart Swell",3582.0,3582.0,52.0,0.014517029592406477,0.025146942298997457
52618,12499,"Here's What It Sounds Like When A 90-Year-Old, Devout Christian Gives A Fiery Defense Of Equality",3564.0,3564.0,40.0,0.01122334455667789,0.014051146829209434
52619,12499,"Here's What It Sounds Like When A 90-Year-Old, Devout Christian Gives A Fierce Defense Of Gay Rights",3560.0,3560.0,49.0,0.013764044943820225,0.018365465120285075
52621,12499,"A 90-Year-Old, Devout Christian Was Asked About Gay Rights, And His Response Chokes Me Up A Little",3569.0,3569.0,53.0,0.014850098066685346,0.026858336956872862
52622,12499,"Here's What It Sounds Like When A 90-Year-Old, Ex-President Gives A Fiery Defense Of Gay Rights",3562.0,3562.0,46.0,0.01291409320606401,0.022723292023720764
52623,12499,"Here's What It Sounds Like When A 90-Year-Old, Devout Baptist Gives A Fiery Defense Of Gay Rights",3583.0,3583.0,49.0,0.013675690761931342,0.01626614808428821
52656,12506,These Girls Got Asked A Question About Makeup That Most Of Us Couldn't Answer,4043.0,4043.0,71.0,0.0175612169181301,0.025534808195634348
52657,12506,They Weren't Sure What Was In Their Makeup. What They Know Now Kind Of Changes Everything.,4143.0,4143.0,33.0,0.007965242577842143,0.011946923711583873
52658,12506,You Could Say These Girls Were Surprised At What They've Been Putting On Their Faces,4121.0,4121.0,32.0,0.007765105556903664,0.019778685095891257
52660,12506,"These Girls Had No Idea What They've Been Putting On Their Bodies, Until Now",4115.0,4115.0,68.0,0.01652490886998785,0.023017955770835062
52684,12512,Investigative Report: How Prison Bankers Are Taking Advantage Of Inmates Families,5245.0,5245.0,12.0,0.00228789323164919,0.005508622756324208
52685,12512,Prisons Have Their Own Economy Of Bankers And Vendors Who Profit Off Our Ignorance. Let's Stop That.,5176.0,5176.0,16.0,0.0030911901081916537,0.01
52686,12512,How Prison Bankers Are Profiting Off The Mothers And Wives Of Inmates,5239.0,5239.0,20.0,0.003817522427944264,0.01
52687,12512,This Investigative Report Blows The Lid Off The Shady World Of Prison Bankers And Vendors,5290.0,5290.0,23.0,0.004347826086956522,0.005968454610559732
52688,12512,Investigation: How Governments And Prison Bankers Work Together To Profit Off Of Inmates Families,5187.0,5187.0,18.0,0.003470213996529786,0.0012252172589065453
52804,12535,She Make A Good Point. Then She Makes 7 More.,5727.0,5727.0,78.0,0.013619696176008382,0.01523621920604263
52805,12535,"8 Daily Show Punchlines, Broken Down By The Amazing Points They Made",5865.0,5865.0,47.0,0.008013640238704177,0.020483603206502797
52807,12535,Sometimes Jon Stewart Laughs At Her. All The Time I Want To High Five Her.,5642.0,5642.0,58.0,0.010280042538107055,0.01456402454556929
52808,12535,8 Gif Celebrations Of Moments When The World Stopped To Listen To Jessica Williams,5583.0,5583.0,27.0,0.004836109618484685,0.009980782858895776
52871,12549,A Nice Girl Waved At Him. He Didn't Wave Back Because She's Gay. His Dad Responded Appropriately.,8150.0,8150.0,118.0,0.014478527607361963,0.02805842763934496
52872,12549,A Nice Girl Waved At Him. He Didn't Wave Back Because She's Gay. His Dad Responded Appropriately.,8012.0,8012.0,120.0,0.014977533699450823,0.028056311778882643
52873,12549,A Nice Girl Waved At Him. He Didn't Wave Back Because She's Gay. His Dad Responded. Appropriately.,8237.0,8237.0,121.0,0.014689814252761928,0.027693850732486338
52874,12549,A Nice Girl Waved At Him. He Didn't Wave Back Because She's Gay. His Dad Responded Like A Parent.,8164.0,8164.0,115.0,0.014086232239098481,0.026906212168371607
52875,12549,A Nice Girl Waved At Him. He Didn't Wave Back Because She Was Gay. His Dad Responded Appropriately.,8225.0,8225.0,123.0,0.014954407294832826,0.029443710872155283
52876,12549,A Nice Girl Waved At Him. He Didn't Wave Back Because She's Gay. His Dad Said What Had To Be Said.,8116.0,8116.0,102.0,0.012567767373090193,0.03193812093635074
52953,12566,"This 11 Year Old Gave A Speech That Left Everyone Stunned. And Really, Really Hopeful.",4082.0,4082.0,39.0,0.009554140127388535,0.023045377226764634
52954,12566,No One Was Expecting Some Of The Best Commentary On Social Issues To Come From A Child. Surprise!,4239.0,4239.0,45.0,0.010615711252653927,0.015185779163643817
52955,12566,He Wants To Be President One Day. But This Kid Isn't Waiting Until He Grows Up To Make Headlines.,4077.0,4077.0,18.0,0.004415011037527594,0.016550586107134974
52956,12566,An 18 Year Old Was Shot And Killed. Now An 11 Year Old Is Speaking Out. And He's Pretty Amazing.,4071.0,4071.0,20.0,0.0049127978383689515,0.02166152978570002
52957,12566,He Had A Rough Start But Now One 11 Year Old Is Shocking Adults With His Plans To Change The World,4055.0,4055.0,18.0,0.0044389642416769425,0.01583877711803982
53018,12579,Some Things Might Be Invisible To You. These 7 Images Show You The Truth.,4407.0,4407.0,81.0,0.018379850238257316,0.021004198405045253
53019,12579,Can *You* See What Might Have Been Invisible To You?,4350.0,4350.0,48.0,0.011034482758620689,0.014981223272677813
53020,12579,It Only Takes 7 Image To Expose Something That's Been Hiding From A *Lot* Of Us,4245.0,4245.0,72.0,0.01696113074204947,0.018524740750908684
53032,12582,"3 Solutions To The Death Problem. No Promises, But I Think #3 Has Potential",5605.0,5605.0,31.0,0.0055307760927743085,0.008747187429334112
53033,12582,"Nobody Likes Hearing About Death, But It's One Time I Actually Feel A Bit Of Hope At The End",5571.0,5571.0,37.0,0.006641536528450906,0.009319042804305311
53034,12582,3 Ways To Stop Freaking Out About Death. The Last One Is My Favorite.,5656.0,5656.0,61.0,0.010785007072135784,0.012598479143026432
53036,12582,Why Technology Should Probably Help Us Freak Out Less About Dying One Day,5628.0,5628.0,33.0,0.005863539445628998,0.008657198147469472
53037,12582,"3 Ways We Stop Ourselves From Worrying About Death. #3 Makes Sense, But #2 Is Just Awkward",5689.0,5689.0,45.0,0.007910001757778168,0.013168721400344686
53213,12622,The 4th Largest Lake Just Basically (Poof) Disappeared,5179.0,5179.0,50.0,0.009654373431164317,0.013356470262510543
53214,12622,The 4th Largest Lake Just (Poof) Disappeared And Here's A Map To Show You How Fast It Happened,5079.0,5079.0,49.0,0.009647568418980115,0.014172501473145716
53215,12622,The 4th Largest Lake Just Basically Disappeared,5120.0,5120.0,53.0,0.0103515625,0.018159490698232368
53225,12625,"If Our Fields Could Talk, What Would They Say?",3933.0,3933.0,26.0,0.006610729722857869,0.003343437953868468
53226,12625,"To Be Honest, I Was Confused At The Beginning. By The End, My Heart Felt Torn In Two.",3970.0,3970.0,14.0,0.003526448362720403,0.012310112226611356
53227,12625,"After Watching This Video, I Won't Be Able To Look At My Fruits And Veggies The Same Way",3854.0,3854.0,28.0,0.007265179034769071,0.016094916536698166
53228,12625,Something's Happening In The Fields Where Our Food Grows. We Need To Talk About It.,3866.0,3866.0,10.0,0.002586652871184687,0.014970714902345628
53237,12628,The Meat We Eat Is Making Our Bodies Into A Bacteria Fighting Superpower And That's Just Not Good,5193.0,5193.0,35.0,0.006739842095128057,0.00397167969049827
53238,12628,The Center For Disease Control What's Us To Know Some Important Facts About Bacteria,5179.0,5179.0,30.0,0.005792624058698591,0.017946989275584746
53239,12628,A Graphic About The Science Of Bacteria In Our Food System And The Antibiotics Harming Us,5112.0,5112.0,35.0,0.006846635367762128,0.007141718840669066
53240,12628,The CDC Explains Why Infections Are Spreading In One Simple Graphic,5095.0,5095.0,41.0,0.008047105004906772,0.007681658169860367
53275,12638,It's Okay To Make Money From Some Things. It's Very Dangerous To Do It From Others.,5143.0,5143.0,47.0,0.009138635037915614,0.017545365026916566
53277,12638,"Companies Need To Make Money. But There Are Some Ways Of Doing It That Are Very, Very Dangerous.",5191.0,5191.0,29.0,0.00558659217877095,0.008872377114089216
53284,12640,$2.5 Billion Have Been Taken By The Cops Since 9/11. The Crime? That's The Disturbing Part.,5141.0,5141.0,55.0,0.01069830772223303,0.007528033621686409
53285,12640,The Dirty Secret Cops Are Using To Take Your Stuff Has A Fancy Name To Make It Sound Legitimate,5076.0,5076.0,49.0,0.009653270291568164,0.01112031170817768
53286,12640,"If John Oliver's Rant Makes You Want To Hug A Cop, Then I Suggest You Keep An Eye On Your Wallet",5099.0,5099.0,71.0,0.013924298882133751,0.01643422284628505
53287,12640,John Oliver Reveals Why Police Around The Country Are All Asking A Very Similar Question,5105.0,5105.0,69.0,0.013516160626836434,0.008865525647518562
53289,12640,These Folks Can Take Your Money And Your Property. And Then They Can Go Buy A Margarita Machine.,5034.0,5034.0,50.0,0.009932459276916964,0.008361337992792239
53311,12646,"If You Liked The Shouting Match Between Ben Afleck And Bill Maher, You’ll Love This Debate",3164.0,3164.0,30.0,0.009481668773704172,0.017254930379395093
53312,12646,"Can Religion And Reason Be Reconciled? These Experts Debate Each Other Respectfully. Crazy, I Know.",3310.0,3310.0,17.0,0.00513595166163142,0.01013882018729903
53313,12646,"No Soundbites Or Shouting To See Here, But This Is Probably The Best Debate On Religion I've Watched",3325.0,3325.0,35.0,0.010526315789473684,0.024168563500803257
53314,12646,Here Is The Most Thoughtful And Well-Reasoned Debate On Religion You’ll Ever See,3262.0,3262.0,43.0,0.013182096873083998,0.03294458076196819
53315,12646,"A Muslim, A Jew, And An Atheist Debate Religion. (SPOILERS: No One Shouts.)",3181.0,3181.0,42.0,0.013203395158755108,0.0191997521456121
53316,12646,Watched The Ben Afleck-Bill Maher Showdown On Radical Islam? Then This Debate Is A Must-See.,3388.0,3388.0,43.0,0.01269185360094451,0.022757649972711083
53395,12663,Screw All The Shouting You See On TV. Watch This Thoughtful Debate On Religion With Actual Experts.,7215.0,7215.0,73.0,0.010117810117810117,0.02156746277546108
53396,12663,You've Seen Lots Of Shout-Matches On Religion. Maybe You've Been In Some. This Debate Is Different.,7170.0,7170.0,70.0,0.009762900976290097,0.018962512930499442
53397,12663,Here Is The Most Thoughtful And Well-Reasoned Debate On Religion You’ll Ever See,7176.0,7176.0,106.0,0.014771460423634336,0.03288767978606619
53398,12663,Here Is The Most Thoughtful And Well-Reasoned And Informative Debate On Religion I've Ever Seen,7098.0,7098.0,97.0,0.01366582135812905,0.03221306250683469
53399,12663,"This Is What A Debate On Religion Should Look Like. No Shouting, Just Thoughtfulness And Experts.",7175.0,7175.0,74.0,0.010313588850174216,0.016638260161534475
53680,12724,All It Takes Is Two Chairs To Prevent This Nightmare For Every Parent. Who'd Have Thought?,5744.0,5744.0,93.0,0.016190807799442895,0.01910148171953049
53681,12724,Who'd Have Thought That All It Takes Is Two Chairs To Prevent This Nightmare For Every Parent,5856.0,5856.0,82.0,0.014002732240437158,0.018303110671711583
53682,12724,How Do You Prevent This Worst Nightmare For Every Parent? It Starts With Two Chairs.,5702.0,5702.0,62.0,0.010873377762188706,0.018971099243446178
53708,12730,"They Kicked Her Out Of The Party, But Not Before She Gave The Prime Minister A Note: On Her Panties",7151.0,7151.0,107.0,0.014962942245839743,0.019367067344423713
53724,12734,"So Yeah, About Those 'Slutty' Halloween Costumes...",7300.0,7300.0,84.0,0.011506849315068493,0.014526179932321113
53726,12734,"By The End, You'll Know What Real 'Slutty Turtles' Look Like",7008.0,7008.0,61.0,0.008704337899543379,0.016763344784917627
53727,12734,Wearing As Few Clothes As Possible On Halloween? Totally Cool. Here's What Isn't.,7167.0,7167.0,89.0,0.012418027068508442,0.009327561181797287
53728,12734,She Has A Few NSFW Thoughts About Those 'Slutty' Halloween Costumes,7075.0,7075.0,88.0,0.012438162544169611,0.014481529601749208
53729,12734,There's Nothing Wrong With Dressing Sexy On Halloween. There's Lots Wrong With How We Talk About It.,7102.0,7102.0,55.0,0.007744297381019431,0.018507892119077447
53769,12745,"Sometimes When I Walk By Dudes, I Totally Want To Yell These Things At Them. Wait, No I Don't...",4012.0,4012.0,65.0,0.016201395812562313,0.020604754615318008
53770,12745,1.5 Minutes Of Women Catcalling Men To Show How Ridiculous Catcalling Actually Is,4148.0,4148.0,73.0,0.01759884281581485,0.024035630227464584
53772,12745,It Wouldn't Ever Occur To Me To Yell At Random Men Like This. So Why Do Some Men Do It To Women?,4141.0,4141.0,43.0,0.010383965225790872,0.025862801479633123
53810,12753,"At First I Was Shocked To See These Kids Denying Climate Science, Then I Caught On",4104.0,4104.0,58.0,0.014132553606237816,0.015538426710377657
53811,12753,I Never Thought I Would Be So Happy To See Kids Denying Climate Science,4124.0,4124.0,55.0,0.013336566440349175,0.00702216710509312
53812,12753,These Kids Are Pretending To Be The Worst Of Our Politicians And It's Too Hilariously Cute,4089.0,4089.0,48.0,0.01173881144534116,0.015861142872508432
53813,12753,"If You Care About The Environment, Then You'll Love The Reason These Kids Are Denying Climate Change",4103.0,4103.0,39.0,0.00950524006824275,0.0061903358770232265
53814,12753,"If You're Tired Of Seeing Elected Officials Denying Climate Change, Then Have Need To See These Kids",4122.0,4122.0,52.0,0.012615235322658904,0.004686749688959383
53838,12759,"If You're Tired Of Seeing Elected Officials Denying Climate Change, Then Have Need To See These Kids",4191.0,4191.0,32.0,0.00763540921021236,0.004647137977018687
53840,12759,"If You're Tired Of Seeing Elected Officials Denying Climate Change, Then Have Need To See These Kids",4018.0,4018.0,42.0,0.010452961672473868,0.004647137977018687
53841,12759,It Could Not Be More Clear (And Laugh-Out-Loud Funny) Why These Kids Are Skeptical Of Climate Change,4130.0,4130.0,36.0,0.008716707021791767,0.008583052048138506
53867,12765,Stop Everything And Watch These Kids Publicly Shame Politicians Who Don't Believe Science Is Real,4658.0,4658.0,37.0,0.00794332331472735,0.024129281929122903
53868,12765,These Kids Shamed A Bunch Of Politicians For All The Times They Forgot How To Science,4650.0,4650.0,38.0,0.008172043010752689,0.013862562427901615
53869,12765,What These Kids Did Would Make Any Politician Blush. I'm Counting On Exactly That.,4641.0,4641.0,22.0,0.004740357681534152,0.013980548223987935
53870,12765,"These Kids Want To Shame Politicians By Being Cute. I Gotta Say, It's Working.",4694.0,4694.0,30.0,0.006391137622496805,0.011734273452220646
53871,12765,These Kids Are Showing Just How Crazy Some Politicians Are By Doing Something Astoundingly Simple,4711.0,4711.0,24.0,0.005094459774994693,0.009437301165725092
53880,12768,Stop Everything And Watch These Kids Publicly Shame Politicians Who Don't Believe Science Is Real,4682.0,4682.0,29.0,0.006193934216146946,0.024116169820762038
53881,12768,These Kids Shamed A Bunch Of Politicians For All The Times They Forgot How To Science,4797.0,4797.0,27.0,0.005628517823639775,0.013862562427901615
53882,12768,"These Kids Want To Shame Politicians By Being Cute. I Gotta Say, It's Working.",4656.0,4656.0,23.0,0.004939862542955326,0.011734273452220646
53883,12768,Stop Everything And Watch These Kids Publicly Shame Politicians Who Don't Believe Science Is Real,4665.0,4665.0,49.0,0.010503751339764202,0.024129926362067605
53884,12768,These Kids Shamed A Bunch Of Politicians For All The Times They Forgot How To Science,4700.0,4700.0,50.0,0.010638297872340425,0.013876440128100123
53885,12768,"These Kids Want To Shame Politicians By Being Cute. I Gotta Say, It's Working.",4694.0,4694.0,52.0,0.011077971878994461,0.011734273452220646
53894,12771,Stop Everything And Watch These Kids Publicly Shame Politicians Who Don't Believe Science Is Real,4821.0,4821.0,53.0,0.01099356979879693,0.024116169820762038
53945,12784,How Do You Feel When You Think About The World Today? Add It To Their List.,5422.0,5422.0,19.0,0.0035042419771302105,0.004202226142589365
53946,12784,I Love The List They Rattle Off About What They Want From Obama And Leaders Like Him,5434.0,5434.0,16.0,0.002944423997055576,0.00804145181376778
53947,12784,The World Feels Small When You Get All Of These People In A 2-Minute Video,5419.0,5419.0,29.0,0.005351540874700129,0.016450458228997274
53948,12784,Is This The World *You* Want By 2030?,5424.0,5424.0,26.0,0.004793510324483776,0.001998986277362014
53949,12784,Bummed Out About Some Of The World's Problems? Maybe You Should Join These Guys.,5482.0,5482.0,20.0,0.0036483035388544327,0.005588665464642484
54057,12808,"At Age 5, He Decided He Wanted To Help Fix A Problem That 50-Year-Olds Can't Figure Out",4261.0,4261.0,24.0,0.005632480638347806,0.016475804148092098
54058,12808,Meet A Kid Who's Way Set On Helping Fix A Problem Adults Can't Seem To Figure Out,4379.0,4379.0,13.0,0.00296871431833752,0.013494963702075737
54059,12808,What's A 5-Year-Old To Do When He Finds Out About One Of The World's Biggest Problems? Help Fix It.,4322.0,4322.0,16.0,0.0037019898195279964,0.009358014790824445
54095,12815,The Real Reason Why Your Children Will Be Less Racist Than You Are,6032.0,6032.0,21.0,0.0034814323607427057,0.013395016402898462
54146,12826,"The Sad Truth About Going Places, Getting Food, Or Just *Being* That Ladies Deal With Daily",4222.0,4222.0,49.0,0.011605873993368073,0.015321456465757947
54147,12826,"17 Sad Things About Going Places, Getting Food, Or Just *Being* That Ladies Deal With Daily",4035.0,4035.0,51.0,0.012639405204460967,0.017128326034965623
54149,12826,It’s Impossible to Prevent Someone From Eyef***ing You,4170.0,4170.0,56.0,0.01342925659472422,0.012128658420640193
54150,12826,It’s Impossible to Prevent Someone From Eyefucking You,4033.0,4033.0,67.0,0.016612943218447807,0.009380269928280744
54151,12826,"Like It Or Not, It's Impossible To Stop Someone From Looking At You In Creepy Ways",4045.0,4045.0,28.0,0.0069221260815822,0.0170615388293951
54195,12834,What This 17 Year Old Wants People To Stop Expecting And Start Accepting ... About Her,4026.0,4026.0,47.0,0.01167411823149528,0.020737723548821953
54472,12893,Only 1/3 Of The Planet Has This Important Thing. It's Time Someone Gave It To The Rest Of Us.,3028.0,3028.0,8.0,0.002642007926023778,0.00699594171400188
54474,12893,4.3 Billion People Could Be Getting A Fandiculously Wonderful Thing If This Organization Succeeds,3153.0,3153.0,5.0,0.001585791309863622,0.00029531379483175874
54475,12893,"If 100% Of Us Have The Knowledge To Operate At Full Capacity, This Company Will Have Succeeded",2999.0,2999.0,11.0,0.003667889296432144,0.0005123377929346258
54476,12893,"When You Realize How Below Potential We As A Species, Are Operating, You'll Want Them To Fix It",3109.0,3109.0,7.0,0.002251527822450949,0.00566588552260893
54477,12893,You Have Something That 2/3 Of Humans Don't. We're *This* Close To Getting It To All Of Them.,3076.0,3076.0,12.0,0.0039011703511053317,0.005105420182014193
54557,12908,Remember The ‘Rosie The Riveter’ Image Everybody Pretty Much Knows? It's Not What You Might Think.,3121.0,3121.0,48.0,0.01537968599807754,0.011242382849966238
54558,12908,You Know The Image Of ‘Rosie The Riveter’ Everybody Pretty Much Remembers? It’s Not What You Think.,3107.0,3107.0,49.0,0.015770840038622464,0.012081190111953171
54559,12908,You Know The Image Of ‘Rosie The Riveter’ Everybody Pretty Much Thinks Is Her? About That ...,3012.0,3012.0,28.0,0.009296148738379814,0.01066363344192547
54560,12908,The Image Of ‘Rosie The Riveter’ Everybody Pretty Much Knows By Now Is Actually Not Her. Sorta.,3043.0,3043.0,27.0,0.008872822872165627,0.005650486815810659
54561,12908,'Rosie The Riveter’ Is An Image Pretty Much Everybody Knows. But Did You Know Who It's Based On?,3148.0,3148.0,33.0,0.01048284625158831,0.009324488207981622
54576,12912,One Of The Best Graphs You'll See On Same-Sex Marriage,3082.0,3082.0,22.0,0.007138221933809215,0.019469408739858706
54577,12912,This New Legal Trend Is Spreading Like Wildfire. And We're Happy.,3050.0,3050.0,17.0,0.005573770491803279,0.007698356514357537
54578,12912,1 Little Graph About Marriage Made Me Want To Jump In The Air With Joy,3066.0,3066.0,22.0,0.007175472928897586,0.008019681219013499
54579,12912,"I Saw This Amazing Graph, And Now All I Want To Do Is Eat Wedding Cake",3047.0,3047.0,16.0,0.005251066622907778,0.00397349520334306
54580,12912,The Ultimate Proof That Same-Sex Marriage Is Just Around The Corner For *All* 50 States,3091.0,3091.0,10.0,0.003235198964736331,0.015646755173628468
54610,12919,How To Make An Ass Of Yourself When Traveling And Be Forgiven While Doing It,3208.0,3208.0,24.0,0.007481296758104738,0.013601425852915575
54612,12919,How Some Travelers Can F***k Up In Other Counties And Probably Make Locals Smile,3272.0,3272.0,35.0,0.010696821515892421,0.0105448228176526
54613,12919,If You Don't Have Time To Visit Paris This Afternoon Let A Story Teller Take You Right Now,3437.0,3437.0,17.0,0.004946173988943846,0.0018170852579737738
54622,12922,This Movie About The First Death Row Inmate Set Free By DNA Evidence Needs Your Help,3129.0,3129.0,17.0,0.005433045701502077,0.006757717874242038
54624,12922,"He’s Been To Hell And Back, And Now He Wants Others To Hear About It",3025.0,3025.0,24.0,0.007933884297520661,0.006362750456707008
54625,12922,Meet A Guy Who Was Nearly Executed For Something He Didn’t Do. He’s Finally Free.,3030.0,3030.0,24.0,0.007920792079207921,0.01234667032193841
54626,12922,"This Is A Film About The Failure Of Justice. It Needs To Be Made, And You Can Help Do It.",2982.0,2982.0,16.0,0.0053655264922870555,0.01664901625117989
54627,12922,"Innocent, In Prison, And On Death Row: Imagine Just For A Second What This Guy’s Life Has Been Like",3025.0,3025.0,11.0,0.0036363636363636364,0.00801034904548338
54648,12927,"I Had No Idea That Rainforests Could Be So Sarcastic And Funny. Wait, What?",2999.0,2999.0,20.0,0.006668889629876626,0.01463014430384845
54649,12927,Kevin Spacey Even Makes A Rainforest Sound Cool. Especially When It's Pissed-Off.,3126.0,3126.0,30.0,0.009596928982725527,0.007853115470931179
54650,12927,This Video Ends With The Something That'll Let You Win Every Single Argument About The Rainforests,3013.0,3013.0,27.0,0.008961168270826419,0.009801845353370527
54651,12927,"An Oscar™-Winning Actor Plays The Part Of The Rainforest, And Nobody Does Sarcasm Like He Does",3171.0,3171.0,34.0,0.010722169662567014,0.012302413353308232
54652,12927,Kevin Spacey Would Like You To Think About Where These Giant Brains And Our Thumbs Have Gotten Us,3039.0,3039.0,31.0,0.010200723922342876,0.020296184257917706
54694,12935,"A Teen Feminist Blogger Actress Broadway Star … Oh Yeah, 'Cause People *Can* Fit More Than One Label",3009.0,3009.0,15.0,0.004985044865403789,0.011498229155628637
54695,12935,"At 15, She Told Us How To Make Female Characters That Aren’t Cardboard Cut-Outs. Take Note, World.",3021.0,3021.0,24.0,0.007944389275074478,0.01065957631965788
54697,12935,Her List Of Accomplishments Is Impressive. The Fact That She Did It All Before 18? Whoa.,3080.0,3080.0,40.0,0.012987012987012988,0.010286651230656536
54699,12935,"Take Note, World: 'Women Aren't Crazy. But People Are Crazy, And Women Happen To Be People.'",3143.0,3143.0,27.0,0.008590518612790327,0.007481187517766847
54710,12938,"He Just Wanted To Indulge In All The Epic Furniture Sales On His Day Off, But Columbus Ruined It",3602.0,3602.0,18.0,0.004997223764575236,0.008873445621456573
54711,12938,Here's How History Ruined One Shopper's Favorite Historic Holiday,3593.0,3593.0,27.0,0.0075146117450598385,0.011209187424498609
54713,12938,His Excitement At Having The Day Off Wears Off As Soon As He Reads The Facts,3584.0,3584.0,48.0,0.013392857142857142,0.012009299544565854
54946,12987,First They Took Away His Freedom. Then They Nearly Took Away His Mind.,3195.0,3195.0,23.0,0.007198748043818467,0.012449740866524265
54947,12987,"After 10 Days, He Started Getting Paranoid. And He Had 4 Years And 355 Days Left.",3288.0,3288.0,55.0,0.01672749391727494,0.018129969048087245
54948,12987,"He Keeps Saying The Word 'Control,' And By The End, It's Obvious Why",3288.0,3288.0,26.0,0.007907542579075427,0.009945425693270525
54949,12987,Here's What 5 Years In Solitary Confinement Does To A Person. It's Not Pretty.,3287.0,3287.0,89.0,0.02707636142379069,0.01756376648417756
54950,12987,I Couldn't Survive Solitary Confinement For 1 Day. He Survived For 5 Years.,3327.0,3327.0,32.0,0.009618274721971746,0.009559154491595095
55023,13002,A Dude Busts Out An Epic Rant For Anyone Who Thinks Global Warming Is A Natural Thing To Ignore,3193.0,3193.0,20.0,0.006263701847792045,0.01825117979338617
55025,13002,A Poet Makes Me Have Feelings About The Earth. I Didn't Think Was Possible Anymore.,3192.0,3192.0,27.0,0.008458646616541353,0.006110810011790096
55026,13002,The Earth Isn't Going Anywhere. But We Might Be.,3196.0,3196.0,36.0,0.011264080100125156,0.00851011295703707
55033,13005,That Little Thing Around Her Wrist Probably Means We Need To Reverse Course. ASAP.,3184.0,3184.0,71.0,0.02229899497487437,0.013467874318954335
55034,13005,Her Bracelet Is A Warning From The Bottom Of The Sea. We Would Be Wise To Heed That Warning. NOW.,3164.0,3164.0,63.0,0.01991150442477876,0.014483667897706155
55053,13009,Leave A Newborn In Control And What Do You Think Is Gonna Happen?,3152.0,3152.0,70.0,0.022208121827411168,0.01796691267007441
55054,13009,"They Say The Beginning Is The Most Important Time, So Maybe We Should Pay More Attention",3268.0,3268.0,32.0,0.009791921664626682,0.00464571553458811
55055,13009,"WAAAAAAAAAAH! OK, Now That's Over, Let's Get Down To Business",3103.0,3103.0,36.0,0.01160167579761521,0.009035028847475046
55056,13010,The Science Behind America's Favorite Food: Pizza,3211.0,3211.0,16.0,0.004982871379632514,0.004146594963110633
55057,13010,It's No Random Coincidence Why Pizza Is So Damn Good,3159.0,3159.0,23.0,0.0072807850585628366,0.011414916625818679
55058,13010,This 3 Minute Video On The Chemistry Of Pizza Will Have You Salivating,3226.0,3226.0,16.0,0.0049597024178549285,0.005927815423045081
55059,13010,We Eat It. We Love It. But Have We Ever Thought About Why Pizza Is So Delicious?,3081.0,3081.0,17.0,0.00551768906199286,0.006552588697991867
55060,13010,You've Probably Thought About Eating Pizza. But Have You Ever Thought About It Like This?,3153.0,3153.0,26.0,0.008246114811290834,0.014661763686629532
55064,13012,A Bunch Of Little Kids Talk About The Frightening Reality They Face Every Day. It Gets Real.,3231.0,3231.0,43.0,0.013308573197152585,0.01837603083523593
55065,13012,"These Kids Face A Frightening Reality Every Day, But The Way Their Families Work Together Is Amazing",3130.0,3130.0,24.0,0.0076677316293929714,0.015570759726327188
55066,13012,Little Kids Talk About The Invisible Monster Their Families Face Every Day. It Gets Upsetting.,3161.0,3161.0,35.0,0.011072445428661816,0.01768913716592583
55067,13012,Little Kids Reveal The Frightening Reality They Face Every Day. Help Create Their Happy Ending.,3171.0,3171.0,47.0,0.014821822768842637,0.011083539746139993
55068,13012,Hear About The Scary Stuff These Little Kids' Families Deal With Every Day. It's Pretty Troubling.,3192.0,3192.0,31.0,0.009711779448621553,0.013986934719642227
55109,13021,Jane Fonda Wondering If She Was Really A Girl Is What You Get When A Woman Sheds All Her Shame,3260.0,3260.0,23.0,0.00705521472392638,0.024724116268612505
55111,13021,Jane Fonda Talking About Losing Her Mom To Suicide Is What You Get When A Woman Sheds All Her Shame,3325.0,3325.0,24.0,0.007218045112781955,0.018629611272198802
55112,13021,Jane Fonda Talking About Her First Trip To A Gyno Is What You Get When A Woman Sheds All Her Shame,3165.0,3165.0,27.0,0.008530805687203791,0.020271484563775647
55179,13036,They Recast These Classic Horror Scenes With Dudes. That's When It Got Kinda Weird.,3192.0,3192.0,53.0,0.016604010025062656,0.026647685022087836
55180,13036,What Happens When You Recast The Best Women's Horror Scenes With Dudes? It Gets Weird.,3233.0,3233.0,55.0,0.017012063099288585,0.027057067667096958
55182,13036,Watch The Best Women's Horror Movie Scenes Go From Scary To Weird When Recast With Dudes,3336.0,3336.0,51.0,0.015287769784172662,0.03073258626233972
55235,13046,"He Tried To Take Pills To Make It All Go Away, Until He Realized That He Couldn't Escape Himself",2987.0,2987.0,34.0,0.011382658185470372,0.012999522562335953
55236,13046,First He Found The Pills. Then He Took All Of Them. Then Everything Went Dark.,3104.0,3104.0,46.0,0.014819587628865979,0.02171333996687154
55237,13046,"He Took Pills To Make 'It' All Go Away, Until He Realized That 'It' Was His Truth",3053.0,3053.0,44.0,0.014412053717654767,0.010906878101004042
55238,13046,He Was Tired Of The Pain. He Thought All Of The Pills Would Make It Go Away.,3001.0,3001.0,35.0,0.01166277907364212,0.014659592405593117
55285,13055,Listening To Her Talk About Running 'Like A Girl' Makes Me Realize How Easy It Is For Me To Be A Boy,3058.0,3058.0,12.0,0.003924133420536298,0.012713723016108479
55287,13055,An Inspirational Story Of The Struggles Of Being A Girl,3122.0,3122.0,13.0,0.004163997437540038,0.009071924835492842
55288,13055,A Thoughtful Talk Made Me Want To Throw A Party In Honor Of Everyone Who Runs Like A Girl,3120.0,3120.0,9.0,0.0028846153846153848,0.006100896175466056
55289,13055,Why Running Like A Girl Should Be Celebrated,2952.0,2952.0,3.0,0.0010162601626016261,0.017231653913645298
55318,13062,"When An Animal-Cruelty Case Came Before This Judge, His Response Was “…Purrfect.”",3096.0,3096.0,34.0,0.010981912144702842,0.029321793127970383
55319,13062,Can A Cat or Dog Be A Victim? Not Legally. Not Until This Ruling Came Down.,3090.0,3090.0,16.0,0.005177993527508091,0.003442318608570416
55320,13062,"Animal Cruelty May Drive You Nuts, But No State Will Call Them Victims, Except This One",3041.0,3041.0,14.0,0.0046037487668530086,0.006960226760430512
55321,13062,"If Corporations Can Be Treated Like People, Doesn’t It Make Sense That Animals Should Be, Too?",3088.0,3088.0,14.0,0.0045336787564766836,0.00934194340082475
55322,13062,"If You Love Animals And Wonder Why We Don’t Treat Them Better, Here’s Some Justice Being Served",3087.0,3087.0,18.0,0.0058309037900874635,0.015790917429866644
55415,13079,A Hidden Camera Attached To Real Life People Shows What's Happening To Some Animals,3109.0,3109.0,21.0,0.006754583467352846,0.01874454620275989
55416,13079,A Director Gives A 'Behind The Scenes Look' Into An Animal World,3086.0,3086.0,16.0,0.005184705119896306,0.0001945365274128117
55417,13079,A Justice Seeking Director Is Giving Us A Backstage Look At Some Really Bad Happenings,3051.0,3051.0,16.0,0.005244182235332678,0.003719695930341791
55448,13084,A Whole Different Way At Looking At Ebola That Most Reporters Are Leaving Out,3038.0,3038.0,31.0,0.01020408163265306,0.015453838015708057
55565,13107,We Used To Want To Grow Up To Be Astronauts. Now What?,3034.0,3034.0,30.0,0.00988793671720501,0.0020783687258819645
55580,13111,California Is Having The Worst Drought Ever. And We're Drinking All Their Water?,3084.0,3084.0,15.0,0.0048638132295719845,0.011385903735489276
55581,13111,"I Was So Focused On Hating The Package, It Never Occurred To Me How Crazy What’s Inside Is",2998.0,2998.0,11.0,0.003669112741827885,0.012112313418555254
55582,13111,Are You A Rabid Plastic-Bottle Hater? You Probably Don't Know A Key Fact.,3085.0,3085.0,27.0,0.008752025931928687,0.014066819284341642
55583,13111,"Every Time You Buy A Bottle Of Water, An Angel In California Dies Of Dehydration",3232.0,3232.0,19.0,0.005878712871287129,0.012498191713801392
55584,13111,What Water Companies Are Doing In California Is So Completely Messed Up,3084.0,3084.0,22.0,0.007133592736705577,0.008984849086038686
55585,13111,"Drought Zone? Here, Let Us Help You Get Rid Of That Last Drop Of Water There.",2978.0,2978.0,9.0,0.0030221625251846875,0.01729739701847715
55666,13129,16 Things Buffy The Vampire Slayer Drilled Into My Skull,2986.0,2986.0,49.0,0.01640991292699263,0.020098700920797158
55667,13129,16 Things That Got Drilled Into My Brain Because Of Buffy The Vampire Slayer,3083.0,3083.0,47.0,0.015244891339604282,0.01544855698887498
55668,13129,16 Super Useful Lessons That Got Drilled Into My Skull Because Of Buffy The Vampire Slayer,3078.0,3078.0,54.0,0.017543859649122806,0.012550726349147879
55669,13129,16 Things That Got Drilled Into My Skull Because Of Buffy The Vampire Slayer,3126.0,3126.0,41.0,0.013115802943058221,0.01553938999779926
55670,13129,16 Pretty Important Things That Got Drilled Into My Skull Because Of Buffy The Vampire Slayer,3139.0,3139.0,53.0,0.016884358075820324,0.016916828806405472
55671,13129,16 Extremely Useful Lessons Buffy The Vampire Slayer Drilled Into My Skull,3037.0,3037.0,56.0,0.018439249259137307,0.01727648966075155
55672,13130,A Hidden Camera Attached To Real Life People Shows What's Happening To Some Animals,3039.0,3039.0,37.0,0.01217505758473182,0.018651053072111567
55674,13130,See The F&@#d Up Reason A Group Of Filmmakers Had To Hire A Professional Getaway Driver,3033.0,3033.0,22.0,0.007253544345532476,0.01753390458090884
55675,13130,"They Had To Go Deep Into Some Back Rooms To Find What They Were Looking For. Sadly, They Found It.",3254.0,3254.0,31.0,0.009526736324523662,0.020569465586407737
55677,13131,An Atheist Explains What He Believes,3034.0,3034.0,41.0,0.013513513513513514,0.020736607849562563
55697,13136,Listen To Some Of The Icky Things We Used To Do To Cure Diseases Before This Guy Invented Vaccines,3123.0,3123.0,21.0,0.0067243035542747355,0.009903996873712666
55698,13136,Hear Some Of The Astonishing Things We Used To Do To Cure Diseases Before This Guy Invented Vaccines,3117.0,3117.0,22.0,0.007058068655758742,0.015226979698573548
55847,13168,"A Touching Peek Into The Messy, Gross, Chaotic, Beautiful Life Of Stay-At-Home Moms",3050.0,3050.0,18.0,0.005901639344262295,0.01714933119604955
55848,13168,A Look At These SAHM Moms Made Me Want To Assume A Fetal Position And Call My Own,3060.0,3060.0,16.0,0.00522875816993464,0.022659601310067834
55849,13168,"We Call Them Stay-At-Home Moms, But Their Kids Call Them 'Doctor' And 'Teacher'",3015.0,3015.0,16.0,0.005306799336650083,0.011604697652322688
55850,13168,Three Different Families In Three Different States Show Us What They All Have In Common,3055.0,3055.0,8.0,0.002618657937806874,0.006737497970123371
55851,13168,She's Very Tired At The End Of The Day. Her Child Will Tell You Why.,3229.0,3229.0,25.0,0.00774233508826262,0.022775491593825328
55852,13168,They Say Life Changes When You Have A Baby. These Moms Make It All Seem Worth It.,3134.0,3134.0,19.0,0.006062539885130823,0.008195003926901643
56046,13206,No Need For The Birds And Bees In These Woods. There’s This Guy Instead.,3160.0,3160.0,15.0,0.004746835443037975,0.015763670994800756
56047,13206,You’ve Heard A Man Can Move A Mountain Stone-By-Stone? What This Guy Did Is Just As Jaw-Dropping.,3044.0,3044.0,32.0,0.010512483574244415,0.015909364670468065
56048,13206,"When I First Read About This Guy, I Thought I Read Wrong Because It Didn’t Seem Possible. Amazing.",3130.0,3130.0,33.0,0.010543130990415336,0.015779546959809918
56049,13206,There’s A Forest Holding This Island Together. The Weird Thing? Just One Guy Planted All The Trees.,3028.0,3028.0,19.0,0.006274768824306473,0.008786729968641976
56050,13206,"To Save A Place He Loves, He’s Been Doing This Every Day For 35 Years, And The Result Is Amazing",3060.0,3060.0,21.0,0.006862745098039216,0.0145269449165731
56051,13207,"When You Really Find Out What That Infamous Color Is All About, You're Gonna Need To Tell Everyone",2974.0,2974.0,25.0,0.008406186953597848,0.012174882066688028
56053,13207,"They Won't Tell You The Facts Behind This Pretty Color, Because Honestly, They're Pretty Ugly",3134.0,3134.0,38.0,0.012125079770261647,0.021949158890158804
56054,13207,Here's The Trick Companies Use To Try And Take Advantage Of Women (And Anyone Else With Compassion),3099.0,3099.0,28.0,0.0090351726363343,0.011944964322216093
56055,13207,Here's How Marketers Try To Take Advantage Of Women With Some Pretty Colors,3136.0,3136.0,32.0,0.01020408163265306,0.015689622544830892
56057,13208,"A Bunch Of Gross Facts About A Marketing Campaign Aren't Pretty. In Fact, They're Anything But.",3085.0,3085.0,35.0,0.011345218800648298,0.016025195994089417
56058,13208,2 Minutes Of Gross (But Hilarious) Facts About A Pretty Color That's Used In An Ugly Way,3050.0,3050.0,41.0,0.013442622950819673,0.018107904036675622
56059,13208,Here's What You Need To Know About A Campaign To Turn Something Really Important Into A Pretty Color,3138.0,3138.0,15.0,0.004780114722753346,0.014768898679182626
56061,13208,Here Are The Facts About How Something Important Became A Marketing Campaign With A Pretty Color,3058.0,3058.0,20.0,0.006540222367560497,0.016996280378843067
56081,13213,Want To Stop An Ebola Pandemic? There's Only One Way.,3120.0,3120.0,34.0,0.010897435897435897,0.0018751796737788914
56082,13213,"You're Probably Not Going To Like This Solution, But We Have A Way To Stop An Ebola Pandemic",3088.0,3088.0,47.0,0.01522020725388601,0.009352760046063516
56083,13213,How Serious Are You About Stopping An Ebola Pandemic? Serious Enough To Consider This?,3088.0,3088.0,33.0,0.010686528497409326,0.007571367425451046
56084,13213,The Absolute Top #1 Thing We Can All Be Doing To Prevent An Ebola Pandemic,3071.0,3071.0,39.0,0.012699446434386193,0.0044664479895096774
56085,13213,"If We Really Want To Stop An Ebola Pandemic In Its Tracks, There IS A Way",3038.0,3038.0,39.0,0.012837393021724819,0.007058569988091228
56163,13228,"It Was Like No Matter What Gig They Got, Something Horrifically Sexist Would Happen. Why?",3381.0,3381.0,22.0,0.006506950606329488,0.01893324648799952
56164,13228,Tell Me They're Asking For It When You Listen To These Women Tell You What Happened To Them At Work,3290.0,3290.0,32.0,0.009726443768996961,0.006461792132111367
56166,13228,Close Your Eyes And Listen To Them Describe It. Now Imagine Yourself Powerlessly Experiencing It.,3211.0,3211.0,25.0,0.007785736530675802,0.01397468299865233
56189,13234,She's Very Tired At The End Of The Day. Her Child Will Tell You Why.,4096.0,4096.0,33.0,0.008056640625,0.022797477778022993
56192,13234,They’re Not Royalty. They Rarely Leave Their Homes. So Why Do Some People Call Them Queens?,4210.0,4210.0,40.0,0.009501187648456057,0.008376586217475002
56193,13234,"They Work Long, Hard Hours. They Even Work For Free. So Why Do They Love It?",4013.0,4013.0,19.0,0.00473461250934463,0.0006934094656023751
56213,13239,Your Next Big Purchase? This Drone That You'll Use Every Day.,3909.0,3909.0,15.0,0.003837298541826554,0.012555042226798992
56214,13239,I Wasn't That Interested In Drones Until I Found Out We Could Actually Fly On One For Real,3918.0,3918.0,15.0,0.0038284839203675345,0.009719155109931397
56215,13239,You Might Never Fly A Plane But You Could Be The Pilot On One Of These,3860.0,3860.0,9.0,0.00233160621761658,0.009718820685430642
56216,13239,I'm Pretty Sure You Won't Believe Me But An Engineer Guy Just Invented A Flying Bike. Wanna Ride?,3904.0,3904.0,24.0,0.006147540983606557,0.01576032472083707
56217,13239,Imagine The Looks On Your Friends' Faces When You Pull Up In This Bizarrely Brilliant Vehicle,3938.0,3938.0,12.0,0.0030472320975114273,0.006801453174703874
56218,13239,Imagine How Excited People Got When Cars Were Invented. You Should Be As Excited About This.,3842.0,3842.0,13.0,0.00338365434669443,0.008918900401328336
56350,13266,She's Revealing The Most Honest Part Of Herself In Public And She's Not Embarrassed One Bit.,4268.0,4268.0,51.0,0.011949390815370197,0.008530368556049155
56351,13266,"She Stutters So It Can Be Hard To Get The Words Out, But When She Does They're Raw and Pure",4111.0,4111.0,34.0,0.008270493797129653,0.02381512595610393
56353,13266,This Is What She Sounds Like. It Might Be Different But It's The Honest Real Part About Her.,4087.0,4087.0,52.0,0.012723268901394667,0.009236500408254446
56354,13266,She's Uses Difficult Words In Front Of A Crowd And She Stutters. This Is What She Sounds Like.,4074.0,4074.0,54.0,0.013254786450662739,0.017921018157277938
56355,13266,"It Might Take Her Longer To Get The Words Out, But When She Does, The Crowd Cheers Her Honesty",4070.0,4070.0,48.0,0.011793611793611793,0.015742909438785646
56499,13294,Robert Reich: People Vs. Big Soda,3789.0,3789.0,17.0,0.0044866719451042494,0.006278949873505541
56500,13294,"Like Coke And Pepsi? Well, Guess What They’re Doing To Influence Laws In Your State.",3947.0,3947.0,16.0,0.0040537116797567775,0.0026578338378961883
56501,13294,The Really Sneaky Way That Coke And Pepsi Are Trying To Be Really Evil ‘People’,3946.0,3946.0,23.0,0.005828687278256462,0.013698983849835526
56502,13294,"There’s A David And Goliath Story In The Works In Berkeley, California. What’s It About? Soda Pop.",3891.0,3891.0,9.0,0.002313030069390902,0.005576485402242491
56503,13294,"Coke And Pepsi Are People Now, So They Can Call You And Lie To You. Robert Reich Will Tell You More.",3861.0,3861.0,11.0,0.002849002849002849,0.00983179975662072
56504,13294,"Coke And Pepsi Are People Now, So They Can Call You And Basically Lie To You?",3843.0,3843.0,5.0,0.0013010668748373666,0.008441309049967169
56505,13294,Like Coke Or Pepsi? You Might Not Like Them As Much After You Hear What They're Doing ...,3887.0,3887.0,24.0,0.0061744275791098535,0.017067862475326684
56675,13329,His Friend Posted On Facebook About A Random Event. It Ended Up Changing His Life.,3092.0,3092.0,34.0,0.010996119016817595,0.010782059416399365
56676,13329,The Odds That A Facebook Post Changes Your Life? Slim. The Fact That It Happened To This Guy? Whoa.,3112.0,3112.0,29.0,0.009318766066838046,0.013012115270210104
56678,13329,It's Not Every Day A Facebook Post Changes Your Life. It's Not Every Day You Hear A Story Like His.,3002.0,3002.0,25.0,0.008327781479013991,0.011484053314089148
56763,13346,Here's A Made Up Solution To Accidental Racism That Too Many People Wish Existed,3048.0,3048.0,32.0,0.010498687664041995,0.012420567748578295
56764,13346,"'Racism Insurance' Isn't A Real Thing, But Plenty Of People Wish It Was",3139.0,3139.0,24.0,0.007645747053201656,0.0027748722912684367
56766,13346,"His Compliment Was Accidentally Racist. Thankfully, He Had Insurance.",3152.0,3152.0,41.0,0.01300761421319797,0.01785652438167451
56799,13353,"We All Like To Think Good Friends, But There's One Situation Most Of Us Aren't Prepared For",3035.0,3035.0,18.0,0.005930807248764415,0.017624623680452346
56801,13353,"'I've Been Sexually Abused,' Says A Friend. Here's How A Psychologist Thinks We Should React.",3053.0,3053.0,24.0,0.007861120209629872,0.019476338587713297
56802,13353,A Friend Reveals A Horrible Trauma. What Do You Say? This Psychologist Has Answers.,3171.0,3171.0,23.0,0.007253232418795333,0.018214723551689835
56803,13353,"I Wouldn't Know How To React If A Friend Told Me This. Fortunately, This Psychologist Has Advice.",3111.0,3111.0,21.0,0.006750241080038573,0.02121264104850355
56804,13353,Imagine A Friend Told You They Had A Terribly Traumatic Thing Happen To Them. What Would You Say?,3037.0,3037.0,23.0,0.007573263088574251,0.010417796846329052
56848,13363,Children Walking On Halloween Night Are In Real Danger. Is It What You Think?,3053.0,3053.0,38.0,0.012446773665247298,0.02595858950826322
56849,13363,"Children Are At Serious Risk On Halloween, And It's Not From Eating All That Candy",3130.0,3130.0,30.0,0.009584664536741214,0.016431936475938085
56850,13363,What's The Scariest Thing About Halloween? Here’s A Fact Check On That.,3138.0,3138.0,28.0,0.008922880815806247,0.011630661950883081
56851,13363,"Halloween Is A Scary Time, So Here's A Clue About What You Should Really Be Afraid Of.",3010.0,3010.0,15.0,0.0049833887043189366,0.014621427379034577
56875,13368,This Is How A Tragedy Like The Ottawa Attack Should Be Reported. I Even Smiled At The End.,3086.0,3086.0,59.0,0.01911860012961763,0.019251528060681776
56876,13368,This Is How A Tragedy Like The Ottawa Attack Should Be Reported. I Even Smiled At The End.,3119.0,3119.0,44.0,0.014107085604360373,0.019251528060681776
56879,13368,This Is How A Tragedy Like The Ottawa Attack Should Be Reported. I Even Smiled At The End.,3082.0,3082.0,86.0,0.027903958468526932,0.019251528060681776
56928,13379,"If Your Halloween Costume Is One Of These, Don't Panic. There's Still Time To Reconsider.",4178.0,4178.0,44.0,0.010531354715174725,0.017212085927172598
56929,13379,You've Got Your Heart Set On Being Whatever It Is You're Being For Halloween. But Is It Offensive?,4354.0,4354.0,18.0,0.004134129536058797,0.016269338270846735
56930,13379,Be Honest: Does Your Halloween Costume Fall Into This Category? There's Still Time To Change It!,4319.0,4319.0,29.0,0.006714517249363279,0.015515335108790823
56932,13379,'It Seemed Like A Good Idea At The Time!' Why Blackface And Other Things Are A No-Go For Halloween,4330.0,4330.0,27.0,0.0062355658198614316,0.00940480702167034
56933,13379,"On A Scale Of 0 To 10, How Offensive Is Your Costume?",4405.0,4405.0,45.0,0.01021566401816118,0.01609796022612971
56976,13389,This Kid's Skin Falls Off If He Moves Wrong. He Still Cracks Jokes About It. Funny Jokes.,6042.0,6042.0,100.0,0.0165508109897385,0.018933343304144437
56977,13389,This Kid's Skin Falls Off If He Moves Wrong. He Still Cracks Jokes About It. With Rock Stars.,6057.0,6057.0,106.0,0.017500412745583623,0.020636300554067587
56978,13389,This Kid's Skin Falls Off If He Moves Wrong. He Still Cracks Jokes About It. You Would Too.,6419.0,6419.0,142.0,0.022121825829568467,0.021384987538625812
56979,13389,This Kid's Skin Falls Off If He Moves Wrong. He Still Makes Jokes About It. I Would Too.,6230.0,6230.0,109.0,0.01749598715890851,0.019633834352263006
57178,13432,"Get The Door, It's...A Sexy Girl Scout???",4332.0,4332.0,24.0,0.00554016620498615,0.012806362294057287
57179,13432,One Big Question: This A Trick Or A Treat?,4348.0,4348.0,26.0,0.005979760809567618,0.01
57180,13432,"Ladies, If You've Ever Shopped For A Halloween Costume, You Must See This",4343.0,4343.0,86.0,0.019801980198019802,0.020413637774553076
57182,13433,"In 60 Seconds, He Can Teach You How To Win Every Argument You're Ever In",4263.0,4263.0,68.0,0.01595120806943467,0.028105976982986648
57183,13433,A Shirtless Wise Man Came To Me In A Dream To Tell Me How To Win Arguments. Wait — It Was A Video.,4295.0,4295.0,21.0,0.004889406286379511,0.009213412318303322
57184,13433,He Doesn't Need A Shirt On To Tell You How To Win An Argument Every Time,4346.0,4346.0,23.0,0.00529222273354809,0.008607227524616198
57185,13433,I Like To Think Of His Shirtless-ness As A Metaphor For The Naked Truth He's About To Share,4309.0,4309.0,29.0,0.006730099791134834,0.009169858868733356
57186,13433,Ever Have An Ugly Argument? His Advice Will Make You See A Better Way To Win Them.,4338.0,4338.0,25.0,0.005763024435223606,0.006946622806449785
57187,13433,"If You Find Yourself In An Argument, This Shirtless, Wise Man's Advice Will Help You Win",4320.0,4320.0,31.0,0.007175925925925926,0.021377389091484483
57214,13439,"Everywhere These Mysterious People Are, 1 Famous Man Can’t Be",4218.0,4218.0,33.0,0.007823613086770981,0.006076073493641997
57216,13439,Authorities Took His Passport. His Supporters Are Doing Some Very Creative Protesting.,4319.0,4319.0,42.0,0.009724473257698542,0.014389713872794186
57245,13445,Your Job Security Might Depend Upon Who You Date. You're Safe In California. How's Your State?,3887.0,3887.0,11.0,0.002829945973758683,0.00308328044809672
57246,13445,Some Could Be Carrying A Full Cardboard Box Home For Being Gay In North Carolina. How's Your State?,3833.0,3833.0,14.0,0.003652491521001826,0.00872367295931761
57247,13445,No One Ever Has To Carry A Full Cardboard Box Home In Massachusetts For Being Gay. How's Your State?,3896.0,3896.0,10.0,0.002566735112936345,0.013342293889784144
57248,13445,"In Texas, The Job Laws Don't Protect You Very Well. Is Your State As Awful Or Better?",3915.0,3915.0,12.0,0.0030651340996168583,0.01
57249,13445,You Can Mention You And Your Love's Commitment Ceremony At Work In Massachusetts. How's Your State?,3871.0,3871.0,10.0,0.0025833118057349523,0.009106964749549855
57250,13445,"Men, You Can Get Fired In North Carolina For Eyeing Their Boss's Son (Bad Idea Anyway.) Your State?",3841.0,3841.0,18.0,0.004686279614683676,0.0175416096022745
57251,13445,Men Can't Get Fired In Massachusetts For Checking Out Their Boss's Son (Bad Idea.) How's Your State?,4013.0,4013.0,12.0,0.00299028158484924,0.010745687692975379
57252,13445,You Should Use Vague Pronouns To Describe Your Lover At Work In North Carolina. How's Your State?,3915.0,3915.0,18.0,0.004597701149425287,0.004142176030862704
57282,13452,"In 60 Seconds, He Can Teach You How To Win Every Argument You're Ever In",4329.0,4329.0,96.0,0.022176022176022176,0.028105976982986648
57283,13452,"In 60 Seconds, He'll Teach You How To Never Lose Another Argument Again",4277.0,4277.0,99.0,0.02314706570025719,0.023671605554595118
57284,13452,Win Every Argument You're Ever In! He'll Tell You How In 60 Seconds.,4235.0,4235.0,70.0,0.01652892561983471,0.015032905825838144
57285,13452,60 Seconds Of Your Time With This Guy And You'll Never Again Lose An Argument,4357.0,4357.0,84.0,0.019279320633463392,0.016055876776130205
57286,13452,"In 60 Seconds, He Can Break Down How To Win Every Argument You're Ever In",4346.0,4346.0,67.0,0.015416474919466176,0.02749791812927153
57287,13452,"In 60 Short Seconds, He Can Help You Win Every Argument You're Ever In",4323.0,4323.0,74.0,0.017117742308582002,0.01947987510143285
57393,13475,"Guys, Have You Ever Wondered What It's Like To Wear A Ladies' Halloween Costume?",3869.0,3869.0,62.0,0.016024812613078313,0.016441305635465513
57394,13475,"If You've Ever Looked At Halloween Costumes For Women, You Must See This",3899.0,3899.0,72.0,0.01846627340343678,0.022792483695704937
57396,13475,"Ladies, If You've Ever Shopped For A Halloween Costume, You Must See This",3917.0,3917.0,69.0,0.017615522083226958,0.020397883922712856
57407,13478,Watch A Teen Girl List A Buncha Stuff She Cares About. It's Not What You Think.,3878.0,3878.0,29.0,0.007478081485301702,0.019835382279462497
57408,13478,She's Listing Everything She Cares About ... And I Just Want To Elect Her President Already,3853.0,3853.0,17.0,0.004412146379444588,0.006422895607019523
57409,13478,A Really Important Day is Coming Up. Are You Ready? Cuz She Is And She Can't Even Drink Yet.,3900.0,3900.0,14.0,0.0035897435897435897,0.012234443972182924
57410,13478,"She Explained Voting To Her Confused State Senator At 12. Now, She's Doing This. It Rules.",3912.0,3912.0,33.0,0.00843558282208589,0.012720163030684732
57411,13478,Let A 13-Year-Old Casually Get You Fired Up About Something She Can't Even Do Yet,3946.0,3946.0,34.0,0.008616320324379118,0.021206366993699134
57458,13487,He May Fake It In The Ring But His Comments About Gay Marriage Are Foooor Real,3820.0,3820.0,56.0,0.014659685863874346,0.00609972763296643
57460,13487,Stone Cold Steve Austin Warmed My Heart When He Talked About Gay Marriage,3912.0,3912.0,40.0,0.010224948875255624,0.016111579106964077
57461,13487,An Outspoken Wrestler Gave His Opinions On Gay Marriage And His Podcast Heard Them Loud And Clear,3985.0,3985.0,48.0,0.01204516938519448,0.006919259534800212
57462,13487,The Worlds Most Famous Wrestler Put The Sleeper Hold On The Gay Marriage Talk,3938.0,3938.0,68.0,0.017267648552564754,0.014330122720198119
57463,13488,A Lesson About Rape Culture ... By A 4-Year-Old Boy?,3938.0,3938.0,75.0,0.01904520060944642,0.029717925686633433
57464,13488,"A Lesson We Can All Learn From, As Spoken By An Adorable 4-Year-Old",3872.0,3872.0,43.0,0.011105371900826446,0.021006345750913872
57465,13488,Probably The Most Basic Lesson On 'No Means No' You'll See Today,3844.0,3844.0,49.0,0.012747138397502602,0.01621880524383368
57466,13488,How A 4-Year-Old Boy Learned That 'No Means No' — And Why That Makes Me So Proud,3969.0,3969.0,44.0,0.011085915847820609,0.023191120685618488
57491,13493,"Teen Wonder Wants You (Yes, You) To Do Something Super Important Soon. Because Democracy.",3900.0,3900.0,27.0,0.006923076923076923,0.007264863940216415
57492,13493,This Teen Wonder's List Of 'Important' Things Sure Surprised Me. How About You?,3922.0,3922.0,38.0,0.009688934217236104,0.017434465762898817
57493,13493,"If You've Thought This Country Is Falling Apart, This Teen Wonder Has A Few Good Suggestions For Ya",3973.0,3973.0,47.0,0.01182985149760886,0.013400331428286914
57494,13493,A 13-Year-Old's List Of 'Important' Things Sure Has Me Surprised,3805.0,3805.0,36.0,0.009461235216819974,0.017913489114630428
57495,13493,She Explained Voting To Her Confused State Senator At 12. Now She's Explaining This. For You.,3898.0,3898.0,39.0,0.010005130836326322,0.010992323623459239
57565,13507,Meet The Law That's Bringing Voter Suppression Back From History,3798.0,3798.0,8.0,0.00210637177461822,0.0019196853232084092
57568,13507,Meet The Texas Law That Makes Conceal-And-Carry Gun Permits More Important Than College IDs,3994.0,3994.0,13.0,0.003254882323485228,0.010747952880056748
57584,13511,"It's Kinda Like 'Goldilocks.' You Need Just The Right Amount, Not Too Little And Not Too Much.",3068.0,3068.0,24.0,0.007822685788787484,0.0021986182305801442
57585,13511,We Can All Agree It's An Absolute Necessity. But How Much Should You Be Getting?,3090.0,3090.0,20.0,0.006472491909385114,0.01
57587,13511,I Used To Say That Sleep Is Overrated. Then I Learned Some Stuff. Turns Out: Sleep's Not Overrated.,3017.0,3017.0,10.0,0.003314550878355983,0.008228965555540424
57609,13516,"Here's How America Got Really Broken. No, I Mean, Like, SUPER, Corruption All-The-Time Broken. Ugh.",3887.0,3887.0,17.0,0.004373552868536146,0.01423595766632365
57610,13516,"Watch This Little Bit Of History, And Then Scream Loudly Into A Pillow <-- 'Cause You're Angry",3963.0,3963.0,21.0,0.005299015897047691,0.012605585669472947
57611,13516,"Here's EXACTLY Why People Get Apathetic. Thanks A Lot, People Who Abuse The System!",3969.0,3969.0,21.0,0.005291005291005291,0.008543902477116585
57612,13516,"Their Ad Accused A Judge Of Being 'Not Tough On Child Molesters,' Because That Is Our Broken System",3883.0,3883.0,14.0,0.0036054596961112542,0.008689840604104299
57613,13516,"Bill Clinton May Have Been A Decent President, But He Was Pretty Much As Guilty Of This As The Rest",3826.0,3826.0,15.0,0.003920543648719289,0.010237925810368533
57711,13537,‘These Are Notes On Loving A 5-Time Felon’,3808.0,3808.0,22.0,0.005777310924369748,0.010210100001301297
57712,13537,‘The Thing About Prison Is That Everyone Is On The Inside’,3839.0,3839.0,20.0,0.005209690023443605,0.008590148708046228
57713,13537,"Her College Class Talks Abstractly About Prisons, But She’s Seen Inside Those Walls",3957.0,3957.0,17.0,0.00429618397776093,0.009833328816219167
57714,13537,'Where You Learn To Love Men That Cannot Tell You The Shape That A Fist Can Morph A Jawbone Into',4009.0,4009.0,25.0,0.006235969069593414,0.012082631558715723
57715,13537,"Her Big Brother Taught Her Many Things, But Some Of Them Haunt Her",3929.0,3929.0,33.0,0.008399083736319674,0.019776731328312397
57716,13537,"When He Asks You To Bury His Gun In Your Back Yard, Say ‘No.’",3819.0,3819.0,28.0,0.007331762241424456,0.011860002037332649
57725,13540,"They Made A Real Space Mission Seem Like The Freaking 'Dark Knight,' And I Loved Every Second",3908.0,3908.0,17.0,0.004350051177072671,0.0011140042333962208
57726,13540,They Made A Sci-Fi Movie About A Real Space Mission. Stunning.,3966.0,3966.0,38.0,0.009581442259203227,0.011128436446356083
57729,13540,"This Stunning Sci-Fi Movie Has A 1 Word Title, And At 2:25 It Finally Starts To Make Sense",3921.0,3921.0,37.0,0.009436368273399644,0.022982517463692138
57767,13549,Teens Making Cellphone Videos About Something Too 'Grown-Up' For Them,5015.0,5015.0,37.0,0.007377866400797607,0.012927123633015005
57768,13549,Now Here's The Kind Of Cellphone Video Parents Can Be Glad Their Kids Are Making,5011.0,5011.0,30.0,0.005986828976252245,0.011051586497764661
57769,13549,"If I Caught My Kid Making One Of These Videos, I'd Be ... Really Proud, Actually",4970.0,4970.0,38.0,0.007645875251509054,0.01633926650741579
57770,13549,These Kids Have A Pretty Serious Problem In Common. But They Won't Let It Hold Them Back.,4826.0,4826.0,29.0,0.0060091172813924575,0.004649582985214692
57771,13549,"If They Could Do It, They Totally Would. But They Can't. So They're Counting On You.",4721.0,4721.0,20.0,0.004236390595212879,0.004551352643542859
57772,13549,These Kids Made Some Amateur Videos That You Really Only Have To Watch Once. You'll Get The Point.,4944.0,4944.0,34.0,0.006877022653721683,0.017253544798732784
57773,13549,"An Unfortunate Circumstance Affecting Millions Of Kids Who Give A Crap, Like, Every Couple Of Years",4938.0,4938.0,32.0,0.0064803564196030785,0.01663421065122009
57893,13575,She Felt Lonely Without Her Phone. Now She Feels Lonely For A More Devastating Reason.,4098.0,4098.0,49.0,0.011957052220595413,0.016472974471556594
57894,13575,"When She Saw Her Daughters Facebook Page Asking For Someone To Please Be Her Friend, She Broke Down",4045.0,4045.0,127.0,0.031396786155747834,0.021353586075865502
57895,13575,She Was A Role Model. She Made The Biggest Mistake. Now She's A Role Model For A Different Reason.,4154.0,4154.0,84.0,0.020221473278767454,0.02434887361319729
57896,13575,"It Was A Typical Morning, But 12 Hours Later She Was Staring At Her Bald Daughter In The Hospital",4026.0,4026.0,87.0,0.021609538002980627,0.010177709837565357
57897,13575,Her Friends Were There During The Hardest Time Of Her Life. Until They Got Tired Of Her Problems.,4165.0,4165.0,79.0,0.018967587034813927,0.014683919904875206
57898,13575,"What She Did Made Her Want To Cry, But Her Body Wouldn't Even Let Her Do That Anymore",4142.0,4142.0,55.0,0.013278609367455336,0.014235801412079956
57929,13581,"Colbert Talks About Blowing Up Capitalism, And It’s Not As Scary As I Thought It’d Be",4227.0,4227.0,18.0,0.0042583392476933995,0.005045329030654121
57930,13581,"Capitalism Has Been Attacking Us, And One Woman Is Attacking Back",4123.0,4123.0,20.0,0.004850836769342712,0.011130740989525831
57931,13581,The Rich Are Getting Rich By Messing Up The Places The Rest Of Us Have To Live,4036.0,4036.0,25.0,0.0061942517343904855,0.010361345479868597
57932,13581,"Why Does Naomi Klein, A Rather Successful Person, Want To End Capitalism?",4017.0,4017.0,18.0,0.004480955937266617,0.009295746246393536
57933,13581,"Capitalism Is Destorying Our Planet. To Save Our Planet, Should We Destroy Capitalism?",4140.0,4140.0,22.0,0.005314009661835749,0.004417867686205416
58000,13596,"They Thought She Was Alone, But A Go-Pro Was Recording The Whole Time",5561.0,5561.0,117.0,0.021039381406221903,0.018772826086720186
58002,13596,"She Went Out In A T-Shirt And Jeans, But She Wasn't Alone. Here's What The Go-Pro Captured.",5627.0,5627.0,119.0,0.021148036253776436,0.01601995981843596
58003,13596,She Stepped Out In A T-Shirt And Jeans. So You Can *Probably Guess* What The Go-Pro Captured.,5631.0,5631.0,105.0,0.018646776771443795,0.017523723139131274
58004,13596,"Each Guy Thought She Was Alone, But A Go-Pro Was Recording The Whole Time",5579.0,5579.0,118.0,0.021150743860906974,0.019536125264570665
58005,13596,"She Was Never 'Asking For It', And This Go-Pro's Got The Proof",5625.0,5625.0,104.0,0.018488888888888888,0.015822084105296293
58051,13605,"Sometimes, All It Takes To Make It Easier Is To Know You're Not Alone. #YouGotThis",5073.0,5073.0,19.0,0.003745318352059925,0.0036295757848493386
58052,13605,"Sometimes, All It Takes To Make It Easier Is To Know You're Not Alone",5054.0,5054.0,14.0,0.002770083102493075,0.009502778862357484
58053,13605,30 People Who Have Never Met Bond Over The 1 Big Thing They Have In Common,5072.0,5072.0,25.0,0.004929022082018927,0.0056278336038132325
58054,13605,30 Women Who Have Never Met Each Other Share Their Deepest Parenting Truths. And Nobody Judges Them.,5178.0,5178.0,26.0,0.005021243723445346,0.012925973427507002
58055,13605,"30 Strangers Agree: No Matter How You Do It, It's Challenging And Rewarding",5151.0,5151.0,20.0,0.0038827412152980002,0.007413961200024792
58068,13608,"2 Minutes Later I'm Not Giving Up My Sexy Halloween Costumes, But Now I Know Why",5752.0,5752.0,49.0,0.008518776077885953,0.014023302799985468
58069,13608,It Was *Their Choice* To Dress Up All Sexy. Why Does It Seem So Weird Then?,5627.0,5627.0,58.0,0.010307446241336414,0.009578282451164401
58070,13608,"Some Bros Dress Up In Sexy Halloween Costumes. Weird, I Feel *So* Understood.",5658.0,5658.0,52.0,0.009190526687875575,0.0059413645908457085
58090,13614,This Famous Actor Has A Poignant Response To A Reporter That Tells Him It's Weird She Finds Him Sexy,5739.0,5739.0,120.0,0.020909566126502875,0.03671594224594896
58091,13614,This Famous Actor Has A Poignant Response To A Reporter That Tells Him It's Weird She Finds Him Sexy,5538.0,5538.0,156.0,0.028169014084507043,0.036698009434476576
58092,13614,This Famous Actor Has A Poignant Response To A Reporter That Tells Him It's Weird She Finds Him Sexy,5641.0,5641.0,147.0,0.026059209360042544,0.036698009434476576
58093,13614,Daniel Radcliffe Has A Poignant Response To A Reporter That Tells Him It's Weird She Finds Him Sexy,5698.0,5698.0,136.0,0.023868023868023867,0.0411217581321631
58094,13614,This Famous Actor Has A Poignant Response To A Reporter That Tells Him It's Weird She Finds Him Sexy,5534.0,5534.0,133.0,0.02403324900614384,0.03671594224594896
58095,13614,This Famous Actor Has A Poignant Response To A Reporter That Tells Him It's Weird She Finds Him Sexy,5532.0,5532.0,155.0,0.02801879971077368,0.03671594224594896
58111,13618,Her Sister Set Herself On Fire To Escape The Abuse. Now She's Risking It All To Take A Stand.,3897.0,3897.0,78.0,0.020015396458814474,0.015811160137342822
58112,13618,"These Brave Muslim Women Don't Want Your Sympathy, They Want You To Stand With Them For Change",3876.0,3876.0,58.0,0.014963880288957688,0.01454857443962624
58113,13618,Seeing These Women Risk Their Lives To Fight Child Marriage Is So Powerful It Gave Me Goosebumps,3861.0,3861.0,66.0,0.017094017094017096,0.016058407222498343
58115,13618,How Child Marriages And Domestic Abuse Have Nothing To Do With So Called 'Honor',3881.0,3881.0,47.0,0.012110280855449627,0.010206130288981752
58149,13626,A Look At Domestic Violence From A *Wildly* Different Perspective. Economy And Jobs.,3637.0,3637.0,42.0,0.01154797910365686,0.0046045146764234265
58150,13626,2 Images About Economics Might Change The Way You Think About Domestic Violence,3715.0,3715.0,48.0,0.012920592193808884,0.004275328952874399
58151,13626,A *Wildly* Different Perspective On Domestic Violence In Just 2 Images,3733.0,3733.0,130.0,0.0348245379051701,0.023291422570022032
58152,13626,These 2 Images Will Make You Look At Domestic Violence From A *Wildly* Different Perspective,3667.0,3667.0,110.0,0.029997272975184074,0.02002364976385843
58159,13628,"When She Saw Her Daughter's Facebook Page Asking For Someone To Please Be Her Friend, She Broke Down",3566.0,3566.0,118.0,0.03309029725182277,0.020835541177217615
58160,13628,"She Went On Facebook Asking For Someone To Please Be Her Friend, But Nobody Would",3737.0,3737.0,127.0,0.03398447952903398,0.010691867675668244
58161,13628,"It Broke Her Heart Seeing Her Daughter's Facebook Page, Asking For Someone To Please Be Her Friend",3713.0,3713.0,164.0,0.04416913546997037,0.017544655535641947
58162,13628,"When She Saw Her Daughter's Facebook Asking For Someone To Please Be Her Friend, She Broke Down",3676.0,3676.0,119.0,0.0323721436343852,0.018539751921085423
58163,13628,"After Seeing Her Daughter Plead For Friends Online, She Couldn't Hold Back Her Tears",3648.0,3648.0,96.0,0.02631578947368421,0.012414868028871264
58164,13628,"She Cried When She Saw Her Daughter's Words 'Please Be My Friend, I Have Nobody To Hang Out With'",3757.0,3757.0,111.0,0.029544849614053768,0.01307309964646715
58177,13631,They Went To Rescue A Pitbull Who's Family Abandoned Him After A Fire: They Found One Relieved Dog,3740.0,3740.0,48.0,0.012834224598930482,0.00605947967327485
58178,13631,An Abandoned Pitbull Waited For His Family To Return After A Fire But Someone Else Came Instead,3628.0,3628.0,57.0,0.015711135611907387,0.009526576858105162
58179,13631,"An Abandoned Pitbull Is So Hungry He Eats A Hamburger And The Paper, But He's So Relieved",3738.0,3738.0,73.0,0.019529159978598182,0.008061490481655368
58180,13631,"When A Poor Pitbull's Family Abandones Him After A Fire You Think He'd Be Angry, Not This Guy",3679.0,3679.0,49.0,0.01331883664039141,0.00872211837039279
58181,13631,You Can Still See The Soot On His Nose From The Fire But The Rescuers Won't Get A Fight From Him,3579.0,3579.0,30.0,0.008382229673093043,0.01
58182,13631,His Family's House Burned Down In A Fire So They Packed Up And Left. And Left Him Behind.,3726.0,3726.0,54.0,0.014492753623188406,0.011192126386608367
58191,13634,The Crucial Distinction To Make When Debating Unrealistic Depictions Of Women AND Men In Video Games,3661.0,3661.0,25.0,0.0068287353182190655,0.019497768329734714
58192,13634,"He's Just A Gamer, Standing In Front Of A Green Screen, Asking Gamers To Use Their Logic Brains",3675.0,3675.0,23.0,0.006258503401360544,0.006050035300690538
58262,13649,Columbia Expected 625 Students To Report Sexual Assault. The Actual Number That Did Is Shocking.,3706.0,3706.0,46.0,0.0124123043712898,0.011532613548220317
58263,13649,An Ivy League Expected 625 Women To Report Sexual Assault. The Actual Number That Did Is Shocking.,3629.0,3629.0,38.0,0.010471204188481676,0.00981101278451452
58264,13649,One College Expected 625 Women To Report Sexual Assault. The Actual Number That Did Is Shocking.,3670.0,3670.0,43.0,0.011716621253405994,0.01115298106834746
58265,13649,One College Expected 625 Students To Report Sexual Assault. The Actual Number? Shocking.,3685.0,3685.0,43.0,0.011668928086838535,0.01033628571032896
58266,13649,One College Expected 625 Students To Report Sexual Assault. The Actual Number Is Shocking.,3750.0,3750.0,42.0,0.0112,0.011563936706485145
58284,13653,This Essay Serves As The Final Chapter Of A Hard Childhood,3676.0,3676.0,23.0,0.006256800870511426,0.0034169918530145074
58285,13653,This Essay Closes A Chapter On This Girl's Difficult Childhood,3725.0,3725.0,17.0,0.004563758389261745,0.009140518946782712
58311,13658,What Happens To Kids Who Are Raised By Single Dads vs Single Moms? Not Much It Turns Out.,3704.0,3704.0,29.0,0.00782937365010799,0.004022317176759515
58340,13663,They Expected 625 Reports Of Sexual Assault. They Only Received 7. And It's Not Worth Celebrating.,3741.0,3741.0,22.0,0.005880780539962577,0.007021196861926906
58341,13663,Columbia Estimated 625 Reports Of Sexual Assault But Only Received 7. We Shouldn't Celebrate That.,3625.0,3625.0,14.0,0.0038620689655172414,0.006493536090939771
58342,13663,Columbia Estimated 625 Reports Of Sexual Assault But Only Received 7. And That's Not A Good Thing.,3701.0,3701.0,8.0,0.0021615779519048904,0.005649524645757227
58343,13663,Columbia University Estimated 625 Reports Of Sexual Assault But Received 7. That's Not A Good Thing.,3754.0,3754.0,12.0,0.0031965903036760787,0.008220256130630547
58344,13663,An Ivy League Estimated 625 Reports Of Sexual Assault But Only Received 7. That's Not A Good Thing.,3782.0,3782.0,18.0,0.004759386567953464,0.004668873315367202
58346,13664,There's Something Wrong With What This Girl Did To Her Family. And Now She Knows.,3713.0,3713.0,45.0,0.012119579854565042,0.03511366837416703
58347,13664,There's Something Wrong With What This Woman Did During Her Parent's Divorce. And Now She Knows.,3766.0,3766.0,35.0,0.00929368029739777,0.030280620101182456
58348,13664,There's Something Wrong With What This Daughter Did During The Divorce. And Now She Knows.,3655.0,3655.0,31.0,0.008481532147742818,0.03092554116346452
58349,13664,"There's Something Wrong With What This Girl Did During Her Childhood, And Now She Knows",3663.0,3663.0,43.0,0.01173901173901174,0.029838608078082758
58350,13664,There's Something Wrong With What This Girl Did During The Divorce. And Now She Knows.,3733.0,3733.0,37.0,0.00991159924993303,0.03592792414407662
58362,13666,Could Being Gay Cost You A Job In Your State?,3732.0,3732.0,20.0,0.0053590568060021436,0.0010923061891822592
58363,13666,Could Being Gay Cost You A Job In North Carolina?,3658.0,3658.0,12.0,0.0032804811372334607,0.0051603286018907235
58364,13666,Could Being Gay Cost You A Job In Massachusetts?,3756.0,3756.0,15.0,0.003993610223642172,0.007415194286522519
58365,13666,How Some Employers Are Getting Away With Sticking Their Nose In Your Bed. Kinda Gross Right?,3682.0,3682.0,12.0,0.0032590983161325366,0.006136968277120238
58366,13666,How North Carolina Is Getting Away With Sticking Their Nose In Everyone's Bed. Kinda Gross Right?,3491.0,3491.0,15.0,0.00429676310512747,0.004491832409046379
58367,13666,"How Massachusetts Doesn't Sticking Their Nose In Everyone's Bed, Cause That's Kinda Gross, Right?",3602.0,3602.0,6.0,0.001665741254858412,0.006217550519204032
58368,13666,Would You Want Your Boss To Pick Out Who You Date? It’s Kinda Happening In North Carolina.,3832.0,3832.0,26.0,0.006784968684759917,0.006361355932808862
58369,13666,Would You Want Your Boss To Pick Out Who You Date? Don't Worry About It If You're In Massachusetts.,3661.0,3661.0,17.0,0.004643540016388965,0.008099802679404954
58370,13666,Check Out To See If Your State Allows Your Boss To Have This Bizarre And Kinda Creepy Right Over You,3711.0,3711.0,32.0,0.008623012665049851,0.013934679233064759
58401,13671,"If You Know Anyone Afraid Of Catching Ebola, You Should Watch This",7084.0,7084.0,66.0,0.009316770186335404,0.01327418730207729
58403,13671,Sick Of Ebola? I Am Too. Send This To People Who Keep Talking About It.,6998.0,6998.0,48.0,0.00685910260074307,0.008881669004278302
58404,13671,Are You As Tired Of Talking About Ebola As I Am?,7144.0,7144.0,13.0,0.0018197088465845466,0.0037978893002515463
58405,13671,"The First Thing He Says Is A Run On Sentence, But It Taught Me More About Ebola Than The News Has",7195.0,7195.0,57.0,0.007922168172341905,0.013191553542163914
58406,13671,"The First 2 Sentences Sort Of Freaked Me Out, But The 3rd Was A Nice, Calm, Scientific Hug",7098.0,7098.0,32.0,0.004508312200619893,0.021079171364273612
58407,13671,I Was Freaking Out Over Something I Knew Nothing About. Now I Do And I Ain't Scurred.,7141.0,7141.0,36.0,0.005041310740792606,0.00975247148754937
58408,13671,Sick Of Ebola? I Am Too. Let This Guy End The Discussion For Everyone.,7240.0,7240.0,59.0,0.008149171270718233,0.007076824029113029
58486,13686,Apple's CEO Just Did The Best Thing He Possibly Could For Gay Kids In Chess Club,4057.0,4057.0,19.0,0.004683263495193493,0.015821190291506804
58490,13686,Breaking News: Your iPhone Is Gay! No It's Not. Just The Guy Who Made Them. And That's Great.,3978.0,3978.0,19.0,0.0047762694821518355,0.012152890865267827
58491,13686,"Apple's CEO Just Did The Best Thing He Ever Could For The Gays In Model UN, AV Club, And Mathletes",3893.0,3893.0,21.0,0.005394297456974056,0.022189603546503622
58501,13689,"If You Bristle Every Time Someone Talks About 'Privilege,' This Is For You",3912.0,3912.0,26.0,0.0066462167689161555,0.012280090728475723
58502,13689,White Privilege. Male Privilege. Able-Bodied Privilege. Do You Hate These Terms With A Passion?,3910.0,3910.0,31.0,0.007928388746803069,0.010903090138350452
58503,13689,"If I Have To Hear One More Person Whine About 'Privilege'... Wait, What's That You Say?",4008.0,4008.0,24.0,0.005988023952095809,0.014517779700009809
58504,13689,I Want To Help You Get Rid Of Bad Feelings About A Certain 9-Letter Word,4047.0,4047.0,19.0,0.004694835680751174,0.014030646402746746
58505,13689,These Posters Explain The Barest Truth About 6 Types Of 'Privilege.' Even If You Hate That Word.,4042.0,4042.0,32.0,0.007916872835230085,0.012975928553421813
58588,13706,These Little Rainbow Orbs Didn't Just Pop Out Of The Ground. They Fell From The Sky.,3929.0,3929.0,31.0,0.007890048358360905,0.01592647828826905
58589,13706,"They Looked Up To See These Fall From The Sky, And They Weren’t Afraid. They’d Been Expecting Them.",3927.0,3927.0,24.0,0.006111535523300229,0.011324279662210541
58590,13706,"One Day, In One Place, People Wait And Watch As A Rainbow Of Colors Tumbles Out Of The Sky",4029.0,4029.0,25.0,0.0062050136510300325,0.012288019689412906
58591,13706,"If These Little Bits Of Rainbow Don’t Work, We’ll Be Missing A Lot More Than Breakfast Cereal",4060.0,4060.0,13.0,0.0032019704433497538,0.019657096305645085
58592,13706,"Nope, Nobody Spilled Breakfast. These Fell From The Sky And They’re Much Tastier. If You’re A Bee.",4026.0,4026.0,35.0,0.008693492300049677,0.008737067439974024
58625,13713,I Could Not Believe Neil deGrasse Tyson Felt Guilty About Wanting To Be An Astrophysicist,4051.0,4051.0,16.0,0.003949642063687978,0.011864141141754686
58626,13713,FOX Once Asked Him If Earth Would Be Okay. That's When He Had A Revelation.,3878.0,3878.0,26.0,0.006704486848891181,0.014900340842874551
58627,13713,Most People Don’t Know That Neil deGrasse Tyson Once Thought He Shouldn’t Be An Astrophysicist,3904.0,3904.0,21.0,0.005379098360655738,0.009300617438380544
58628,13713,One Of The Most Famous Scientists Alive Says What The Big Deal Is About Him Being Black,4101.0,4101.0,28.0,0.006827603023652768,0.008465964399945857
58630,13713,"Neil deGrasse Tyson Says Why It's Such A Big Deal People Think He's Smart, And He's Not Being Vain",3999.0,3999.0,25.0,0.006251562890722681,0.017178638142751213
58631,13713,The First TV Interview Neil deGrasse Tyson Did Changed His Life. Here's Why.,3901.0,3901.0,17.0,0.004357856959753909,0.014075097410882014
58632,13714,"A Young Disabled Woman Made This. Just 20 Seconds In, I’m Totally Impressed. By The End, Blown Away.",3956.0,3956.0,41.0,0.010364004044489384,0.019943985456713567
58633,13714,"A Young Disabled Woman Made This. 20 Seconds In, I’m Totally Impressed. And By The End, Blown Away.",4025.0,4025.0,54.0,0.013416149068322981,0.01961077601677052
58634,13714,"A Young Disabled Woman Made This. 20 Seconds In, I’m Totally Impressed. By The End ... Blown Away.",3893.0,3893.0,49.0,0.012586694066272797,0.020308281315497
58635,13714,"A Young Disabled Woman Made This. 20 Seconds In, I’m Totally Impressed. By The End, I'm Blown Away.",4134.0,4134.0,41.0,0.00991775520077407,0.021477792117928107
58694,13726,A Cartoon That Uses A Fairytale World Of Adorable Alpacas To Show What's Wrong With America,4137.0,4137.0,29.0,0.007009910563210055,0.011250370253083388
58695,13726,"Hearts, Rainbows, And Alpacas Perfectly Describe The US Economy",4094.0,4094.0,12.0,0.0029311187103077674,0.005588645212264851
58696,13726,"America's Finance Explained By Cartoon Alpacas? It Might Sound Weird, But It's Really Informative.",4065.0,4065.0,19.0,0.004674046740467405,0.0015289916607039654
58697,13726,"The Creator Of Anchorman Turned Some Of America's Funniest Comedians Into Alpacas. Whoa, My Brain.",4075.0,4075.0,30.0,0.007361963190184049,0.015880911384007587
58698,13726,"1 Writer, 1 Economist, And 3 Of America's Funniest Comedians Have Officially Made Economics Fun",3998.0,3998.0,20.0,0.0050025012506253125,0.004950797244033432
58740,13735,"2 Seconds In, You're Going To Be Uncomfortable. By The End, I Bet You Still Will Be.",4052.0,4052.0,87.0,0.021470878578479763,0.014103910640053292
58741,13735,"2 Seconds In, You're Going To Be Uncomfortable. By The End, I REALLY Hope You Still Will Be.",4182.0,4182.0,80.0,0.01912960306073649,0.015070976703771936
58742,13735,"2 Seconds In, You're Going To Be Uncomfortable. By The End, Do You Think You Still Will Be?",4107.0,4107.0,99.0,0.02410518626734843,0.017797863446066174
58743,13735,"2 Seconds In, You're Going To Be Uncomfortable. By The End, I REALLY Hope You Still Are.",4005.0,4005.0,84.0,0.020973782771535582,0.01482106010943824
58826,13752,"We've Got Beyonce And Murphy Brown, But We're Still Dealing With This Baloney?",3269.0,3269.0,4.0,0.001223615784643622,0.0023087008620543874
58828,13752,Women Still Don't Earn As Much As Men. But There's More To The Story.,3324.0,3324.0,5.0,0.0015042117930204573,0.01086607978678085
58829,13752,"This Surprsing Explanation Of Women’s Salaries Made Me Go Boo, Yay, Boo, And Yay",3365.0,3365.0,11.0,0.0032689450222882616,0.019467861911666128
58921,13769,You Realize Something Scary When A Guy Walks In And Tells *Your* Hair Stylist What To Do. Not Funny.,4039.0,4039.0,50.0,0.012379301807378064,0.014015950367528281
58922,13769,"So, A Guy Walks In, Tells *Your* Hair Stylist What To Do, And Scares You Into Realizing Something",3837.0,3837.0,52.0,0.013552254365389628,0.015051940638075984
58923,13769,"So, A Stranger Takes Over Your Hair Stylist And Scares You Into Realizing Something. Not Funny.",3840.0,3840.0,55.0,0.014322916666666666,0.011922659131926408
58924,13769,"Not Funny. A Guy Walks In, Takes Over Your Hair Stylist And Scares You Into Realizing Something.",3864.0,3864.0,73.0,0.018892339544513456,0.018035626763245303
58937,13772,You Don't Want To Be Left With An Empty Drink In This Party Trick,3109.0,3109.0,30.0,0.00964940495336121,0.011471184460210457
58938,13772,"It's So Cheesy, I'm Laughing. But The Point He Makes At This Party Is Seriously For Real.",3208.0,3208.0,27.0,0.00841645885286783,0.012701105557210705
58939,13772,Welcome To *This* Party Where The Drinks Come With A Different Kind Of Conversation,3113.0,3113.0,24.0,0.007709604882749759,0.0018424844241832702
58940,13772,"If These People Thought They Were At A *Normal* Party, They Were In For A Surprise",3186.0,3186.0,38.0,0.011927181418706842,0.011471351217336629
58941,13772,Bill Gates & Hans Rosling Show Up At A Party Where The Drinks Come With A Knowledge Drop,3191.0,3191.0,17.0,0.00532748354747728,0.008387154004420676
58970,13778,To The Men Who Think It's Okay To Marry Little Girls: Here's A Few Adult Women You Should Meet,3839.0,3839.0,161.0,0.04193800468872102,0.02890654157237903
58971,13778,To The Men Who Think It's Okay To Marry Little Girls: Maybe It's Time You Met 'These Women',3819.0,3819.0,104.0,0.027232259753862266,0.020896618645258616
58972,13778,To The Men Who Are Into Child Marriage: It's Time To Meet Some Of 'These' Adult Women,3872.0,3872.0,123.0,0.03176652892561983,0.015153028997022047
58973,13778,For The Men Who Thought They Could Keep Marrying Little Girls: Say Hello To Their Adult Friends,3854.0,3854.0,117.0,0.03035806953814219,0.02031334759350832
58974,13778,For The Men Who Thought They Could Keep Marrying Little Girls: Say Hello To These Adult Women,3850.0,3850.0,133.0,0.034545454545454546,0.023184811320811974
58976,13778,To The Men Who Think Forced Marriage Is Okay: It's Time To Introduce You To A Few Grown Women,3981.0,3981.0,120.0,0.03014318010550113,0.022678924591320596
58993,13781,See This Family Tell Each Other Exactly What They Think Of Them,3827.0,3827.0,28.0,0.0073164358505356675,0.013862691875613432
58994,13781,This Family Tells An Interviewer Exactly What They Think Of Each Other,3869.0,3869.0,31.0,0.008012406306539157,0.016533211369640873
59015,13785,"It Got 1 Woman Through College And Let Another Sleep Till 2:00 PM, So How About We Show Some Love?",3766.0,3766.0,40.0,0.010621348911311737,0.012820697078766978
59016,13785,"Stuff Of Miracles: It Got 1 Woman Thru College And Let Another Sleep Till 2:00 PM. Now, It's A Song.",3859.0,3859.0,49.0,0.012697590049235553,0.000819520765075076
59017,13785,"It Got 1 Woman Through College And Let Another Sleep Till 2:00 PM, Because It's Just That Great",3844.0,3844.0,59.0,0.015348595213319459,0.00615414528687118
59056,13792,150+ Baby Sea Turtles Are About To Steal Your Heart. Guaranteed.,3907.0,3907.0,30.0,0.007678525723061172,0.010415008231465142
59073,13796,"He Was Dismayed That The Only Question People Had For Him Was ""How Many Did You Kill?""",3843.0,3843.0,22.0,0.005724694249284413,0.016109345676086795
59074,13796,"He Was Hurt That The Only Question People Had For Him Was ""How Many Did You Kill?""",3960.0,3960.0,27.0,0.006818181818181818,0.011537884778259212
59075,13796,"He Was Disappointed That The Only Question People Had For Him Was ""How Many Did You Kill?""",3844.0,3844.0,20.0,0.005202913631633715,0.013857233023671808
59076,13796,"He Was Confused That The Only Question People Had For Him Was ""How Many Did You Kill?""",3896.0,3896.0,30.0,0.0077002053388090345,0.015240900890282176
59077,13796,"He Was Angry That The Only Question People Had For Him Was ""How Many Did You Kill?""",3865.0,3865.0,28.0,0.007244501940491591,0.011145082659261224
59078,13796,"He Couldn't Believe The Only Question People Had For Him Was ""How Many Did You Kill?""",3809.0,3809.0,36.0,0.009451299553688633,0.018054303414457074
59079,13796,"He Was Frustrated That The Only Question People Had For Him Was ""How Many Did You Kill?""",3757.0,3757.0,16.0,0.004258717061485228,0.012691692607894312
59080,13796,"He Was Devastated That The Only Question People Had For Him Was ""How Many Did You Kill?""",3845.0,3845.0,22.0,0.005721716514954486,0.016214611983862016
59081,13796,"He Was Startled That The Only Question People Had For Him Was ""How Many Did You Kill?""",3867.0,3867.0,23.0,0.005947763123868632,0.017805453343109203
59082,13796,"He Was Astonished That The Only Question People Had For Him Was ""How Many Did You Kill?""",3810.0,3810.0,28.0,0.007349081364829396,0.018642898228976926
59083,13797,A Sad Truth And Bitter Reality Of Why People Are Allowed To Remove The Actual Horns From Rhinos,3176.0,3176.0,19.0,0.005982367758186398,0.013900225730916503
59084,13797,It's Happily Tragic But Taking The Horns From These Rhinos Could Save The Species,3093.0,3093.0,4.0,0.0012932428063368898,0.000617002206228684
59085,13797,Some People Are Taking The Horns From Rhinos And It's Actually Saving Their Lives,3147.0,3147.0,16.0,0.005084207181442644,0.0003867524536056918
59086,13797,An Unconventional Way To Save A Rhino's Life That's Making Me Feel Pretty Sad,3230.0,3230.0,8.0,0.002476780185758514,0.013015801643117763
59161,13814,Got 7 Minutes And 10 Seconds To Be Wildly Inspired? Because This Is Some Seriously Good Stuff.,3164.0,3164.0,33.0,0.010429835651074588,0.010650679897713395
59162,13814,Got 7 Minutes To Be Inspired? P.S. The World Needs This More Than You.,3191.0,3191.0,24.0,0.007521153243497336,0.012604935363762525
59164,13814,"Got 7 Minutes To Be Wildly Inspired? You Won't Regret It, And The Planet Might Thank You Later.",3094.0,3094.0,29.0,0.009372979961215255,0.006297167858114891
59165,13814,"Got 7 Minutes To Be Wildly Inspired? Love, The Planet.",3131.0,3131.0,17.0,0.005429575215586075,0.002823237563502095
59166,13814,Need A 7 Minute Break? Because This Video Wants To Serve You Up Some Major Inspiration.,3139.0,3139.0,25.0,0.00796431984708506,0.008530195864794188
59168,13815,Watch A Child Star Condescend A Woman Who's Trying To Help In The Most Obnoxious Way Possible,3207.0,3207.0,64.0,0.019956345494231368,0.035611153821387555
59169,13815,"An Obnoxious Child Star Spits Out Pastry And Condescends Everyone, Because We're All Doing It Wrong",3105.0,3105.0,60.0,0.01932367149758454,0.02676266935102684
59171,13815,"Watch A Child Star Be Hilariously Obnoxious For The Sake Of Everyone's Dignity. Thank You, Michael.",3162.0,3162.0,55.0,0.01739405439595193,0.01926239989466915
59172,13815,"For The Sake Of Everyone's Dignity, A Fake Obnoxious Child Star Spits Out Some Terrible Pastry",3197.0,3197.0,20.0,0.006255864873318737,0.028753191754655225
59215,13823,"If You Were Wondering Why Democracy Is Important, John Oliver Has A 17 Minute Beautiful Rant For You",3132.0,3132.0,35.0,0.011174968071519796,0.023163327819127506
59216,13823,Think The Ads For Congress Are Bad? You Haven't Seen The Factory Of Awful That Are State Lawmakers.,3111.0,3111.0,34.0,0.01092896174863388,0.01109950957924755
59217,13823,John Oliver Loses It While Trying To Keep A Straight Face Discussing American 'Democracy',3089.0,3089.0,45.0,0.014567821301392036,0.02139890738353738
59271,13834,Get Ready For These Baby Sea Turtles To Steal Your Heart. For Serious.,3273.0,3273.0,34.0,0.010388023220287198,0.010375670662953036
59273,13834,These Baby Sea Turtles Are About To Steal Your Heart. Guaranteed.,3216.0,3216.0,22.0,0.006840796019900498,0.008724522283395847
59289,13839,Imagine How Many Things Go Unnoticed In *Your* Family. Are You Ready To Care?,4054.0,4054.0,24.0,0.0059200789343857915,0.00386679581581934
59291,13839,"At First I Was Like, What's Going *On* With This Family. Then I Realized The Truth Of It All. Love.",4008.0,4008.0,38.0,0.009481037924151697,0.010322627185810708
59292,13839,A Funny Old Lady Finally Says What She Thinks About Her Daughter. It Brings Her To Tears.,4010.0,4010.0,57.0,0.014214463840399002,0.026073723315281766
59293,13839,"This Mother And Daughter Have A Complicated, Hilarious, And Priceless Relationship",4121.0,4121.0,31.0,0.007522446008250425,0.018014937310618827
59295,13839,A Mother *Finally* Says What She Really Thinks About Her Kid. Her Daughter's Reaction? Enchanting.,4124.0,4124.0,73.0,0.01770126091173618,0.0235860474998955
59416,13863,Wherein Russell Brand Compares Walmart Wages To Slavery. And It’s Hilarious.,3302.0,3302.0,38.0,0.01150817686250757,0.023736177359559362
59417,13863,Russell Brand: ‘If Only There Were Loads Of Money Sloshing Around In The Walmart Family Somewhere…’,3182.0,3182.0,33.0,0.010370835952231301,0.010299033010253887
59418,13863,"This Guy Laughs Maniacally At Walmart’s Absurd Wages. Does He Have A Point? Many, In Fact.",3181.0,3181.0,25.0,0.00785916378497328,0.01956165524415791
59447,13868,Why Are So Many People *Not* Washing Their Hands?,3232.0,3232.0,28.0,0.008663366336633664,0.006632289354308735
59448,13868,"A Bunch Of People Out There Are *Not* Washing Their Hands, And This Is Why",3158.0,3158.0,55.0,0.01741608613046232,0.001218620640873365
59449,13868,You Might Look At Your Soap With Bigger Eyes After You Hear What She Says About It,3247.0,3247.0,25.0,0.0076994148444718205,0.017283045844090343
59450,13868,Your Soap Might Look A Little More Powerful After She Says This About It,3203.0,3203.0,23.0,0.007180768029971901,0.0108772057723757
59451,13868,"It's Such An Easy Way To Keep Kids Alive, You've Probably Already Done It For Yourself Today",3196.0,3196.0,22.0,0.00688360450563204,0.015149953695085453
59512,13882,"If You Don't Expect Her To Take A Selfie, Then This Project's Proved It's Point",3233.0,3233.0,60.0,0.018558614290133002,0.016579421307101154
59513,13882,"2 Women, 1 Selfie. Can You Tell Which One's Liberated?",3290.0,3290.0,92.0,0.02796352583586626,0.023180255983461552
59514,13882,She Started An Art Project To Promote Tolerance. On The Second Day Someone Told Her To Go Home.,3142.0,3142.0,70.0,0.022278803309993635,0.015650767612092973
59515,13882,"If A Woman In A Hijab Takes A Selfie, What Does It Mean?",3180.0,3180.0,54.0,0.016981132075471698,0.025860253434142617
59516,13882,"Yes, She's Wearing A Hijab. And Yes She Looks Damned Good In It.",3213.0,3213.0,61.0,0.018985371926548398,0.02173726081727882
59593,13899,Watch A Corrupt Human In A Jumpsuit Walk In Slow Mo And Caress A Car. Yep. That's Accurate.,3718.0,3718.0,46.0,0.01237224314147391,0.01057688629789524
59594,13899,He's A Corrupt Human That Wears A Jumpsuit And Walks In Slow Mo. You Will Both Hate And Love Him.,3806.0,3806.0,41.0,0.010772464529689963,0.006623108566833019
59595,13899,You Will Hate And Love Him. He Wears A Jumpsuit And Walks In Slow Mo. It's A Tragedy AND A Comedy.,3658.0,3658.0,44.0,0.01202843083652269,0.013221152472610962
59597,13899,"Watch A Corrupt Human In A Jumpsuit Walk In Slow Mo Like He Owns The Place. Actually, They Own Him.",3725.0,3725.0,55.0,0.01476510067114094,0.018298047706119654
59603,13901,"2 Women, 1 Selfie. Can You Tell Which One's Liberated?",3690.0,3690.0,71.0,0.01924119241192412,0.023180255983461552
59604,13901,"2 Women, 1 Selfie. So How Do You Know Which One's Liberated?",3796.0,3796.0,66.0,0.01738672286617492,0.02275952047260045
59605,13901,2 Women. 1 Selfie. 1 Hijab. Now Tell Me Which One Needs Liberating.,3643.0,3643.0,84.0,0.02305791929728246,0.02317090557815197
59606,13901,2 Women Share A Selfie And The Statement It Makes Is Meant To Change Your Mind,3716.0,3716.0,81.0,0.021797631862217438,0.023027335289533386
59621,13905,He Was Only 5 When The Decision Was Made. And It's Affected His Life In Huge Ways Ever Since.,3068.0,3068.0,33.0,0.01075619295958279,0.011743221058476753
59622,13905,His Luck With 'The System' Has Been Really Bad. But His Optimism Will Make You A Fan Of His Cause.,3020.0,3020.0,10.0,0.0033112582781456954,0.0068295906795704815
59623,13905,"For A Guy Who's Never Had A Place To Call Home, I'd Say He's Handling It Like A Hero",2966.0,2966.0,14.0,0.004720161834120027,0.008038431779782609
59624,13905,This Impressive Gent Shows You Why 'Papers' Are A Dumb Reason To Keep A Person From Their Dreams,3014.0,3014.0,24.0,0.007962840079628402,0.007386548510633585
59625,13905,"He Was Just A Kid When They Crossed The Line. As An Adult, He Wishes He Never Crossed Back Over.",3087.0,3087.0,35.0,0.011337868480725623,0.0019212687489998555
59626,13905,He Cried For A Week When His Parents Left Him. It Was For His Own Good. For As Long As It'd Last.,3088.0,3088.0,44.0,0.014248704663212436,0.009015971233321672
59627,13905,He May Have Some Really Bad Luck. But You'll See Why His Family Is So Lucky To Have Him.,2978.0,2978.0,15.0,0.005036937541974479,0.014533877763730486
59628,13905,Meet Rufino. He's A Guy With Really Bad Luck. But He's Also An Amazing Person Who Doesn't Give Up.,3125.0,3125.0,12.0,0.00384,0.006165862480157297
59629,13905,He Fulfilled His Very First Dream When He Was Just A Teen. But He's Been Needing A Break Ever Since.,2983.0,2983.0,15.0,0.005028494803888703,0.008548533594643274
59635,13907,Watching This Kid Pretend To Be Obama Is Funny. But The Message? Not So Much.,3735.0,3735.0,58.0,0.015528781793842034,0.022215324580225713
59636,13907,"Yeah, Watching This Little Kid Pretend To Be Obama May Be Hilarious. But The Message? Not So Much.",3668.0,3668.0,62.0,0.016902944383860415,0.020535137221973837
59637,13907,A Kid Pretends To Be Obama — It's Hilarious. The Message? Not So Much.,3694.0,3694.0,93.0,0.025175961017866812,0.015337497331765726
59674,13915,"He Reveals Something Hidden In 'The Little Mermaid,' And Now I Can Never Un-See It",3104.0,3104.0,87.0,0.02802835051546392,0.03482988993226262
59676,13915,"He Makes A Great Point About 'The Little Mermaid.' It's Obvious In Hindsight, But Ugh.",3069.0,3069.0,46.0,0.014988595633756924,0.025963163186653936
59677,13915,He Makes A Great Point About 'The Little Mermaid' That Just Makes Me Sad,3040.0,3040.0,71.0,0.023355263157894737,0.02764606284092655
59678,13915,He's Totally Right About 'The Little Mermaid.' Now I Can Never Un-See It.,2976.0,2976.0,84.0,0.028225806451612902,0.029225714692377756
59679,13915,"He Makes A Great Point About 'The Little Mermaid' And James Bond, And Now I Can Never Un-See It",3002.0,3002.0,51.0,0.01698867421718854,0.02731198252817054
59683,13917,This Proves How Ridiculous A Premise Yelling At A Woman On The Street To Get A Date Actually Is,2956.0,2956.0,32.0,0.010825439783491205,0.030249482253524994
59684,13917,This Proves How Ridiculous A Catcalling To Get A Date Actually Is,3011.0,3011.0,16.0,0.005313849219528396,0.025950170916347354
59685,13917,Love Life Getting You Down? Well Don't Ruin Someone Else's Day By Acting Like This Jerk,3041.0,3041.0,29.0,0.009536336731338375,0.014456326274248013
59686,13917,The Unfortunate Thing Is That The Punchline Is Something Women Are Actually Saying Every Day,3117.0,3117.0,58.0,0.01860763554700032,0.0228124427829505
59687,13917,"When Ok Cupid And Tinder Just Aren't Cutting It Anymore, Here's Where You Should NOT Turn",3066.0,3066.0,34.0,0.011089367253750815,0.01720178224184108
59688,13917,See A Very Unconventional (And Stupid) Way To Get A Lady's Number,3116.0,3116.0,30.0,0.009627727856225931,0.01475729759369765
59733,13927,She Used To Be Afraid To Speak Up. This Is How One Video Changed That.,3083.0,3083.0,16.0,0.0051897502432695424,0.008582951516797407
59734,13927,Her Words Spark All Sorts Of Emotions. She's *So* Brave For Speaking Out.,3153.0,3153.0,36.0,0.011417697431018078,0.00820041960438006
59736,13927,"If Her Words At The Beginning Are Difficult To Listen To, It's Exactly Why They Need To Exist",3078.0,3078.0,40.0,0.01299545159194282,0.012605243703808097
59738,13927,"If You Just Look At Some Of The Comments On Her Video, You Realize Why It Needs To Exist",2890.0,2890.0,27.0,0.009342560553633217,0.012950647982155228
59748,13930,A Large Group Of Americans Had Reasons To Expect Not-Niceness. They Were Wrong.,3140.0,3140.0,22.0,0.0070063694267515925,0.016599204362504727
59749,13930,Some Not-Straight People Tell You What They Think About Christians,3099.0,3099.0,45.0,0.01452081316553727,0.013632385648868837
59778,13936,She Told Her Daughter That She Might Quit Her Job. She'll Never Forget The 12 Year Old's Reply.,3044.0,3044.0,58.0,0.019053876478318004,0.026157326796130743
59779,13936,"Her Daughter's School Hosts A ""Mother's Tea"" Every Week. Here's Why That Not A Good Idea.",3080.0,3080.0,31.0,0.010064935064935065,0.013290347488616053
59780,13936,She Told Her Daughter That She Might Quit Her Job. She'll Never Forget The 12 Year Old's Reply.,3051.0,3051.0,63.0,0.02064896755162242,0.026157326796130743
59781,13936,She Told Her Daughter That She Might Quit Her Job. She'll Never Forget The 12 Year Old's Reply.,3087.0,3087.0,84.0,0.027210884353741496,0.026149032959789438
59782,13936,She Told Her Daughter That She Might Quit Her Job. She'll Never Forget The 12 Year Old's Reply.,3070.0,3070.0,64.0,0.020846905537459284,0.026157326796130743
59801,13941,"There’s An Admirable Reason This Man Is Making A  Hilarious Fool Of Himself, And I Support It",3046.0,3046.0,41.0,0.013460275771503612,0.019009445122267023
59802,13941,"I've Never In My Life Seen A Man More Excited About  Growing A Beard, And I Applaud Him",3041.0,3041.0,32.0,0.01052285432423545,0.01664998631790992
59803,13941,It's Not Every Day You See A Princess With A Beard. But Get Ready Because It's A 'Growing' Trend,3108.0,3108.0,24.0,0.007722007722007722,0.02177640526200846
59804,13941,"It's Not His Beard That Makes Him Beautiful, It's The Beautiful Reason He's Growing It That Does",2969.0,2969.0,32.0,0.010778039744021556,0.01896185223775264
59805,13941,"He's So Excited To Sing This Hit Song, But His Hilarious Friend Behind Him Kinda Stole The Show",3047.0,3047.0,40.0,0.013127666557269446,0.01805006059861076
59807,13942,"All He Had Was Bad Luck, So He Made One Tiny Change To His Name And The World Turned Upside-Down",2986.0,2986.0,23.0,0.007702612190221032,0.012533731799471901
59808,13942,"He Couldn’t Get Work, But When Yanked One Letter From His Name, Something Shocking Happened",3133.0,3133.0,34.0,0.010852218321097989,0.020066637877061543
59809,13942,Two Identical Resumes. One With A Latino Name. The Other Anglo. Guess Who Got Offered The Job?,3062.0,3062.0,14.0,0.0045721750489875895,0.016004172309304347
59810,13942,Bosses Had A Completely Different Reaction To Him After He Dropped A Letter From His Name,2997.0,2997.0,27.0,0.009009009009009009,0.018084723033933717
59811,13942,He Couldn’t Find Work Until He Tried A Test With His Name That Made Them Start Throwing Jobs At Him,3094.0,3094.0,31.0,0.01001939237233355,0.018200795665620235
59854,13952,It Rhymes With She-Mola And These Kids Just Frickin' Want To Close It *Down*,3209.0,3209.0,18.0,0.005609224057338735,0.007050082167953525
59856,13952,3 Adorably Honest Reactions From Future Humanitarians That Are Worth Seeing,3209.0,3209.0,30.0,0.009348706762231224,0.009402443669448392
59857,13952,When Things Explained This Simply (And Sweetly) It's Super Easy To Know What You're Supposed To Do,3099.0,3099.0,29.0,0.00935785737334624,0.008463748488288285
59858,13952,Kids: People Should Help People With The Bola Because Tugboat (That's A Real Quote. Watch And Laugh),3116.0,3116.0,23.0,0.007381258023106547,0.006707210313208712
59941,13969,"When People Make Money For Locking Us Up, I Think There’s A Problem. You?",3197.0,3197.0,12.0,0.003753518923991242,0.006557732083903332
59943,13969,Wait A Second … States Can Sign Contracts With These Companies To Keep The Beds FULL?,3123.0,3123.0,17.0,0.005443483829650976,0.008840119873598326
59944,13969,It’s Come To This: Making Even More Money Off Of People Who Maybe Broke The Law,3211.0,3211.0,19.0,0.005917159763313609,0.008475878081058229
59992,13979,She Answers A Question About Doctors That No One Should Have To Ask With 3 Pieces Of Advice,3194.0,3194.0,23.0,0.007201001878522229,0.010118274015456145
59993,13979,She Answers A Question About Doctors. I Wish She Didn't Need To.,3122.0,3122.0,26.0,0.008327994875080076,0.007180162690378402
59994,13979,She Answers A Question About Doctors That No One Should Have To Ask. Her Advice Is Critical.,3263.0,3263.0,30.0,0.009193993257738278,0.012909192901269443
60002,13981,What Everyone Who Eats Out Should Know About The People Who Feed Us,3154.0,3154.0,15.0,0.004755865567533291,0.009654043711572738
60003,13981,Think Restaurant Workers’ Treatment Doesn’t Affect You? Tell That To the H1N1 Virus In Your Waffles.,3007.0,3007.0,21.0,0.006983704689058862,0.013210111406846758
60005,13981,Any Idea What The Kitchen Of Your Favorite Restaurant Looks Like?,3050.0,3050.0,15.0,0.004918032786885246,0.012926504374268647
60036,13989,"It’s Just One Letter, But Dropping It Made A Crazy Difference When He Was Trying To Find A Job",3624.0,3624.0,34.0,0.009381898454746136,0.012244682469360205
60037,13989,Bad Luck Was All He Had Job-Hunting Until He Dropped One Single Letter In His Name. Not Cool.,3530.0,3530.0,48.0,0.013597733711048159,0.016286257481506985
60038,13989,"He Thought It Was Just Bad Luck, But It Turned Out It Was Just A Letter In His Name",3672.0,3672.0,30.0,0.008169934640522876,0.019630359464829064
60039,13989,One Little Letter In His Name Turned Out To Be The Secret Reason For All His Bad Luck,3569.0,3569.0,19.0,0.005323620061641917,0.017257107921628462
60050,13992,She Told Her Daughter That She Might Quit Her Job. She'll Never Forget The 12 Year Old's Reply.,3524.0,3524.0,61.0,0.017309875141884222,0.026149032959789438
60051,13992,She Told Her Daughter That She Might Quit Her Job. She'll Never Forget The 12-Year-Old's Reply.,3666.0,3666.0,54.0,0.014729950900163666,0.025674895014483327
60088,14002,I Liked This Guy In 'Entourage.' But The Way He Geeks Out In This Video? Love It.,3492.0,3492.0,19.0,0.005441008018327606,0.017616970750344293
60089,14002,"Forget What You Know About Nature, And Take A Moment To Watch Adrian Grenier Geek The F#%k Out",3568.0,3568.0,18.0,0.005044843049327354,0.021261331365449127
60090,14002,He Plays A Great Party Boy On TV. I Never Thought I'd Find Myself In His Classroom.,3620.0,3620.0,30.0,0.008287292817679558,0.007917251349790336
60091,14002,Adrian Grenier's Other 'Entourage' Is A Lot Less ... Well ... Hollywood. But Man Are They Smart.,3582.0,3582.0,11.0,0.0030709101060859855,0.00844305861044859
60092,14002,The Celebrity Did-You-Know Video That'll Make You See The World In A Totally Different Light,3496.0,3496.0,34.0,0.009725400457665904,0.021966748836608395
60229,14031,Here's A Word That Starts With The Letter G And Rhymes With Deer. It May Change How You See Gender.,3560.0,3560.0,28.0,0.007865168539325843,0.009830812098208037
60230,14031,"We've Grown Up To See The World Divide Us Into 'Man' And 'Woman.' For Others, It's Way More Complex.",3589.0,3589.0,22.0,0.006129841181387573,0.013635716729942264
60231,14031,A 3-Minute Video That Squashes Everything We Were Taught To Think About Men And Women,3496.0,3496.0,42.0,0.012013729977116704,0.029195526273460764
60302,14048,"They Arrested A 90-Year-Old Man, And Russell Brand Is Pissed",3051.0,3051.0,51.0,0.01671583087512291,0.018745220183133775
60305,14048,"Russell Brand's Anger Is White Hot, And I Can't Disagree With Him",2997.0,2997.0,73.0,0.02435769102435769,0.027567812977395058
60306,14048,Russell Brand Can't Believe What The Cops Did To This 90-Year-Old Man,3026.0,3026.0,48.0,0.015862524785194978,0.023823109742778473
60361,14059,Fans Don't Usually Rush Out To Hear The Latest 'Feminist' Song But This One Might Change Your Mind,3047.0,3047.0,29.0,0.009517558254020347,0.013284894739521803
60362,14059,A Pop Song About Women's Rights Doesn't Sound Exciting? I Guess You Haven't Heard Hers.,2907.0,2907.0,30.0,0.010319917440660475,0.014662965059874135
60363,14059,She Doesn't Care What Other People Think About Her Gender. She Won't Let It Hold Her Back.,3127.0,3127.0,33.0,0.01055324592260953,0.0044525648099880966
60364,14059,Don't Try To Tell This Woman What She Can Or Can't Do. She's Not Playing Around.,3051.0,3051.0,36.0,0.011799410029498525,0.017455968811178026
60382,14063,"It's A Journey They've Made For 6,000 Years And A Single Highway Threatened To End It. Not Anymore!",3034.0,3034.0,16.0,0.005273566249176005,0.007542291002423367
60383,14063,Is It Easier To Change An Antelope’s Behavior Or A Human’s?  They Bet On The Antelope.,3035.0,3035.0,7.0,0.0023064250411861617,0.008446537839745898
60384,14063,"These Animals Travel At 55 MPH, But Does That Mean We Should Share The Road?",3042.0,3042.0,20.0,0.006574621959237344,0.01
60385,14063,This Serengeti-Like Migration Is Awe-Inspiring — Until It Crosses The Road.  Here's The Solution.,3045.0,3045.0,13.0,0.004269293924466338,0.008722060788731726
60412,14069,"Pot Legalization Is Leading To Blissed-Out Statehouses, And It Has Nothing To Do With THC",3003.0,3003.0,11.0,0.003663003663003663,0.008346377152574583
60413,14069,"If We’re Talking Sheer $$, There’s No Denying There’s One Crop That Completely Smokes All The Others",3122.0,3122.0,13.0,0.004163997437540038,0.004533240566822328
60414,14069,"Every Day We Eat The Good Stuff Farmers Grow, But The Big $$ Are In A Crop We Don’t (Usually) Eat",3019.0,3019.0,4.0,0.001324942033786022,0.003704860323478264
60415,14069,"It Feels Like A Grassroots Thing, But There May Be Something Less Touchy-Feely Behind Legalizing Pot",3011.0,3011.0,10.0,0.0033211557622052474,0.011138284305959135
60458,14078,The First 4 Seconds Might Confuse You. Until You Hear What The President Is Fighting For.,2599.0,2599.0,57.0,0.02193151212004617,0.01736932081262283
60459,14078,The First Four Seconds Might Confuse You. Because Obama Is Clever When Gunning For This Basic Right.,2618.0,2618.0,65.0,0.02482811306340718,0.01894090686570838
60460,14078,The President Uses The First 4 Seconds To Prove A Point He Makes In The 104 Ones That Follow,2557.0,2557.0,46.0,0.01798983183418068,0.01678658947452818
60461,14078,The First 4 Seconds Might Confuse You. Until You Hear What The President Is Fighting For.,2564.0,2564.0,42.0,0.01638065522620905,0.017344522978662104
60462,14078,The First 4 Seconds Might Confuse You. Until You Hear What The President Is Fighting For.,2614.0,2614.0,42.0,0.016067329762815608,0.01740322792867223
60493,14086,"A Case For Eating The Ugly Veg (Or, Why It's Ridiculous That We Don't Eat 1/3 Of The World's Food)",3024.0,3024.0,22.0,0.007275132275132275,0.010208237415993124
60494,14086,Ready To Hear The Full Story Behind A Scary Statistic? Let's Talk About Food Waste.,3085.0,3085.0,10.0,0.0032414910858995136,0.006204668672164956
60496,14086,"He Starts Listing Off Some Unnerving Stats About Food, And I Get Self-Conscious About My Fridge",3113.0,3113.0,21.0,0.006745904272406039,0.011729951102753008
60563,14101,Do You Remember The Grape Boycotts Of The Late 1960s?,3102.0,3102.0,9.0,0.0029013539651837525,0.013016226338597742
60564,14101,"People Who Work In The Farm Fields Have A Powerful Tool, And They Use It For Good",3024.0,3024.0,4.0,0.0013227513227513227,0.0048089736306886404
60565,14101,"When Farm Workers Took On One Of The Biggest Grape Growers In California, Nobody Thought They’d Win",2995.0,2995.0,6.0,0.002003338898163606,0.007260427403523188
60566,14101,Why People Who Help Food Get To Your Table Stopped One Kind Of Food From Getting To Your Table,3044.0,3044.0,11.0,0.0036136662286465177,0.004833120671847843
60567,14101,"Here’s A Quick History Of The United Farm Workers With Some Text, Images, And A Short Video",3027.0,3027.0,4.0,0.0013214403700033035,0.001365731920191765
60568,14101,"That Time When Filipino And Latino Workers Fought Side-By-Side, And They Won",3047.0,3047.0,5.0,0.0016409583196586807,0.0017954267571631231
60662,14121,What's Happening in Mexico? Here's An Update In 5 Tweets.,2987.0,2987.0,16.0,0.005356545028456646,0.01836470662551319
60663,14121,"This Official Thought He Could Dismiss People By Saying, ""I'm Tired."" Boy Was He Wrong.",3113.0,3113.0,11.0,0.0035335689045936395,0.019012906657670667
60664,14121,43 Students Are Missing In Mexico. What Happened To Them?,3036.0,3036.0,14.0,0.00461133069828722,0.016544677911851977
60665,14121,Things Have Been Simmering In Mexico For A Long Time. Here's Why They're Boiling Over Now.,3045.0,3045.0,17.0,0.005582922824302135,0.009877531842456978
60780,14146,It Was Right In Front Of Our Noses. It Took Us 125 Years To See It.,3045.0,3045.0,57.0,0.0187192118226601,0.0202030757695382
60781,14146,"In 125 Years, Millions Of People Have Looked At This Painting. No One Really Saw It Until Now.",2993.0,2993.0,94.0,0.031406615436017374,0.028596970990917493
60783,14146,It Took Us 125 Years To Really See Van Gogh's Most Famous Painting,3049.0,3049.0,46.0,0.01508691374221056,0.02457170877660283
60892,14171,What A Great Idea. A New Typeface That Outwits Dyslexia.,2982.0,2982.0,27.0,0.009054325955734407,0.013337245138052947
60893,14171,"I’d Heard Of Dyslexia, But It’s Actually Kinda Cool What It Is, And There's An Even Cooler Solution.",3129.0,3129.0,46.0,0.014701182486417386,0.007441448425889166
60894,14171,"Can A Person Be Smart, Well-Educated, And Not Able To Read? Yup. Frustrated, Too. Until This.",3025.0,3025.0,19.0,0.00628099173553719,0.010050055389812792
60895,14171,"If Letters Swap Places As You Read Them, You May Be Dyslexic. This’ll Nail Them Down.",2964.0,2964.0,12.0,0.004048582995951417,0.014965332488718066
60896,14171,A New Typeface Makes Letters Stay The Hell Put For Dyslexics,3139.0,3139.0,29.0,0.009238611022618668,0.023421680754921306
60905,14174,"It’s Admirable That They Keep Their Clothes On All Day, Because I Wouldn't",3005.0,3005.0,41.0,0.013643926788685524,0.0169754303198994
60906,14174,"After What They Go Through, It’s A Miracle That They Keep Their Clothes On All Day",3109.0,3109.0,31.0,0.009971051785139916,0.01324457827539523
60907,14174,They Leave Their House And Probably Want To Rip Their Clothes Off ... I Would,3022.0,3022.0,32.0,0.010589013898080741,0.0122352199351974
60908,14174,"It’s A Miracle They Keep Their Clothes On All Day, With What Goes On Outside",3092.0,3092.0,32.0,0.01034928848641656,0.011232533693510603
60948,14184,Spend 30-ish Seconds With Jason Alexander And Get Inspired To Fix What's Wrong In America. Go!,3011.0,3011.0,9.0,0.0029890401859847225,0.013460979406643493
60949,14184,One 'Seinfeld' Star. 30 Seconds. A Path To Fixing What's Wrong In America. Go!,3019.0,3019.0,19.0,0.006293474660483604,0.02047762005184948
60951,14184,30 Seconds. Jason Alexander. A Chance At Solving What's Wrong In America. Go!,3058.0,3058.0,18.0,0.005886200130804447,0.015247388379395798
60959,14186,So How The Hell Does Health Insurance Work Anyway?,2991.0,2991.0,6.0,0.0020060180541624875,0.005830926066416449
60960,14186,The Cartoon Explainer On Health Insurance To End All Explainers On Health Insurance,3062.0,3062.0,10.0,0.0032658393207054214,0.007137104687168461
60961,14186,This Easy-To-Understand Explainer On Health Insurance Could Save You A Boat Load Of Money,2967.0,2967.0,11.0,0.003707448601280755,0.004496737367602675
60962,14186,"Millions More Now Have Access To An Essential Service, But Few Folks Really Understand It",3084.0,3084.0,8.0,0.0025940337224383916,0.0008131533923899058
61028,14201,A Deaf Teen Gave Up On Communication. Watch Him Find Out He’s Wrong.,3036.0,3036.0,42.0,0.01383399209486166,0.019087963835198264
61030,14201,"Patrick Had A Disabling Deafness. The Key Word Is ""Had.""",2983.0,2983.0,40.0,0.01340931947703654,0.013899129744311308
61031,14201,See The Exact Moment A Deaf Teen In Sub-Saharan Africa Realizes He Doesn't Have To Be Alone,3009.0,3009.0,34.0,0.011299435028248588,0.0077617172093322395
61032,14201,Patrick Gave Up On Communication. See The Exact Moment His Hope Is Restored.,3137.0,3137.0,41.0,0.01306981192221868,0.02770154528822481
61086,14213,These Little Bloodsuckers Are Discriminatory Jerks And Here's The Proof,2041.0,2041.0,14.0,0.006859382655560999,0.007182221164265083
61087,14213,Ever Feel Like Mosquitoes Are *Only* Bothering You? Here Might Be Why.,2064.0,2064.0,18.0,0.00872093023255814,0.008123127128822932
61089,14213,"If Mosquitoes Could Talk, They'd Tell You A Lot About Yourself. They Suck Like That.",1972.0,1972.0,5.0,0.002535496957403651,0.012618514933472411
61090,14213,Mosquitoes Are Big Little Jerks And This Guy Has 3 Reasons Why,2098.0,2098.0,4.0,0.0019065776930409914,0.014795543573486083
61097,14215,"Good Job, America! 40 Years Ago, This Set Of Laws Saved Lives.",2810.0,2810.0,4.0,0.0014234875444839859,0.006910297314699521
61098,14215,5 Adorable Reasons To Be Proud Of American Lawmakers,2879.0,2879.0,8.0,0.0027787426189649182,0.009065527601263567
61134,14223,"They're Horrified By What He Does. Little Do They Know, It's Actually A Prank. With A Lesson.",2504.0,2504.0,35.0,0.013977635782747603,0.024442013481525277
61158,14228,He Says It's Probably The Saddest And Most Noble Thing A Government Has Done. Take Note.,3085.0,3085.0,24.0,0.007779578606158833,0.01483506362023608
61159,14228,'Take Note... This Is Probably The Most Sad And Noble Thing Any Government Has Ever Done.',3011.0,3011.0,27.0,0.008967120557954168,0.01930538946746043
61212,14240,"After An Accident Wrecked His Life, Most Would Give Up. But He's Not Like Most.",3021.0,3021.0,15.0,0.004965243296921549,0.013119710749638937
61213,14240,"After Falling From The Top, Most Would Give Up. But He's Not Like Most.",2979.0,2979.0,11.0,0.0036925142665323934,0.010168940623691542
61214,14240,"After His Dream Was Crushed, Most Would Give Up. But He's Not Like Most.",3112.0,3112.0,8.0,0.002570694087403599,0.015352240336530858
61215,14240,"In Seconds He Lost All That He'd Worked For, But He's Not Like Most",3094.0,3094.0,28.0,0.00904977375565611,0.01596813500658918
61234,14245,The Kind Of Selfie Celebs Are Taking That I Really Hope Will Catch On,3042.0,3042.0,38.0,0.012491781722550954,0.03118733978248088
61236,14245,The Type Of Selfie Jenna Elfman Took That I Hope We All Start Taking,3075.0,3075.0,57.0,0.018536585365853658,0.029107747864287926
61238,14245,Why Jenna Elfman Is Challenging Us To Take The Same Kind Of Selfie As Hers,3058.0,3058.0,36.0,0.011772400261608895,0.017223477886253533
61239,14245,1 Simple Reason Jenna Elfman Wants You To Take A Finger-Selfie,2952.0,2952.0,31.0,0.010501355013550135,0.013777571070353512
61250,14248,"When 85 Peeps Have The Same Amount Of Money As 3.5 BILLION Others, This Is What You Get",3086.0,3086.0,30.0,0.009721322099805573,0.010230517397305027
61252,14248,"These 85 People Might Be Perfectly Pleasant, But It's Nuts To See Their Power",3039.0,3039.0,46.0,0.015136558078315236,0.003914957493471557
61253,14248,Oh My: What It Looks Like When 85 People Have As Much Money As 3.5 Billion Others,3051.0,3051.0,52.0,0.017043592264831202,0.007677351784503949
61254,14248,It's Not That I Dislike These 85 People In The World. It's Just That *We* Can Do Better.,3055.0,3055.0,29.0,0.009492635024549919,0.002271452096462688
61400,14280,"How Not To Let The Big ""M"" Ruin Your Holidays",1985.0,1985.0,11.0,0.0055415617128463475,0.01
61401,14280,"A Secret Scientific Way You Can Feel Rich On The Inside, Even If You're Not On The Outside",1912.0,1912.0,6.0,0.0031380753138075313,0.007959606181341259
61402,14280,"Science Says Money Can Buy Happiness, If You Spend It On 'Certain' Things",1996.0,1996.0,15.0,0.00751503006012024,0.0008130360901964437
61404,14280,"If You're Going To Spend Money On Black Friday, Here's How Science Says To Do It",1995.0,1995.0,16.0,0.008020050125313283,0.00626400126048726
61405,14280,How You Can Buy Happiness With Only A Little Bit Of Money - Just Ask Science,2001.0,2001.0,4.0,0.001999000499750125,0.01028941637609887
61511,14304,4 Ways Reading Changes Your Life,3112.0,3112.0,21.0,0.006748071979434447,0.00574060106388249
61512,14304,4 Reasons Why Being A Shy Book Nerd Made You Who You Are Today,3014.0,3014.0,22.0,0.0072992700729927005,0.008261275724540822
61542,14311,Two People Just Invented A Show To Combat Bad News And It's Pretty Great,3042.0,3042.0,14.0,0.0046022353714661405,0.014657157710323946
61543,14311,These Guys Just Reinvented The News,2968.0,2968.0,15.0,0.005053908355795148,0.002913325351219456
61544,14311,These Two Plan To Act Like News Anchors On Opposite Day,3013.0,3013.0,15.0,0.004978426817125788,0.018379896981604173
61545,14311,This Couple's Love Makes Them Happy. So They Intend To Spread That To ... The News?,3123.0,3123.0,24.0,0.007684918347742555,0.01576113442653889
61682,14342,Fact: It Can Happen To You. Fact: It Can Happen To Your Loved Ones. Fact: It's Always A Big Deal.,3021.0,3021.0,27.0,0.00893743793445879,0.01628460093875802
61684,14342,The Points They Make Are Obvious. The Fact That They Have To Make Them Is So Depressing.,3086.0,3086.0,19.0,0.006156837329876863,0.017602227209006623
61692,14344,This Is What Sexism Against Men Really Sounds Like,3020.0,3020.0,39.0,0.012913907284768211,0.024710957382693927
61693,14344,This Is What Sexism Against Men Looks Like. You Should Probably Learn How To Identify It.,3033.0,3033.0,54.0,0.017804154302670624,0.021823632671086862
61694,14344,"What Sexism Against Men Looks Like, With Your Host, Laci The Feminist",2952.0,2952.0,53.0,0.017953929539295393,0.015519525583617352
61794,14365,Everybody Needs To Eat. So Why Do We Let Food Divide Us?,4622.0,4622.0,24.0,0.005192557334487235,0.006333927181598453
61795,14365,She Drives Her Bus Around The Desert — But It's SO Not What I Thought,4590.0,4590.0,46.0,0.010021786492374727,0.014170783540531657
61796,14365,It's One Thing That Can Bring Us All Together. So Why Are We Letting It Break Us Apart?,4531.0,4531.0,46.0,0.01015228426395939,0.01
61798,14365,At First You Think It's Just A Bus. But Then They Show You What's Inside.,4497.0,4497.0,71.0,0.01578830331331999,0.018783412616227284
61915,14387,"If You Were Wondering What Sexism Against Men Looks Like, This Will Explain It",3054.0,3054.0,92.0,0.030124426981008513,0.029609598266820858
61916,14387,This Is What Sexism Against Men Sounds Like. Yup. Still Awful.,3122.0,3122.0,107.0,0.03427290198590647,0.026760266733932492
61917,14387,This Is What Sexism Against Men Sounds Like. Maybe We Should Try To Stop It Too.,2994.0,2994.0,91.0,0.030394121576486306,0.02600175172860297
61918,14387,This Is What Sexism Against Men Sounds Like. Yet Another Reason Why We Can't Have Nice Things.,2981.0,2981.0,82.0,0.027507547802750755,0.028783057033327272
61919,14387,This Is What Sexism Against Men Sounds Like. Guess Who's Behind It?,3104.0,3104.0,101.0,0.032538659793814435,0.018331853721646196
61920,14387,This Is What Sexism Against Men Sounds Like. Thanks To Patriarchy.,2996.0,2996.0,77.0,0.02570093457943925,0.02315387720097258
61946,14394,This Video Will Never Do Well On The Internet. Period.,3008.0,3008.0,52.0,0.017287234042553192,0.02133049297970871
62047,14418,"Every Time You Dry Your Hands, You'll Think Of This Video And That's Great",3095.0,3095.0,49.0,0.015831987075928918,0.015076299529513981
62049,14418,Thinking Of This Video Every Time You Dry Your Hands Will Make You Less Contagious,3057.0,3057.0,58.0,0.018972849198560682,0.007505643612744637
62056,14420,This Is Probably Why LGBT Kids Need To Be Reminded It Gets Better,3017.0,3017.0,10.0,0.003314550878355983,0.013142686952696745
62057,14420,LGBT Folks Have Made A Lot Of Progress. Except Not So Much In This One Place.,3083.0,3083.0,14.0,0.0045410314628608495,0.010155360124239496
62058,14420,"If You Think Anti-Gay Bias Is A Thing Of The Past, You’re Probably Not A High School Student",3027.0,3027.0,17.0,0.0056161215725140405,0.021479354503687254
62060,14421,I Thought They Were Just Sharing Their Passion. Then My Stomach Dropped.,3024.0,3024.0,43.0,0.014219576719576719,0.01992593843973629
62061,14421,"When These Bright-Eyed Young People Shared Their Secret, My Stomach Dropped",3018.0,3018.0,33.0,0.010934393638170975,0.026142977766594085
62062,14421,"When These Seemingly Okay Individuals Shared Their Secret, My Stomach Dropped",3061.0,3061.0,35.0,0.011434171839268212,0.023580327870879124
62063,14421,"Their Secret Made My Stomach Drop, But It Also Binds Them Together",3059.0,3059.0,25.0,0.008172605426610004,0.012409509186124977
62246,14461,Want To Achieve Your Dreams? This Astronaut's Got Some Tips.,2959.0,2959.0,11.0,0.0037174721189591076,0.010557798073257296
62247,14461,3 Simple Tips To Take Charge Of Who You Want To Be... Brought To You By An Astronaut,2978.0,2978.0,16.0,0.005372733378106112,0.0030935694164639935
62248,14461,"Are You The Adult You Thought You'd Be? There's Always Time To Change Course, If Not.",3144.0,3144.0,18.0,0.0057251908396946565,0.0068204707271996776
62249,14461,"Apparently, Some Astronauts Give Awesome Advice. In The Form Of Cartoons.",3039.0,3039.0,17.0,0.005593945376768674,0.010675508398308406
62250,14461,Simple Advice From An Astronaut About How To Live Your Life Properly,3021.0,3021.0,22.0,0.007282356835484938,0.014939099212143812
62433,14501,What Anne Rice Thinks Gay People Have In Common With Vampires,4711.0,4711.0,52.0,0.01103799617915517,0.015428389067804141
62434,14501,"Anne Rice Talks Fifty Shades, Vampiric Gay People And ... The Pope?",4644.0,4644.0,20.0,0.004306632213608958,0.01818638748124054
62435,14501,Why Anne Rice Thinks Fifty Shades Of Grey Is Good For Women,4530.0,4530.0,45.0,0.009933774834437087,0.018232065415768273
62436,14501,How Fifty Shades Helps Women Come Out Of The Closet - According To Anne Rice,4497.0,4497.0,30.0,0.0066711140760507,0.014901386529254861
62437,14501,What The Most Famous Vampire Author Really Likes About Pope Francis,4561.0,4561.0,25.0,0.005481254110940584,0.010708833290284409
62438,14501,"Ghosts, Sex, And Gender. Anne Rice Throws Down Some Strong Opinions.",4515.0,4515.0,11.0,0.0024363233665559247,0.01222276209846175
62451,14504,Chris Rock Is Going To Say Something That *Could* Cut Down Your Holiday Spending This Year,3632.0,3632.0,19.0,0.0052312775330396475,0.009298134326166932
62453,14504,"A Minute-And-A-Half Of Unadulterated Truth About The Holidays, Brought To You By Chris Rock",3732.0,3732.0,42.0,0.011254019292604502,0.01816466511183274
62454,14504,I'm So Glad I Watched This Before Black Friday. It Was A Great Reminder Of What *Not* To Do.,3621.0,3621.0,20.0,0.005523336095001381,0.01330700197408815
62455,14504,Leave It To Chris Rock To Call Out An Entire Country Before The Holiday Season,3672.0,3672.0,38.0,0.010348583877995643,0.0310043680442385
62456,14504,A Clip From Saturday Night Live That You'll Want To Watch Before Black Friday,3609.0,3609.0,33.0,0.00914380714879468,0.024865726823783477
62461,14506,David Suzuki Blasts Canadian Mounties After They Arrest His Grandson,3779.0,3779.0,19.0,0.005027785128340831,0.019664024475231322
62462,14506,Have You Ever Seen David Suzuki Angry? Wait Till You Hear Him Blast The Canadian Mounties.,3842.0,3842.0,22.0,0.005726184279021343,0.016443392617346664
62463,14506,The Mounties Arrested David Suzuki's Family. If You Thought He Was Passionate Before - Just Wait,3956.0,3956.0,18.0,0.00455005055611729,0.01121493506290128
62464,14506,Pharrell Might Wanna Trade In His Hat When He Hears What The Mounties Did To David Suzuki's Family,3798.0,3798.0,11.0,0.0028962611901000527,0.015421260860103581
62465,14506,David Suzuki Said They Dragged And Arrested His Grandson - And Now He's Mad,3854.0,3854.0,20.0,0.005189413596263622,0.012428508558465938
62466,14506,How To Pick A Fight With David Suzuki? Arrest His Family.,3884.0,3884.0,16.0,0.004119464469618949,0.00949367795524755
62468,14507,5 Things That Pop Up In Women's Minds When They Have An Eating Disorder,3070.0,3070.0,39.0,0.012703583061889252,0.021625041650339565
62469,14507,"I Was So Uncomfortable When She Talked About This Problem Some Women Have, But That’s The Point",3058.0,3058.0,53.0,0.017331589274035317,0.013359760836997978
62471,14507,The Disturbing Truth About Dating A Woman With An Eating Disorder,3041.0,3041.0,61.0,0.020059191055573824,0.022937249513725815
62529,14520,What This Woman Did To Save Her History Is The Most Stunning Thing I've Seen All Day,3659.0,3659.0,13.0,0.003552883301448483,0.020947969433990823
62530,14520,Can You Imagine Having To Save An Entire Language On Your Own? So Inspiring.,3608.0,3608.0,20.0,0.005543237250554324,0.005178820279170496
62532,14520,Her Words Could Soon Be Extinct — But She Won't Let Them Go Without A Fight,3730.0,3730.0,19.0,0.005093833780160858,0.006549552815058176
62533,14520,What She Did To Save Her Language From Going Extinct Is The Most Inspiring Thing I've Seen All Day,3604.0,3604.0,28.0,0.00776914539400666,0.011532608822249137
62534,14520,This Old Woman Can Barely Type — So Why's She Writing A Dictionary?,3661.0,3661.0,19.0,0.00518983884184649,0.00879589698448522
62687,14554,Why Should Your Kids Know About These Silly Fairy Tales And Crazy Stories?,3661.0,3661.0,34.0,0.00928708003277793,0.01249070905720351
62688,14554,"How Many Of These Characters Can You Name? If A Lot, You've Probably Graduated High School.",3619.0,3619.0,63.0,0.017408123791102514,0.015987327016219043
62689,14554,Do You Recognize These Characters? A Lot Of Kids These Days Don't For One Unhappy Reason.,3607.0,3607.0,54.0,0.0149708899362351,0.023175528979991596
62690,14554,I Couldn't Help But Think: What If I Watched This Video And Didn't Recognize Anyone?,3746.0,3746.0,45.0,0.01201281366791244,0.011788083303951494
62700,14557,You've Heard Politicians Go Berserk Over This Issue. Here's Why They're Wasting Their Breath.,3706.0,3706.0,13.0,0.003507825148407987,0.013261681560438976
62701,14557,How Can The U.S. Have A $17 Trillion Debt And Still Be Considered Wealthy?,3609.0,3609.0,12.0,0.0033250207813798837,0.01
62702,14557,This Should Be Mandatory Learning For Every Incoming Member Of Congress,3645.0,3645.0,11.0,0.003017832647462277,0.014676889511542428
62703,14557,Here's Why I Don't Give A Crap About The National Debt,3521.0,3521.0,22.0,0.0062482249360976995,0.0077219514618700955
62704,14557,Why My Brain Feels Like A Twisted Rag When Politicians Whine About The National Debt,3672.0,3672.0,8.0,0.002178649237472767,0.011486386230986833
62705,14557,Is The U.S. *Really* As Wealthy As We Think It Is?,3709.0,3709.0,10.0,0.0026961445133459154,0.016766876946446973
62709,14559,We Need To Start Using This Technique All Around The Country — It's Amazingly Simple,3065.0,3065.0,22.0,0.007177814029363785,0.012901380724954519
62710,14559,People Are Often Afraid Of Them. But Wait 'Til You See What They Can Do.,3091.0,3091.0,29.0,0.009382076997735361,0.007360036413107451
62711,14559,"The More She Explains What These Can Do, The More My Jaw Drops",3024.0,3024.0,33.0,0.010912698412698412,0.012871365187296079
62712,14559,She Explains How To Use These Unexpected Things To Fight Some Of The Nastiest Stuff Out There,2968.0,2968.0,13.0,0.004380053908355795,0.002733385667633169
62713,14559,"The More She Explains, The More Optimistic I Get — Such A Simple Fix For Some Disgusting Problems",3075.0,3075.0,13.0,0.004227642276422764,0.010267723982696608
62751,14568,Why It Can Be Hard To Tell A Depressed Teen And Normal Teen Apart,3108.0,3108.0,10.0,0.0032175032175032173,0.014532872280101495
62753,14568,Here Are The Symptoms Of Clinical Depression In Teens (They're Different From Adults),3082.0,3082.0,23.0,0.007462686567164179,0.019339518671802693
62754,14568,When Regular Teenage Behavior Might Actually Be Clinical Depression,2992.0,2992.0,11.0,0.003676470588235294,0.022150946374323993
62784,14576,How To Avoid Being An Unintentional Jackass While You're Helping Someone Who Needs It,3130.0,3130.0,13.0,0.004153354632587859,0.014393931000437645
62786,14576,"The Enemy Of My Enemy Is My Friend, But A Bad Ally Is No Good For Anyone At All",3097.0,3097.0,13.0,0.004197610590894414,0.009680373114219532
62787,14576,"If You Don't Really Care About Anyone Else But Yourself, You Definitely Won't Like What She's Saying",3037.0,3037.0,27.0,0.008890352321369773,0.002564640145063573
62788,14576,"If You Offer To Help Us Fight Injustice In These Ways, Then We Probably Don't Want It",2957.0,2957.0,16.0,0.005410889414947582,0.012331398740684361
62789,14576,"She Says Those Words Privileged People Hate To Hear, But She'll Keep Saying Them Until They Get It",2918.0,2918.0,26.0,0.008910212474297465,0.013311413157251994
62884,14598,"One Day, Melissa Made A Hard Decision. Here's Why We Shouldn't Use That Day To Define Her.",4339.0,4339.0,47.0,0.010831988937543212,0.019829556614047325
62886,14598,1 Out Of Three Women Will Make The Hard Decision That Melissa Made,4284.0,4284.0,40.0,0.009337068160597572,0.022917404475408965
62983,14620,"The Next Time You Dismiss Your Chores, Here’s Something Important To Remember",3025.0,3025.0,36.0,0.011900826446280991,0.013762810439693872
62984,14620,What You Didn’t Realize About Doing The Dishes Is Powerful But Extremely Simple,3025.0,3025.0,41.0,0.013553719008264463,0.016305433676617596
62985,14620,Here’s How To Reprogram Your Brain With Everything That’s Already In Your Home,3115.0,3115.0,17.0,0.005457463884430177,0.0069150248119100284
62986,14620,The Soldier Gets Hugged. The Kid Pushes In A Chair. And It All Adds Up To Something Much Bigger.,3051.0,3051.0,17.0,0.005571943625040971,0.005668544310398784
62987,14620,Here’s The Real Fabric You Need To Start Sporting. (Hint: It Ain’t Cotton.),2970.0,2970.0,13.0,0.004377104377104377,0.0069035953676948834
63086,14642,"I Can't Believe These People Are Eating It, But Eating From It? That's Different.",3178.0,3178.0,23.0,0.00723725613593455,0.012998985853030524
63087,14642,"Now That This Is A Luxury Item, Will We Be Taking Better Care Of It?",3294.0,3294.0,34.0,0.010321797207043109,0.001898258554703382
63088,14642,"We Play In It, Bathe In It, Even Eat It. Maybe It's Time We Got To Know It Better.",3242.0,3242.0,17.0,0.005243676742751388,0.00045180533893962073
63256,14677,Reading This List Put Me In The Best Mood I've Been In In 2 Days,3255.0,3255.0,24.0,0.007373271889400922,0.013006943722023668
63257,14677,8 Reasons Why The World Isn't As Screwed As You Might Think,3237.0,3237.0,13.0,0.004016064257028112,0.012007723315354513
63258,14677,8 Things To Be Epically Thankful For This Thanksgiving,3271.0,3271.0,5.0,0.001528584530724549,0.002495449481537671
63259,14677,It's Easy To Think The World Is Going To Hell. Here Are 8 Reasons Why It's Not.,3234.0,3234.0,14.0,0.004329004329004329,0.009511268080689299
63260,14677,"Start With #8 And Scroll Down To #1. If You're Smiling By The End, That's The Whole Point.",3318.0,3318.0,12.0,0.003616636528028933,0.006622367008839734
63261,14677,"Start With #8 And Scroll Down To #1. If You Don't Feel Better, I'll Buy You A Beer*.",3240.0,3240.0,19.0,0.005864197530864198,0.00883535758841367
63266,14679,After 48 Years They Got To Celebrate Their 1st Wedding Anniversary And We Get To See How Love Looks,3020.0,3020.0,23.0,0.0076158940397350995,0.015756275265866575
63267,14679,2 Women Got Married In Their Community Just Like They'd Always Wanted,3100.0,3100.0,16.0,0.005161290322580645,0.009600230841521732
63269,14679,Why 2 Woman Waited Nearly 50 Years To Finally Get Married,3126.0,3126.0,17.0,0.005438259756877799,0.018979766524941946
63300,14685,A Father Wrote His Kid 14 Things To Always Remember. How Many Of Them Do You Follow?,3227.0,3227.0,46.0,0.014254725751471955,0.019450631887212903
63301,14685,He Wrote 14 Tips For His Future Kid. I Wish My Father Had Told Me Number 4.,3249.0,3249.0,46.0,0.014158202523853494,0.016898786306444348
63302,14685,He Wrote 14 Tips For His Future Kid. I'll Be Repeating Number 4 To Myself For A While.,3278.0,3278.0,50.0,0.01525320317266626,0.009448469582964865
63303,14685,A Father Wrote His Kid 14 Things To Always Remember. And I Forget 9 Of Them Every Day.,3159.0,3159.0,53.0,0.016777461221905668,0.027348077648180598
63305,14685,"14 Things To Always Remember Even When Things Get Hard. They're Easy To Remember, And So Hard To Do.",3245.0,3245.0,32.0,0.009861325115562404,0.020815018192297884
63348,14695,Meet The 15-Year-Old Who Refused To Give Up Her Seat Long Before Rosa Parks,3261.0,3261.0,22.0,0.006746396810794235,0.015979647279003868
63349,14695,You've Heard Of Rosa Parks. But Do You Know The Real Story?,3238.0,3238.0,36.0,0.011117974058060531,0.01492801021747179
63350,14695,I Learned More About Rosa Parks From This Drunk Woman Than I Ever Did In History Class,3196.0,3196.0,38.0,0.011889862327909888,0.016050076660743682
63351,14695,The Name The History Books Forget To Include With Rosa Parks,3343.0,3343.0,25.0,0.007478312892611427,0.013384982388254387
63352,14695,"59 Years Ago, A Woman We All Know Was Arrested. But What About The 15-Year-Old Who Did It First?",3247.0,3247.0,49.0,0.015090853095164768,0.017062296151519617
63354,14696,How To Make Sure No One Thinks You Are Being Racist,3208.0,3208.0,29.0,0.00903990024937656,0.010982778574616967
63356,14696,"The Secret To Being An Awesome Friend To A Black, Gay, Or Female Person",3336.0,3336.0,17.0,0.005095923261390888,0.01
63358,14696,A Really Thoughtful Video About How To Be More Than 'Not Racist',3219.0,3219.0,29.0,0.009009009009009009,0.0048311529570425425
63378,14701,"A ""Go-To"" Question You're Asking Strangers, That Could Make You Come Across As A Snob",3239.0,3239.0,27.0,0.008335906143871565,0.01734962603321813
63379,14701,A Question You Need To Please Stop Asking People The Minute You're Introduced,3160.0,3160.0,54.0,0.01708860759493671,0.03286255805225112
63380,14701,"A Question That Gives Some People So Much Anxiety, That They Dread Meeting Strangers",3201.0,3201.0,27.0,0.008434864104967198,0.015087212625779022
63381,14701,How A Common Question Can Make You Look Totally Obnoxious - If It's The 1st One You Ask,3253.0,3253.0,43.0,0.013218567476175837,0.018413812386227475
63382,14701,"A Question You're Asking People Out Of Habit, That Could Be Hurting Their Feelings",3331.0,3331.0,48.0,0.01441008706094266,0.010253829254845939
63383,14701,The #1 Most Annoying Question You Need To Stop Asking When You First Meet Someone,3300.0,3300.0,74.0,0.022424242424242423,0.0271818045371251
63443,14715,She Tries To Explain What Depression Is Like To Those Who've Never Had It Before. It's Real Deep.,3248.0,3248.0,41.0,0.012623152709359606,0.014483812228323248
63444,14715,"She Describes Her Condition Like This: One Day It's A Firefly, And The Next, It's A Bear",3215.0,3215.0,32.0,0.009953343701399688,0.004030361690428906
63445,14715,This Is One Of The Most Powerful Descriptions Of Depression That I've Ever Heard,3202.0,3202.0,50.0,0.01561524047470331,0.023008950329010666
63447,14715,Watch The Most Clearly Poetic Description Of Depression That I've Ever Heard,3220.0,3220.0,45.0,0.013975155279503106,0.02298210684191284
63448,14715,Her Mother Says Happiness Is A Decision. Her Mother Has Obviously Never Been Depressed.,3322.0,3322.0,28.0,0.008428657435279952,0.015707379195671417
63525,14732,Think Your Baby's A Genius? This Might Actually Hurt Their Smarts.,3280.0,3280.0,26.0,0.007926829268292683,0.011663733643097996
63526,14732,One Concern About Raising Kids That Our Parents Never Worried About,3284.0,3284.0,23.0,0.007003654080389768,0.01414781422688827
63527,14732,Think Your Baby's The Coolest Because They Can Work A Tablet? He Might Make You Rethink That.,3210.0,3210.0,32.0,0.009968847352024923,0.015090241885415391
63528,14732,"They’re Super Cute Mini Humans, But Should They Really Be Using Our Smartphones?",3191.0,3191.0,24.0,0.007521153243497336,0.012949803935674555
63535,14734,She Built Herself A Home On The Place She Grew Up. Now Some Powerful People Wanna Throw Her Out.,3247.0,3247.0,26.0,0.008007391438250694,0.007584589911457979
63536,14734,"She Was Cold And Had No Place To Live, So She Built One. Now, Someone's Trying To Take It.",3319.0,3319.0,55.0,0.016571256402530883,0.010838135156925912
63537,14734,"Instead Of Freezing, A Woman Built Herself A House. Now Someone Wants To Take It.",3197.0,3197.0,45.0,0.014075695964967157,0.010858008546238565
63538,14734,She Built Herself A Home To Survive The Harsh Canadian Winter. But Now They're Trying To Take It.,3214.0,3214.0,26.0,0.008089607965152458,0.006919834530648633
63539,14734,If You Saw A Homeless Person Build A House To Survive The Winter You'd Cheer Right? Not Everyone Is.,3235.0,3235.0,38.0,0.011746522411128285,0.0007855735825845812
63540,14735,"Babies Learn Quickly, But Do Smartphones Really Make Them Smarter?",3289.0,3289.0,6.0,0.0018242626938279112,0.002119002130252432
63541,14735,Does Your Baby Have Their Own Social Media Account? You Might Want To Wait For Them To Use It.,3243.0,3243.0,4.0,0.0012334258402713536,0.017204876672120326
63542,14735,Think Your Baby's The Coolest Because They Can Work A Tablet? He Might Make You Rethink That.,3144.0,3144.0,31.0,0.009860050890585241,0.015097585900891526
63543,14735,What Really Happens To Babies When They Watch TV,3317.0,3317.0,28.0,0.008441362677117878,0.0164350544944282
63544,14735,"Sure, Smartphones Run Our Lives, But Here’s What They Do To Babies Lives",3254.0,3254.0,30.0,0.00921942224953903,0.022771147786357814
63667,14764,Next Time A Person Says There's No Need For Feminism - Tell Them About The Montreal Massacre,3537.0,3537.0,31.0,0.008764489680520215,0.013625012927585037
63668,14764,"In 1989, A Canadian Guy Shot 14 Women At A School. He Was Angry At The Program They Were In.",3496.0,3496.0,30.0,0.008581235697940504,0.01713575431114008
63669,14764,It's Been 25 Years Since The Horror Of The Montreal Massacre. Here's Why We Should Never Forget.,3472.0,3472.0,21.0,0.006048387096774193,0.01877183278478943
63670,14764,"He Walked Into A School, Pointed A Gun And Said ""I Hate Feminists."" Nothing Was Ever The Same.",3489.0,3489.0,33.0,0.009458297506448839,0.014027688153723704
63671,14764,He Walked Into A School And Killed 14 Women - But It Was No Random Act Of Violence,3270.0,3270.0,34.0,0.010397553516819572,0.016198833234172927
63745,14780,"Time Magazine Said He Was Saving Mexico, So Why Did His Forces Kidnap 43 Students?",3142.0,3142.0,10.0,0.003182686187141948,0.01
63746,14780,The U.S. Has Been Really Great Allies With This Country. Here's Why It's Time For That To End.,3042.0,3042.0,34.0,0.011176857330703484,0.010366075860718594
63747,14780,The U.S. Has Spent $3 Billion Helping Mexico. It's Time To Stop That.,3001.0,3001.0,20.0,0.006664445184938354,0.011040519219495256
63748,14780,43 Students Were Killed By Mexican Police Forces. And American Can Do Something About It.,3044.0,3044.0,15.0,0.00492772667542707,0.010533090430890388
63767,14784,"If You've Ever Talked About Black People And White People, Here's 5 Things To Keep In Mind",3014.0,3014.0,44.0,0.014598540145985401,0.01452164200647004
63768,14784,"If You've Ever Talked About Black People Or Gay People Or Women, Here's 5 Things To Keep In Mind",2981.0,2981.0,50.0,0.01677289500167729,0.01022866376452465
63769,14784,"If You've Ever Talked About Black People Or Gay People Or Women, It'd Be Great If You Watched This",3122.0,3122.0,42.0,0.013452914798206279,0.016882680432811305
63770,14784,"When You Can't Relate But Really Want To, Here Are 5 Things To Keep In Mind",3006.0,3006.0,30.0,0.00998003992015968,0.01581293409393779
63817,14795,5 Reasons You Should Go Buy Someone A Coffee Right Now,3070.0,3070.0,16.0,0.005211726384364821,0.012736655893368767
63818,14795,5 Reasons You Should Change The Way You Dish Out Your Cash Right Now,3136.0,3136.0,15.0,0.0047831632653061226,0.00979314878514095
63819,14795,5 Reasons You Should NOT Treat Yo Self,2930.0,2930.0,22.0,0.007508532423208191,0.011862352012945158
63820,14795,5 Reasons You May Be Spending Your Cash All Wrong (And How To Do It Right),3096.0,3096.0,13.0,0.004198966408268734,0.007638853295238546
63822,14795,5 Times Science Said To Stop Spending Money On Yourself. Right Now.,2977.0,2977.0,21.0,0.00705408128988915,0.009532466944208187
63962,14825,Teaching Kids About 'Stranger Danger' Won't Stop Sexual Abuse. Here's What Will.,5015.0,5015.0,36.0,0.007178464606181456,0.01395929727181103
63963,14825,The Best Advice For Keeping Kids Safe From Sexual Abuse Has Nothing To Do With 'Stranger Danger',5126.0,5126.0,22.0,0.004291845493562232,0.01496815808143991
63964,14825,A Psychologist Explains How To Protect Kids From Sexual Abuse And Every Adult Should Listen,5232.0,5232.0,32.0,0.0061162079510703364,0.0202784872654234
63976,14828,"At One Point, There Are Tomatoes As Wheels And A Sun Made Of Corn. (And No, I'm Not Tripping.)",4371.0,4371.0,11.0,0.0025165865934568747,0.006192840526676564
63996,14833,"A Young Man's Last Words To His Mother, And Why They Break His Heart Every Day",3468.0,3468.0,37.0,0.010668973471741637,0.024974195007070626
63997,14833,8 Things His Mother Taught Him — And The Sad Moment He Finally Thanked Her For It,3438.0,3438.0,33.0,0.009598603839441536,0.015484754310493041
63998,14833,"He Always Wanted To Tell His Mother These Things. When He Finally Did, He Couldn't Stop Crying.",3489.0,3489.0,37.0,0.01060475781026082,0.020936718919280818
64034,14840,Hear Reese Witherspoon's Critical Words About How Women Are Treated In Hollywood,3647.0,3647.0,31.0,0.008500137098985467,0.015236085753926779
64035,14840,Think These Celebrities Aren't Feminists? Hear What They Have To Say About Sexism.,3624.0,3624.0,23.0,0.0063465783664459164,0.010814902805649236
64036,14840,These Celebrities Are Fed Up With The Sexism In The Film Industry — So They're Speaking Up,3745.0,3745.0,25.0,0.006675567423230975,0.0164120654401675
64037,14840,7 Celebrity Women Discuss Sexism — I Only Wish Their Responses Shocked Me More.,3649.0,3649.0,43.0,0.011784050424773911,0.015739648932817943
64038,14840,"7 Famous Actresses, 1 Interviewer, And A Some Hard-Hitting Real Talk",3684.0,3684.0,25.0,0.0067861020629750276,0.0147407639424387
64193,14873,"We’ll Never Forget The ‘I Have A Dream’ Speech, But These Kids Could Go Down In History Too",3019.0,3019.0,14.0,0.004637297118251077,0.009239508427654922
64194,14873,"There's The ‘I Have A Dream’ Speech. Then There's These 7 That Could Go Down In History, Too.",3020.0,3020.0,27.0,0.008940397350993378,0.007660618881032654
64195,14873,Certain Speeches You'll Always Remember. Here Are Some From Kids You Won't Want To Forget.,2935.0,2935.0,18.0,0.006132879045996593,0.01310782839947491
64197,14873,We All Know The ‘I Have A Dream’ Speech. Maybe These Kids Should Go Down In History Too.,3060.0,3060.0,26.0,0.00849673202614379,0.012110358613176345
64251,14889,This Audio Of Philip Seymour Hoffman Discussing Happiness Gave Me Chills,3570.0,3570.0,45.0,0.012605042016806723,0.022664895594899225
64252,14889,The Proof That Philip Seymour Hoffman Can Do Miracles Even After Death,3505.0,3505.0,26.0,0.007417974322396576,0.022382809492825263
64254,14889,His Death Broke Our Hearts. His Words In This Audio Will Mend Them.,3272.0,3272.0,37.0,0.011308068459657702,0.019338204296502362
64261,14891,11 Times Country Music Showed Its Secret Forward-Thinking Side In 2014,3547.0,3547.0,22.0,0.006202424584155625,0.011676720494936541
64262,14891,11 Times In 2014 That Country Music Totally Won Over Our Hearts — And Radios,3431.0,3431.0,24.0,0.006995045176333431,0.011359354234254776
64263,14891,11 Reasons Country Music Totally Kicked ... Butt ... In 2014,3437.0,3437.0,18.0,0.00523712540005819,0.004972475655191752
64264,14891,"The 11 Greatest 2014 Moments Of Country Music Being About More Than Trucks, Beer, And Ripped Jeans",3378.0,3378.0,20.0,0.005920663114268798,0.012462237139072194
64265,14891,11 Best Moments Of Country Music Making Progress In 2014,3351.0,3351.0,17.0,0.00507311250373023,0.002717567193666892
64266,14891,"Country Music Is Actually Pretty Progressive, And These 11 Moments In 2014 Prove It",3626.0,3626.0,39.0,0.01075565361279647,0.013452087155159408
64267,14892,How To Easily Avoid Every New Parent’s Worst Nightmare,3059.0,3059.0,20.0,0.006538084341288003,0.018368283332217343
64268,14892,"4,000 Babies Die Every Year. The Scariest Thing Is That It Could Possibly Be Avoided.",3017.0,3017.0,28.0,0.009280742459396751,0.014311612979441182
64270,14892,Babies Rock But SIDS Doesn’t. Here’s How To Kick It To The Curb.,3119.0,3119.0,24.0,0.0076947739660147485,0.01
64307,14901,There's 1 Thing Most Kids Can Do That's Impossible For Most Adults.,3691.0,3691.0,43.0,0.01164995936060688,0.014966450226724607
64308,14901,We Send Our Kids To School To Learn To Be Creative. What If We've Got It Completely Backwards?,3671.0,3671.0,27.0,0.007354944156905475,0.007064272726364302
64309,14901,"Decades Ago, Pablo Picasso Said Something Genius About Kids. It Just Changes Your Whole Perspective.",3675.0,3675.0,48.0,0.013061224489795919,0.011674446804919903
64310,14901,Kids Have A Secret Ability That Most Of Us Lose It When We Grow Up. Did You?,3660.0,3660.0,46.0,0.012568306010928962,0.017147570454343695
64403,14921,2014: The Year Gay Men And Feminists Won Country,3382.0,3382.0,20.0,0.0059136605558840925,0.0041255847106880655
64404,14921,When Two Famous Singers Just Came Out As Gay — And 10 Other Great Moments In 2014,3457.0,3457.0,34.0,0.009835117153601388,0.010086813268043216
64406,14921,2014 Was The Year These 2 Famous Singers Came Out — And 9 Other Amazing Things Happened,3494.0,3494.0,32.0,0.009158557527189467,0.014657150278715827
64407,14921,The Time Two Big Celebs Came Out As Gay — And The Other 10 Best Moments In Country 2014,3395.0,3395.0,43.0,0.012665684830633284,0.017002509841210624
64408,14921,Remember When These Famous Singers Came Out As Gay? (And 10 Other Awesome Moments From 2014.),3447.0,3447.0,27.0,0.007832898172323759,0.007458673785691948
64409,14921,11 Times The Country Music Scene Killed It In 2014,3561.0,3561.0,30.0,0.008424599831508003,0.00993446521419262
64410,14921,2014: The Year Country Music Got A Little More Gay — And 10 Other Fantastic Things Happened,3359.0,3359.0,20.0,0.005954153021732658,0.010762253886166074
64411,14921,2 Famous Singers Are OUT Of The Closet (And Other Awesome Music News From 2014),3521.0,3521.0,39.0,0.011076398750355012,0.005091156958876797
64456,14931,"'Hey, Buddy. I’ve Got A Prison I Need To Keep Full. Can We Make A Deal?'",3445.0,3445.0,18.0,0.0052249637155297535,0.005651630052148536
64457,14931,Orange Is The New Green? How Some Companies Are Making Fistfuls Of Dollars Keeping Prisons Full.,3455.0,3455.0,10.0,0.002894356005788712,0.0012055407016402096
64458,14931,Big Companies With Massive Prisons. Contracts To Keep Them Full. Can't Imagine That Going Wrong ...,3521.0,3521.0,7.0,0.0019880715705765406,0.011369069449777102
64459,14931,"Capitalism At Its Finest: Private Prisons, With Contracts To Keep Them Full. Welcome To The Machine.",3476.0,3476.0,12.0,0.0034522439585730723,0.005777454074662526
64460,14931,It’s Like Owning A Hotel Where The State Guarantees It’s Always Full. And Pays For The Rooms.,3429.0,3429.0,13.0,0.00379119276757072,0.00925356508885182
64513,14943,Shakira Got On Twitter Today To Talk Early Childhood Education. Here's What You Need To Know.,3069.0,3069.0,11.0,0.0035842293906810036,0.001419351904680408
64515,14943,12 Tweets That Sum Up This Pop Star's Incredibly Smart Thoughts On Educating Our Kids,3103.0,3103.0,20.0,0.006445375443119562,0.007761370403199163
64516,14943,"This Mega Pop Star Puts Her Celebrity To Use to Help Kids, and The Numbers Don't Lie",3012.0,3012.0,15.0,0.0049800796812749,0.007973733823110056
64532,14947,"They Had Names, But Now They’re Just Numbers In The Grass. Until She Finds Out Who They Were.",3476.0,3476.0,24.0,0.006904487917146145,0.010185872929200127
64533,14947,A Field Full Of Numbers Is Her Best Chance Of Getting Back These Patients Their Names. And Stories.,3432.0,3432.0,10.0,0.002913752913752914,0.001144950665428789
64534,14947,"All That’s Left Is A Little Marker In The Grass, But She’s Not Going To Let Its Owner Be Forgotten",3459.0,3459.0,18.0,0.005203816131830009,0.01030203090431803
64535,14947,"New York State May Own Their Names, But She Wonders, ‘Do They Own The Bodies There, Too?’",3478.0,3478.0,22.0,0.0063254744105807935,0.007229791712637362
64536,14947,"How These Victims Of Mental Illness Got Lost Brings Her To Tears, And She Plans To Find Them",3474.0,3474.0,12.0,0.0034542314335060447,0.010449076987410488
64538,14948,There's A Reason Why She Can't Be Touched Right Now And She's Hoping You'll Understand,3502.0,3502.0,36.0,0.010279840091376356,0.014313750224789005
64573,14956,"It’s Not Just Our Right To Take Cell Phone Pictures Of Cops, It’s Our Duty",5394.0,5394.0,19.0,0.0035224323322209862,0.015212964718314674
64574,14956,The One Time I’m Not Totally Enraged By Everyone Taking Cell Phone Pictures,5505.0,5505.0,11.0,0.0019981834695731154,0.008651253073663004
64576,14956,Watch The Ghost Of Ben Franklin Let These Rogue Cops Have It,5284.0,5284.0,17.0,0.0032172596517789556,0.014547757711170223
64596,14960,Here's a 'Sh*t People Say' That I Wasn't Prepared For,3068.0,3068.0,52.0,0.01694915254237288,0.0193892021355399
64597,14960,I Was So Not Prepared For This 'Sh*t People Say',3141.0,3141.0,30.0,0.009551098376313277,0.017037956602432264
64598,14960,I Didn't Think That 'Sh*t People Say' Was That Funny. Then I Saw This One.,3050.0,3050.0,45.0,0.014754098360655738,0.016579430719352313
64599,14960,"The Most Depressing, And Funniest, 'Sh*t People Say' I've Seen",3014.0,3014.0,48.0,0.015925680159256803,0.027073873355198837
64674,14978,"He Looks Like He's Helping The Homeless, But He's Really Helping His Own Kids",4101.0,4101.0,26.0,0.0063399170933918555,0.00898660183796218
64675,14978,Awesome Parenting Tip From A Guy Who Works With Gang Members,4004.0,4004.0,40.0,0.00999000999000999,0.01893337565043214
64676,14978,Worried About How Your Kids Will Turn Out? Who Isn't? Here's An ... Unusual Way To Make Great People,3999.0,3999.0,22.0,0.005501375343835959,0.010108110017369597
64677,14978,So You Want To Raise An Awesome Child? Take Them To Meet To Folks Under The Overpass.,4114.0,4114.0,19.0,0.004618376276130287,0.013976463599953762
64794,15003,Why 50% Of My Diet For The Next 4 Months Will Be Cheese,2985.0,2985.0,24.0,0.008040201005025126,0.004235922878231415
64795,15003,13 Tips And Great Reasons To Eat Local When It’s Winter,2991.0,2991.0,11.0,0.0036776997659645604,0.01
64796,15003,What The Heck Is There To Eat In Winter? Here’s A Colorful Chart With Delicious Ideas.,3045.0,3045.0,28.0,0.009195402298850575,0.011636508829788743
64797,15003,"At My Next Wine And Cheese Party, I’ll Be Bragging About These Food Facts",3105.0,3105.0,21.0,0.00676328502415459,0.006396300681602336
64798,15003,How To Up Your Awesome Eating Game In The Cold Winter Months,3063.0,3063.0,5.0,0.001632386549134835,0.004120620982664896
64897,15026,5 Awful Things Congress Snuck Into The Omnibus Budget Deal,3066.0,3066.0,33.0,0.010763209393346379,0.023783068577874836
64898,15026,Congress Was Hoping To Sneak These Through Quietly. We Can't Let That Happen.,3118.0,3118.0,35.0,0.011225144323284156,0.012055133440367207
64899,15026,"The Awful Proposal That Was Hidden On Page 1,599 Of A 1,603 Page Bill For A Reason",3054.0,3054.0,47.0,0.01538965291421087,0.02754489346614071
65113,15074,What Choices Could A Child Make Due To Hunger? See The Possibilities.,3576.0,3576.0,7.0,0.0019574944071588368,0.0064106900944621665
65114,15074,See How Far One Child Must Go To Put Food On The Table,3506.0,3506.0,9.0,0.002567027952082145,0.010752459949285862
65115,15074,Have You Ever Had To Work So Hard To Have Enough To Eat?,3470.0,3470.0,10.0,0.002881844380403458,0.002420669954842256
65117,15074,The Child In This Video Represents Over 140 Million Children Worldwide. That Horrifies Me.,3641.0,3641.0,9.0,0.0024718483932985444,0.010566152907129481
65155,15083,No Joke. They're Planning To Build A Hotel And RV Park In The Grand Canyon.,3013.0,3013.0,12.0,0.003982741453700631,0.0037034183187069913
65156,15083,"It's Been A Sacred Place For Thousands Of Years, So Isn't This Kinda Like A Parking Lot In Paradise?",3090.0,3090.0,13.0,0.004207119741100324,0.008133463947947823
65344,15125,Here’s Why Women Should Be In Charge Of All Of The Money,3003.0,3003.0,19.0,0.006327006327006327,0.01154827646797833
65345,15125,They Give The Saying “Money In The Bank” A Way Cooler Meaning,3103.0,3103.0,8.0,0.002578150177247825,0.01
65347,15125,Still Looking For Ways To Save During The Holidays? This Works Year-Round.,2998.0,2998.0,9.0,0.003002001334222815,0.0036261917352361193
65348,15125,"At First $60 Didn't Seem Like A Lot, But When I Saw What They Did With It ... Whoa",3015.0,3015.0,11.0,0.003648424543946932,0.008225254391254776
65376,15132,CNN Pundits Raise Their Hands In Solidarity With Protestors,3044.0,3044.0,17.0,0.005584756898817346,0.0023459722344093808
65377,15132,CNN Pundits Raise Their Hands In Solidarity With Protestors. Even The Republican One.,3105.0,3105.0,17.0,0.005475040257648953,0.008875303227931
65378,15132,Watch CNN Pundits Take A Stand And Raise Their Hands In Solidarity With Protestors,3030.0,3030.0,9.0,0.0029702970297029703,0.01040344902173726
65379,15132,4 CNN Hosts Have A Thoughtful Opinion About Something Complex And Make Me Happy,3023.0,3023.0,15.0,0.004961958319550115,0.008638559875540814
65423,15142,"Parents Often Ask, 'Does Spanking Work?' Wonder No More. Here's The Science Facts.",2764.0,2764.0,80.0,0.02894356005788712,0.01884081589414419
65425,15142,This Is What Really Happens When You 'Spare The Rod.' SPOILER: The Child Will Not Be Spoiled.,2912.0,2912.0,52.0,0.017857142857142856,0.01703489382462695
65426,15142,"The Next Time You Consider Paddling Your Kid, Remember The Science",2872.0,2872.0,52.0,0.018105849582172703,0.010341087641193332
65440,15145,I *Still* Agree With Everything John McCain Said. 13 Minutes In? Now That's Rare.,2834.0,2834.0,24.0,0.008468595624558928,0.016921543458380428
65491,15156,"They're Not Just Working Out, They're Also Proving You Wrong",2788.0,2788.0,27.0,0.009684361549497847,0.008612054312899482
65492,15156,Fitness DVDs Are A Billion Dollar Business. So Why Are These Bodies Being Left Out?,2774.0,2774.0,23.0,0.00829127613554434,0.006979215542073369
65493,15156,If This Workout Video Surprises You Then You're Exactly Who It's Made For,2845.0,2845.0,25.0,0.008787346221441126,0.01858172208660969
65494,15156,A Fitness DVD That's Not About Losing Weight? Is This Real Life?,2917.0,2917.0,15.0,0.005142269454919438,0.011093047982005671
65495,15156,"They Want To Make Every Body Strong. That Shouldn't Be Revolutionary, But It Kinda Is.",2904.0,2904.0,13.0,0.004476584022038568,0.002514487780524821
65568,15175,"They Listed Off All The Things That They Can Do With My $3 And I'm Like, 'No Way.' But Yes Way.",3606.0,3606.0,16.0,0.004437049362174155,0.0030300328275782423
65570,15175,"They Listed Off All The Things That Could Be Done With My $3 And I Was Like, 'No Way.' But Yes Way.",3557.0,3557.0,16.0,0.004498172617374192,0.0016817627262526837
65571,15175,"They List All The Things That Can Be Done With My $3 And I'm Like, 'No Way.' But Yes Way.",3532.0,3532.0,17.0,0.004813137032842582,0.0004936802037226887
65714,15206,"First, I Learned A New Word. Then, I Saw What They Were Doing To The World.",3667.0,3667.0,14.0,0.003817834742296155,0.009799537129994531
65715,15206,"First, I Learned The Word 'Minga.' Then, I Watched As They Showed How It's Done. Bravo!",3654.0,3654.0,14.0,0.0038314176245210726,0.0020198918258903737
65716,15206,'Minga' Means To Come Together And Help Each Other. These Folks Are Doing It.,3658.0,3658.0,5.0,0.001366867140513942,0.0010988729601218404
65759,15215,"She’s Very Gracious Accepting Their Award. Even When She Says, ‘Thanks, But…’",3304.0,3304.0,19.0,0.0057506053268765135,0.0003842555170758197
65760,15215,The Sugar-Free Acceptance Speech That I Hope Every Young Woman Sees,3488.0,3488.0,18.0,0.005160550458715597,0.019301828286835417
65761,15215,"People Always Say ‘Thank You’ When They Win Awards. They Don’t Usually Say ‘Thanks, But…’",3292.0,3292.0,45.0,0.013669501822600244,0.010120430380921565
65762,15215,"Oh, Yes She *Did* Say That. This Is How You Win The Big Awards.",3430.0,3430.0,24.0,0.006997084548104956,0.007392067767345677
65763,15215,The Shonda Rhimes Acceptance Speech That Had Me Saying Yes. Yes. So Much Yes.,3278.0,3278.0,15.0,0.004575960951799878,0.004452567488808172
65802,15224,"I'm A Shorty, So I'm Used To Stuff Not Fitting. But For Her, *Nothing* Fits.",3328.0,3328.0,41.0,0.012319711538461538,0.012203201742863516
65803,15224,That Feeling When You Pull Some Cute Jeans Off The Rack And They Just Don't Fit. Every Time.,3340.0,3340.0,31.0,0.009281437125748504,0.02510044007371384
65804,15224,Hate When Clothes Were Made For Someone Whose Body Was Not Like Yours? Welcome To Her World.,3367.0,3367.0,38.0,0.011286011286011286,0.01751823468745772
65805,15224,"Don't You Hate It When Nothing Fits? That's Her Whole Life. (And 400,000 Other Americans').",3353.0,3353.0,40.0,0.011929615269907545,0.0045081108422281085
65806,15224,"After A Lifetime Of Clothes That Don't Fit, Her Frustration Ends Here",3396.0,3396.0,59.0,0.017373380447585393,0.017896599523143774
65999,15263,A Photoshop-Free Photo Project With 7 Women. Let's Talk About How Women Are Portrayed In The Media.,2791.0,2791.0,43.0,0.015406664278036546,0.01663823308834282
66000,15263,'There's Almost This Ironic Idiocy Of The Fashion World. Do You Think Everyone Looks Like That?!',2905.0,2905.0,33.0,0.011359724612736662,0.010506462626959095
66002,15263,"Beauty Products Are Marketed To Change Your Life, Not Just Your Look, And That's A Problem",2889.0,2889.0,13.0,0.004499826929733472,0.019615302616270976
66085,15282,"82,000 People Needed Attention So 1 Man Give It (Plus Peanut Butter And Jelly Sandwiches) To Them",3171.0,3171.0,8.0,0.002522863450015768,0.004670349157188615
66086,15282,If He Can Do It In LA's Skid Row Maybe We Can Do It In Our Neighborhood Too,2959.0,2959.0,16.0,0.005407232173031429,0.0027073576350822833
66087,15282,How Impacting Lives Can Be As Easy As Peanut Butter And Jelly Time,3058.0,3058.0,8.0,0.002616088947024199,0.005914063404424614
66088,15282,"1 Man Makes A City See 82,000 Invisible People",2987.0,2987.0,17.0,0.005691329092735186,0.00019053159647010667
66097,15285,She Was 5 Years Old When She Was Left Crying In A Police Car For Hours,3042.0,3042.0,35.0,0.011505588428665352,0.025886015302907964
66098,15285,"That One Time Police Put Handcuffs On A 5 Year Old. Wait, More Than One Time.",3080.0,3080.0,34.0,0.01103896103896104,0.015562094140096551
66099,15285,"Since When Can You Get Arrested For Having A Tantrum? Oh, Since Now.",3100.0,3100.0,19.0,0.006129032258064516,0.005827903301553037
66136,15293,What Do You Tell Your Children About The Police?,3014.0,3014.0,14.0,0.0046449900464499,0.010391414079947425
66137,15293,See 2 Ways Parents Are Having An Important Talk With Their Kids. Which Do You Identify With?,3114.0,3114.0,20.0,0.006422607578676943,0.011346574053378806
66138,15293,There's A Terrible Contrast In How Parents Across America Are Talking To Their Kids About Safety,3122.0,3122.0,25.0,0.008007687379884689,0.012728761894143249
66139,15293,There's A Conversation Some Parents Are Having With Their Children. Are You?,2962.0,2962.0,30.0,0.01012829169480081,0.017167165093904924
66140,15294,About 93 Million Miles From Where I Type This Is Something That Could Save Our Butts,3117.0,3117.0,9.0,0.0028873917228103944,0.006858281507496833
66141,15294,"Oh, Crap. 2.8 Billion Years From Now We’re Gonna Run Out Of Fuel Again.",3099.0,3099.0,10.0,0.003226847370119393,0.010506557881052116
66142,15294,Is The Promise Of Solar Energy Just Blowing Sunshine Up Our Butts?,3105.0,3105.0,15.0,0.004830917874396135,0.008164732619468422
66143,15294,"OK, So What *Are* We Gonna Do When We Run Out Of Gas?",3104.0,3104.0,13.0,0.004188144329896907,0.010122571838324747
66144,15294,"Can You Imagine What 520,000 Tea Kettles Screaming Would Sound Like?",2904.0,2904.0,9.0,0.0030991735537190084,0.01600064692066922
66184,15302,Show This To Your Uncle The Next Time He Whines About A Cashier Saying 'Happy Holidays',3019.0,3019.0,19.0,0.006293474660483604,0.02031450487407377
66185,15302,Why Christmas Is Everything You Think It's Not,3113.0,3113.0,20.0,0.006424670735624799,0.00873219293805172
66186,15302,Did You Know That Christmas Is Derived From An Ancient Total F**king Rager?,3061.0,3061.0,24.0,0.007840574975498203,0.024433632423220362
66219,15309,Backwards Stuff To Think Of While Sitting At The Table This Christmas,3065.0,3065.0,14.0,0.004567699836867863,0.01
66287,15323,Listen As One Teacher Gives A Well-Spoken Lesson On Poverty,2795.0,2795.0,19.0,0.006797853309481216,0.017437513704160315
66289,15323,"She Wants To Teach Her Students How To Carry The One, But Something Kept Getting In The Way",2876.0,2876.0,17.0,0.005910987482614743,0.010874634327729461
66290,15323,A Teacher Eloquently Breaks Down How Poverty Makes It Hard To Learn,2852.0,2852.0,23.0,0.008064516129032258,0.023871883459143397
66291,15323,An 8-Year-Old Boy In Her Class Has To Try So Much Harder Than Others To Learn. Hear Why.,2901.0,2901.0,24.0,0.008273009307135471,0.015030085900098616
66385,15342,Will Smith Wants To Tell You About A Guy Who Is Transforming Chicago 1 Kid At A Time,3086.0,3086.0,31.0,0.010045366169799093,0.009898542228414884
66386,15342,This Vet-Turned-High-School-Principal Is Making A Real Impact  On His Kids. Just Watch.,2970.0,2970.0,23.0,0.007744107744107744,0.015124355151662437
66387,15342,He Refuses To Let Them Fail Because They Have So Much Potential. It Beautiful.,3014.0,3014.0,27.0,0.008958195089581952,0.011586257750856163
66388,15342,If You Don't Smile At The Big Reveal You Should Go Looking For The Part Of Your Soul You Lost,3126.0,3126.0,35.0,0.011196417146513116,0.009123454506948288
66435,15352,Got A Vagina? Here's A Song Worth Listening To (For Your Vagina's Sake).,3066.0,3066.0,95.0,0.030984996738421394,0.01793647727559093
66436,15352,This Parody Of A Rap Song Promotes Vaginal Health. Glitter Included.,3012.0,3012.0,42.0,0.013944223107569721,0.015014751144742496
66437,15352,She Turned A Trip To The Doctor Into A Lesson Everyone With A Vagina Can Learn From,3024.0,3024.0,73.0,0.02414021164021164,0.012527230328944582
66438,15352,"No One Loves This Trip To The Vagina Doctor, So She Made It Into A Lesson For Everyone To Learn From",2979.0,2979.0,65.0,0.02181940248405505,0.01622776372224604
66439,15352,"She Turned A Trip To The Doctor Into A Pop Song About Pap Smears. People With Vaginas, Listen Up.",3090.0,3090.0,44.0,0.01423948220064725,0.010646470085019207
66452,15355,"A Joke Ad That Seems So Real, It Has People Outraged At A Popular Clothing Store",2985.0,2985.0,58.0,0.019430485762144054,0.030145096181513047
66453,15355,A Parody Ad That Has People Enraged At A Popular Clothing Shop,3046.0,3046.0,39.0,0.012803676953381483,0.03362301846316392
66454,15355,The Joke Ad That Shows How Dumb Some Fashion Statements Are,3236.0,3236.0,36.0,0.011124845488257108,0.020851268325441485
66498,15365,"People Were Always Mispronouncing Her Name, So Her Mother Gave Her The Most Epic Comeback",3062.0,3062.0,61.0,0.019921619856303068,0.029307601401975594
66499,15365,"If You've Got A 'Hard-To-Pronounce-Ethnic' Name, You've Got To Hear This Mom's Comeback",3078.0,3078.0,59.0,0.01916829109811566,0.030853581662088264
66500,15365,"The Next Time Someone Complains About A 'Hard-To-Pronounce-Ethnic' Name, Hit Them With This Comeback",3082.0,3082.0,60.0,0.01946787800129786,0.027564293656669347
66539,15374,10 Ways Relseasing Murderous Wolves Into Yosemite Actually Saved The Whole Dang Park,3068.0,3068.0,12.0,0.003911342894393742,0.01353441250624345
66540,15374,In 1995 We Made The Happy Mistake Of Releasing A Pack Of Wolves Into An American Park,3079.0,3079.0,24.0,0.007794738551477752,0.012723011037553501
66542,15374,70 Years Ago We Killed All The Wolves So They Came Back And Changed The Course Of A River,3037.0,3037.0,13.0,0.004280540006585446,0.011039067745087396
66552,15377,These 3 People Were Totally Screwed Over By Something They Didn't Even Realize They Agreed To,3086.0,3086.0,26.0,0.008425145819831496,0.01800825384419922
66553,15377,Surprise! Big Corporations Are Breaking Laws And Hurting People In Yet Another Way.,3007.0,3007.0,18.0,0.005986032590621883,0.008519009528620721
66555,15377,Oh Look. Another Way Big Corporations Are Totally Screwing Over Consumers.,3002.0,3002.0,28.0,0.009327115256495669,0.0030236827193418393
66592,15385,There's A Scary Email Going Around About Your Vagina. Here's Why You Should Ignore It.,3084.0,3084.0,30.0,0.009727626459143969,0.014936824358407527
66593,15385,Everything That's Wrong With That Scary 'Don't Get The HPV Vaccine!' Email,2965.0,2965.0,15.0,0.00505902192242833,0.020233842376068373
66594,15385,MYTH: This Shot That Young Girls Get Is Killing People. Here Are The FACTS.,3047.0,3047.0,34.0,0.011158516573679028,0.018091697131741927
66595,15385,I Saw A Scary Article About The Health Of My Lady Parts. It's A Bunch Of BS.,3070.0,3070.0,18.0,0.005863192182410423,0.00796024511623372
66596,15385,Find Out The REAL Facts About HPV. Your Cervix Will Thank You.,3027.0,3027.0,11.0,0.003633961017509085,0.016986827475831353
66635,15393,Need Someone To Get You Moving On That New Year's Resolution?,2761.0,2761.0,13.0,0.004708438971387179,0.011490455618787199
66636,15393,"She Doesn't Want To Tell You About Her Past Or Her Present, But She's In Love With Her Future",2944.0,2944.0,8.0,0.002717391304347826,0.005146778487336058
66637,15393,"If Anyone Can Make Their Dream A Reality, It's Her",2754.0,2754.0,7.0,0.002541757443718228,0.0013737145186725392
66744,15416,The Tenacity With Which She Goes After Her Dreams Should Inspire Us All To Achieve Ours,2759.0,2759.0,12.0,0.004349401957230881,0.0025506730673946296
66795,15428,Oil Companies Will Not Like It If You Watch This,2821.0,2821.0,15.0,0.005317263381779511,0.02733332746933745
66796,15428,These Folks Live In The Very Rainforests That Are Disappearing. And They're Trying To Survive.,2762.0,2762.0,10.0,0.003620564808110065,0.0018471729579688902
66797,15428,"If We Look The Other Way And Ignore What's Happening Here, Then Oil Companies Win",2871.0,2871.0,5.0,0.0017415534656913968,0.01063611722821962
66809,15432,5 Comebacks For Your 1 Racist Relative,1986.0,1986.0,32.0,0.016112789526686808,0.021527987008887944
66810,15432,5 Comebacks For Your 1 Racist Relative Who Thinks Black-on-Black Crime Is The Scourge Of Humanity,1968.0,1968.0,32.0,0.016260162601626018,0.01559282514725343
66811,15432,What To Do When The In-Laws Get A Little Accidentally Racist At Christmas Dinner,2088.0,2088.0,38.0,0.018199233716475097,0.01458177166194422
66812,15432,How To Get Through Your Holiday Dinner Without Your Zany Uncle Making Everyone Uncomfortable,2077.0,2077.0,36.0,0.017332691381800675,0.012084642288692821
66813,15432,How To Prevent Your Racist Grandpa From Making Christmas Dinner The Most Awkward Meal Ever,2018.0,2018.0,47.0,0.023290386521308225,0.016577306077369645
66890,15449,I Was Cool Until The Part When An Elephant Whispered In My Ear,2816.0,2816.0,15.0,0.005326704545454545,0.01017359889109675
66891,15449,I Thought I'd Heard It All. But I've Never Had Virtual Reality In My Ears Before.,2808.0,2808.0,8.0,0.002849002849002849,0.008130514329877058
66892,15449,It's Winter. Let's All Hibernate And Travel To Exotic Places ... Simultaneously.,2918.0,2918.0,9.0,0.003084304318026045,0.0030870686980369972
66906,15453,A PSA Captures In Frightening Detail What It’s Like To Go Through A School Lockdown,2802.0,2802.0,18.0,0.006423982869379015,0.01642834107039457
66908,15453,A Look At What School Life Has Become Might Make You Rethink Guns,2875.0,2875.0,17.0,0.00591304347826087,0.013396740840682929
66909,15453,The Kids In This Video Look Used To School Lockdowns. That’s What Gets Me.,2841.0,2841.0,7.0,0.0024639211545230554,0.010636968271175877
66910,15453,"For You To Be Able To Keep Your Guns, Here’s What Kids Have Had To Deal With",2799.0,2799.0,22.0,0.007859949982136478,0.006408752901959888
66924,15457,SPOILER ALERT: Millions Of Bacteria Are Hiding In Your Food,2789.0,2789.0,12.0,0.004302617425600574,0.01231276644011896
66926,15457,"If You Don't Like Bacteria, I Have Bad News For You",2837.0,2837.0,17.0,0.005992245329573493,0.01836158619473825
66959,15467,He's A Little Crude. But What He's Got To Say About Disabilities Is A.O.K.,2852.0,2852.0,18.0,0.006311360448807854,0.010124532163590844
66960,15467,Meet This Cute Athletic Australian Guy That Just Happens To Be In A Wheelchair,2867.0,2867.0,10.0,0.003487966515521451,0.011557569417320286
66961,15467,Take A Trip Down Under To Meet A Great Young Guy Who's Changing The World In His Own Way,2947.0,2947.0,10.0,0.0033932813030200203,0.008848215165203422
66962,15467,"This Guy Raised $100,000 By Testing His Endurance, Then He Went To A Concert And Performed On Stage",2828.0,2828.0,13.0,0.004596888260254597,0.014404342736397117
66964,15467,He Played Basketball For 24 Hours Straight For A Fantastic Reason,2766.0,2766.0,6.0,0.0021691973969631237,0.014899181582502351
66993,15474,"Just Sitting, You’re Moving 1,000 Miles An Hour. Right Now. This Astronaut Is Begging You To Stop.",2850.0,2850.0,12.0,0.004210526315789474,0.008607107731781374
66994,15474,After Spending Time In Space This Is How He Feels About Our Chances Down Here,2856.0,2856.0,26.0,0.009103641456582634,0.002011448875274019
66996,15474,"He’s Seen Seen The Big Picture From Space, And He’s Landed With A Message From Out There",2819.0,2819.0,14.0,0.004966300106420717,0.0014748262960830286
66997,15474,"He Was The First Canadian To Walk In Space, But Now He’s Interested In Some Different All-Time Highs",2790.0,2790.0,23.0,0.008243727598566309,0.005599332769400443
66998,15474,They Came For A Cup Of Coffee And Got Frozen In Time And Space By An Actual Canadian Astronaut,2897.0,2897.0,15.0,0.0051777701070072485,0.009719003802253962
67054,15489,"12,000 Petabytes Of Data. 1,000,000 Square Feet. 1 Giant Blimp. The Results Were Not Exactly Subtle.",2854.0,2854.0,10.0,0.00350385423966363,0.012726507847230051
67055,15489,They Took Utah's Biggest Secret And Made Sure Everyone Had A Peek. (And Nope: Not THAT Utah Secret.),2830.0,2830.0,18.0,0.0063604240282685515,0.01838472041348206
67056,15489,"Some Argue That What They're Doing Is Illegal. In Fact, A Few Are So Sure That They Got A Blimp.",2901.0,2901.0,12.0,0.004136504653567736,0.01645586781644783
67057,15489,"Raise Your Hand If You Have The Guts To Do What They Did ... Anyone? ... Yeah, Me Neither.",2857.0,2857.0,13.0,0.004550227511375569,0.007208330359554595
67058,15489,"Bluffdale, Utah? WTF Is In Bluffdale? OH. That Thing. (Sorry, Bluffdale.)",2883.0,2883.0,16.0,0.005549774540409296,0.019846120646897263
67089,15496,"She Spent $1.57 For Something That Cost Him $60.62. And That, My Friends, Is Disgusting.",2812.0,2812.0,37.0,0.013157894736842105,0.018505687109029688
67113,15501,They Got 49 Kids To Answer 1 Question. What They Say Is So Freaking Smart.,2852.0,2852.0,37.0,0.012973352033660589,0.01929942318194142
67114,15501,They Got 49 Kids To Answer The Same Question. What They Say Is So Freaking Smart.,2827.0,2827.0,42.0,0.014856738592147152,0.01830304819804912
67115,15501,They Asked An Incredible Number Of Kids 1 Question. Their Answers Are Kind Of Genius.,2846.0,2846.0,42.0,0.014757554462403373,0.01687881634822328
67116,15501,They Asked Incredible Number Of Kids 1 Big Question. Their Answers Kind Of Melted My Heart.,2846.0,2846.0,24.0,0.008432888264230498,0.020761374294419165
67127,15504,"It's 1 Of Utah's Big Secrets — So, They Made Sure Everyone Had A Peek. (No, Not THAT Utah Secret.)",2869.0,2869.0,31.0,0.010805158591843849,0.01921675489973437
67128,15504,They Took 1 Of Utah's Dirtiest Secrets And Made Sure Everyone Had A Peek. (Not THAT Utah Secret.),2871.0,2871.0,22.0,0.007662835249042145,0.01729871678450038
67129,15504,They Took 1 Of Our Government's Dirtiest Secrets And Made Sure Everyone Had A Peek — With A Blimp,2792.0,2792.0,21.0,0.007521489971346705,0.01570244208149949
67130,15504,They Took Utah's Biggest Secret And Made Sure Everyone Had A Peek. (And Nope: Not THAT Utah Secret.),2840.0,2840.0,30.0,0.01056338028169014,0.01838472041348206
67191,15519,"When They Go To Work, It Can Be For Months At A Time",2835.0,2835.0,4.0,0.0014109347442680777,0.0015486319200204786
67192,15519,"Saving Lives, Homes, And Forests? All In A Day's Work For These Guys.",2879.0,2879.0,5.0,0.0017367141368530739,0.0057522598307746765
67193,15519,Meet Some Folks Who Are Proud To Work All Summer Long. And Then Some.,2882.0,2882.0,4.0,0.0013879250520471894,0.0040666666275451496
67207,15522,49 Kids Made A Video To Define A Common Word. What They Came Up With Just Melts My Heart.,2811.0,2811.0,23.0,0.008182141586623977,0.018940671436331914
67208,15522,There Are Almost 50 Kids In This Video. The Things #8 And #13 Say Are So Important.,2833.0,2833.0,25.0,0.008824567596187787,0.017980392890200533
67210,15522,49 Kids Made A Video To Define A Common Word. What They Came Up Is Kind Of Genius.,2873.0,2873.0,23.0,0.008005569091541943,0.01814350963845317
67211,15522,There Are Almost 50 Kids In This Video. The Things #8 And #13 Say Are Kind Of Genius.,2775.0,2775.0,22.0,0.007927927927927928,0.017489324385197784
67212,15522,Almost 50 Kids Talk About What It Means To Be 'Nice.' The Things #8 And #13 Say Are Kind Of Genius.,2913.0,2913.0,23.0,0.00789564023343632,0.02265939899590118
67245,15530,"He's Obsessed With Data, And He Found Something Really Shocking",2790.0,2790.0,28.0,0.01003584229390681,0.011808609781205105
67247,15530,"He's Obsessed With Data, And He Found Something Really Shocking",2924.0,2924.0,34.0,0.011627906976744186,0.011808609781205105
67248,15530,"He's Obsessed With Data, And He Found Something Really Shocking",2728.0,2728.0,25.0,0.009164222873900294,0.011808609781205105
67249,15530,"He's Obsessed With Data, And He Found Something Really Shocking",2858.0,2858.0,53.0,0.0185444366689993,0.011808609781205105
67316,15545,Totes Adorbz. Look At How Cute These Dogs Are And How Glad Their Owners Are To Have Them.,2839.0,2839.0,13.0,0.004579077139837971,0.005224078242366606
67317,15545,Who Doesn't Love A Good Dog Rescue Story? Well I've Got 3.,2916.0,2916.0,15.0,0.0051440329218107,0.005532883475161126
67318,15545,3 Rescue Dogs That Will Make You REALLY Happy,2850.0,2850.0,12.0,0.004210526315789474,0.0028296817795506355
67347,15551,"When Someone Says, 'You're Too Pretty To Be Deaf!' She Makes The Most Epicly Appropriate Face",2868.0,2868.0,60.0,0.02092050209205021,0.02815793401373394
67348,15551,She's Pretty. She's Deaf. *Amazingly* That's Not A Contradiction.,2793.0,2793.0,33.0,0.011815252416756176,0.010770142904033032
67349,15551,People Are Shocked This Pretty Girl Is Deaf. But The Face She Makes In Response? Flawless.,2875.0,2875.0,61.0,0.021217391304347827,0.02738549407894083
67530,15590,"He Needed Help, So He Called The Police. That Was The Biggest Mistake He Could Have Made.",2832.0,2832.0,15.0,0.005296610169491525,0.01863540848053637
67531,15590,He Called 9-1-1 When He Needed Help. He Will Always Regret It.,2844.0,2844.0,45.0,0.015822784810126583,0.01998883072417039
67532,15590,What Happens When The People Who Call For Help Are The Ones Arrested?,2853.0,2853.0,11.0,0.00385559060637925,0.0076605925245683965
67533,15590,"He Needed Help, So He Called The Police. But Then Something Wrong Happened: They Arrested Him.",2814.0,2814.0,17.0,0.006041222459132907,0.014677880403846424
67662,15619,Why Would You Want To Be 'Normal' When You Can Be Autistic?,2802.0,2802.0,21.0,0.007494646680942184,0.00666210853496212
67663,15619,In 6 Minutes She Taught Me More About Having Autism Than I Could Have Possibly Imagined,2873.0,2873.0,32.0,0.011138183083884442,0.018152065922899537
67664,15619,I'm Laughing At This Autistic Girl Because Her Jokes Are Funny. She's Also Teaching Me So Much.,2866.0,2866.0,43.0,0.015003489183531053,0.015463659296463716
67665,15619,She's Not Dustin Hoffman. She Loves To Talk. She's Not A Demon.,2821.0,2821.0,15.0,0.005317263381779511,0.023275405525048885
67772,15640,Jon Stewart Takes On The Terrorist Attack Against Charlie Hedbo,2833.0,2833.0,61.0,0.021531944934698198,0.032571163279252593
67773,15640,Jon Stewart Takes On The Terrorist Attack On Charlie Hedbo,2876.0,2876.0,67.0,0.02329624478442281,0.03201209338271365
67774,15640,Jon Stewart Says What Needs To Be Said About The Terrorists Who Attacked Charlie Hedbo,2857.0,2857.0,76.0,0.026601330066503327,0.031332272777796266
67775,15640,Jon Stewart On Charlie Hedbo: 'Very Few People Go Into Comedy As An Act Of Courage',2782.0,2782.0,44.0,0.015815959741193385,0.019919595494380615
67776,15640,Jon Stewart Reflects On The Terror Attack Against Charlie Hedbo,2883.0,2883.0,49.0,0.01699618453000347,0.027186855383654396
67820,15650,Why The Indonesian Government Should Stop Virginity Tests On Female Police Officers,2801.0,2801.0,12.0,0.004284184219921457,0.012622699199600587
67822,15650,"In Order To Get Their Jobs As Cops, Someone Tests Their Virginity",2847.0,2847.0,29.0,0.010186160871092378,0.017152557637961086
67823,15650,What It Looks Like To Be A Woman And A Police Officer In Indonesia,2855.0,2855.0,9.0,0.0031523642732049035,0.01544274800063182
67911,15670,"She Just Rewrote ""Rude"" In The Most Hilariously Perfect Way Possible",2838.0,2838.0,27.0,0.009513742071881607,0.017776988783997905
67912,15670,It's One Of The Most Popular Songs In The World Right Now. Thank God Someone Finally Fixed It.,2873.0,2873.0,62.0,0.021580229725026105,0.02240552470955414
67913,15670,That Song That's Been Stuck In Your Head For The Last 6 Months? She Just Made It 10 Times Better.,2883.0,2883.0,51.0,0.01768990634755463,0.014822684493699632
67914,15670,"Her Boyfriend And Father Are Fighting Over Her, So She Wrote Them This Hilarious Song",2854.0,2854.0,43.0,0.015066573230553609,0.023381079076505093
67928,15674,"After Ferguson, We All Need A Movie Like Selma ... And Guess Who’s Behind It?",2825.0,2825.0,15.0,0.005309734513274336,0.01
67929,15674,"You May Not Know 'Ava DuVernay' Now, But After This Weekend She'll Be Hard To Forget",2827.0,2827.0,17.0,0.006013441811107181,0.016220207653172773
67931,15674,"It Was A Dream Of Hers For A Long Time, For It To Happen At This Moment … WOW",2814.0,2814.0,15.0,0.005330490405117271,0.008609589973766454
67932,15674,"They Were Proud That She Included Women, But Said She’d Be Shamed If She Didn’t",2869.0,2869.0,23.0,0.00801673056814221,0.005132116222535204
67952,15679,"He Takes A Tough, Uncomfortable Subject And Makes It So Soothing. I'm Kind Of In Awe.",2803.0,2803.0,34.0,0.012129860863360684,0.011589581799443506
68232,15735,"Animal Therapy Heals Hearts, And This Little Guy’s Totally On A Mission",2767.0,2767.0,13.0,0.0046982291290206,0.01
68234,15735,It’s No Wonder I Love This Story About What A Dog With A Cleft Lip Has Been Doing For Kids,2875.0,2875.0,13.0,0.004521739130434782,0.004795694001540073
68235,15735,"What’s A Thing Kids Love That Has 4 Legs, 1 Waggy Tail, And A Cleft Lip?",2907.0,2907.0,22.0,0.007567939456484348,0.015415719548095222
68236,15735,He’s Even Cuter Than His Name. Which Is ‘Lentil.’ Which Is Not Why He’s Extraordinary.,2722.0,2722.0,21.0,0.007714915503306392,0.010523379520853597
68258,15740,"I Don't Think People Who Ride The Short Bus Are Less Cool Than Me, And Neither Should You",2872.0,2872.0,4.0,0.001392757660167131,0.013292931197740799
68259,15740,Some People In The South Decided To Take Back The Short Bus,2875.0,2875.0,14.0,0.004869565217391304,0.010318504553745039
68260,15740,They Used To Make Fun Of Him But Now They're Lining Up To Hug Him For Helping Change A Town,2751.0,2751.0,8.0,0.0029080334423845873,0.01373722439857041
68261,15740,Little By Little He Changed A Town. Now They Are Lining Up To Hug Him.,2858.0,2858.0,6.0,0.002099370188943317,0.02076416376743314
68262,15740,"These Words Used To Be An Insult, Until They Turned Them Into The Talk Of The Town",2875.0,2875.0,14.0,0.004869565217391304,0.009577149286474837
68263,15740,When A Bunch Of Bullied People Banned Together - Their Whole City Took Notice,2781.0,2781.0,11.0,0.003955411722402014,0.012423611482881704
68264,15740,Group Of Bullied Friends Had A Plan - Their City Has Not Been The Same,2811.0,2811.0,17.0,0.006047669868374244,0.016771155056441323
68272,15742,"You Might Not Like What He Has To Say About Death, But We Have To Face Reality",2861.0,2861.0,24.0,0.008388675288360714,0.015926039728025556
68273,15742,"You Might Not Like To Talk About What Happens After We Die, But He Says We Have To Face Reality",2792.0,2792.0,23.0,0.0082378223495702,0.013558387366092136
68274,15742,"You Might Not Like To Talk About Death, But What He Says About It Is Really Beautiful",2755.0,2755.0,16.0,0.005807622504537205,0.019036959879648714
68275,15742,"Maybe You Don't Like To Think About Death, But He Says We Have To Face Reality. And It's Beautiful.",2875.0,2875.0,16.0,0.005565217391304348,0.010335497616832875
68282,15744,I'm Laughing At This Autistic Girl Because Her Jokes Are Funny. She's Also Teaching Me So Much.,2833.0,2833.0,43.0,0.015178256265442993,0.015463659296463716
68283,15744,I'm Laughing At This Autistic 16-Year-Old Because Her Jokes Are Funny. She's Also Teaching Me A Lot.,2841.0,2841.0,47.0,0.016543470608940514,0.01914594849621076
68284,15744,I'm Laughing At This Autistic Girl Because Her Jokes Are Funny. And She's Not A Demon.,2777.0,2777.0,36.0,0.012963629816348578,0.01642855223118289
68285,15744,I'm Laughing At This Autistic Girl Because Her Jokes Are Funny And I'm Learning Things Too,2845.0,2845.0,49.0,0.017223198594024606,0.01455823950058067
68286,15744,I'm Laughing At This Autistic Girl Because Her Jokes Are Funny And Her Words Are Powerful,2793.0,2793.0,32.0,0.011457214464733263,0.019499520806852137
68287,15744,I'm Laughing At This Autistic Girl Because Her Jokes Are Funny. She Also Knows Stuff I Don't.,2884.0,2884.0,42.0,0.014563106796116505,0.013155945394472028
68307,15749,"52,000 Kids Broke The Law In 2014. They Were Trying To Survive, But Now They're In A Bad Position.",5836.0,5836.0,20.0,0.003427004797806717,0.006080037004559172
68308,15749,"They Did Something Illegal. Some People Say Horrible Things About Them. They're Just Kids, Though.",5909.0,5909.0,22.0,0.003723134202064647,0.02024114360008719
68309,15749,"52,000 Children Did Something Illegal In The Name Of Survival. What Do We Do Now?",5897.0,5897.0,28.0,0.0047481770391724605,0.020379637573648107
68335,15757,I Know You've Heard This Song. But Have You Ever Really Tried To Imagine It?,2820.0,2820.0,41.0,0.014539007092198582,0.018488990432134637
68336,15757,"When John Lennon Wrote This Song, Could He Have Imagined It Would Become A Global Anthem?",2880.0,2880.0,29.0,0.010069444444444445,0.010194251610037867
68337,15757,"It's A New Video From John Lennon, And You Can Be Part Of It",2795.0,2795.0,17.0,0.006082289803220036,0.0021217329205204423
68338,15757,"This Song Makes Me Angry, Because The World Isn't Like That. But It Also Gives Me Hope.",2879.0,2879.0,33.0,0.011462313303230288,0.00938812747689569
68339,15757,Can This Song Help Kids Whose Parents Weren't Even Born When It Was Recorded? That Depends On You.,2854.0,2854.0,29.0,0.010161177295024528,0.0023593568200839963
68340,15757,It's Time To Stop Imagining This World And Begin Building It. Will The Dreamer Wake Up In 2015?,2818.0,2818.0,6.0,0.0021291696238466998,0.005140827667536328
68407,15775,Anti-Abortion Laws Are Putting Some Women On A Boat,2801.0,2801.0,3.0,0.0010710460549803642,0.002819278721520398
68409,15775,The Unlikely Place Women Are Seeking Abortions,2734.0,2734.0,9.0,0.0032918800292611556,0.004755919007657492
68410,15775,Why Women Are Going 12 Miles Off The Coast Of The Netherlands To Access Health Care,2739.0,2739.0,11.0,0.004016064257028112,0.009246440861688864
68411,15775,You Can Get An Abortion In The Middle Of The Sea Here,2720.0,2720.0,14.0,0.005147058823529412,0.01271724840771123
68436,15780,Bill Gates Drinks Poop Water And It's Basically The Future. Cheers To That.,2858.0,2858.0,15.0,0.005248425472358292,0.005584408297317422
68437,15780,Bill Gates Drinks A Glass Of Refreshing Water. It Wasn't Water 5 Minutes Ago.,2685.0,2685.0,20.0,0.0074487895716946,0.012747801254278789
68438,15780,"This New Machine Turns Poop Into Drinking Water, And Even Billionaires Are On Board",2713.0,2713.0,7.0,0.002580169553999263,0.010464708053034016
68439,15780,"This New Machine Turns Human Poop Into Drinking Water, And Holy Crap It's Cool",2651.0,2651.0,9.0,0.0033949453036589967,0.007952343072359326
68453,15783,She Didn't Think About Losing Her Kids That Day She Was Having So Much Fun In Her Friend's Basement,2716.0,2716.0,43.0,0.015832106038291605,0.020565068574666463
68454,15783,"When She Decided To Have Some Fun In Her Friend's Basement, She Had No Idea What She'd Lose",2753.0,2753.0,53.0,0.01925172539048311,0.019161857783897007
68474,15789,Don't Be Grossed Out At What This Glass Of Water Was 5 Minutes Ago. Everybody Poops.,2694.0,2694.0,11.0,0.004083147735708983,0.013509401437775407
68475,15789,Bill Gates Drinks A Glass Of Refreshing Water. It Was A Bunch Of Sh*t 5 Minutes Ago.,2733.0,2733.0,30.0,0.010976948408342482,0.014503673072184618
68476,15789,Watching One Of The Richest Dudes In The World Drink This Glass Of Water Caught Me Off Guard,2748.0,2748.0,21.0,0.007641921397379912,0.02442244524740038
68477,15789,Poop Can Turn Into Drinking Water? One Of The Richest Dudes In The World Shows You How.,2756.0,2756.0,19.0,0.006894049346879536,0.005765483633514641
68478,15789,Bill Gates Drinks A Glass Of Refreshing Water. It Wasn't Water 5 Minutes Ago.,2771.0,2771.0,34.0,0.012269938650306749,0.012755105097267547
68543,15803,"Ellen Interrupts Her Normal Show To Clarify Her ""Hidden Agenda"" For All Those Curious",2918.0,2918.0,30.0,0.01028101439342015,0.029042595374016288
68544,15803,A Man Deeply Insults Ellen's Show *And* Her Marriage. Now Watch Her Fire Back.,2759.0,2759.0,80.0,0.02899601304820587,0.03680207104590734
68545,15803,See Ellen DeGeneres' A+ Response To A Pastor Who Still Thinks The 'Gay Agenda' Is A Thing,2817.0,2817.0,39.0,0.013844515441959531,0.03493828208729325
68546,15803,"A Pastor Accused Ellen DeGeneres Of Having A Gay Agenda, So She Spelled It Out For Him Clearly",2829.0,2829.0,66.0,0.02332979851537646,0.037519377509739965
68547,15803,Ellen's Slam-Dunk Response To A Pastor's Ridiculous Accusation. Ellen 1 - Pastor 0,2878.0,2878.0,53.0,0.01841556636553162,0.03801890655664061
68548,15803,Ellen's Hilarious Reaction To A Pastor's Accusation That She's 'Using' Taylor Swift,2884.0,2884.0,56.0,0.019417475728155338,0.034390141763502705
68571,15808,She Lost Her Breasts And That's Only A Part Of Her Message To You,4814.0,4814.0,61.0,0.012671375155795596,0.007461629841017487
68572,15808,"She Hides Nothing When She Tells Her Story. In The Last 2 Minutes, She Reveals The Rest.",4907.0,4907.0,83.0,0.016914611779091093,0.019393059515084136
68573,15808,Breasts Don't Make the Woman And Gail Chovan Explains Why,4874.0,4874.0,56.0,0.011489536315141567,0.011373438040907046
68574,15808,"First, She Tells Her Whole Life Story. Then She Starts Taking Off Her Clothes, And It All Connects.",4823.0,4823.0,81.0,0.016794526228488493,0.025151007944657966
68575,15808,"She Proves That Being A Sexy, Swaggery Woman Has Nothing To Do With Having Breasts Or Being Under 35",4746.0,4746.0,92.0,0.01938474504846186,0.017559448956502084
68606,15815,Google Just Came Up With A Plan That Is Going To Change The Lives Of 5-6 Billion People,3134.0,3134.0,32.0,0.01021059349074665,0.011604224159826829
68607,15815,What Do Balloons And Computers Have To Do With Each Other? The Answer Is Pretty Amazing.,3160.0,3160.0,9.0,0.002848101265822785,0.0111330552042102
68608,15815,"Here's How To Change The World, One Balloon At A Time. No Joke.",3148.0,3148.0,4.0,0.0012706480304955528,0.01
68609,15815,"An Idea For Providing Internet So Brilliant, I Almost Didn't Believe It",3181.0,3181.0,21.0,0.006601697579377554,0.015273875139758905
68640,15824,There Are Many Faces To Love. Here Are 16 Of Them.,3258.0,3258.0,23.0,0.007059545733578883,0.01895869542527766
68642,15824,"They Deserve The Same Basic, Fundamental Right Everyone Has: Love",3129.0,3129.0,13.0,0.004154682007031001,0.0061439629138091935
68643,15824,I Might Not Understand Their Language. But I Sure Recognize That Look On Their Faces.,3144.0,3144.0,21.0,0.006679389312977099,0.007468677375789029
68678,15831,"The Video That Made You Cry, Laugh, Spit Nails, Or Go 'Awwwwww' Is Being Missed By A Lot Of People",3782.0,3782.0,29.0,0.007667900581702803,0.01946893460516534
68679,15831,"The Videos That Make You Cry, Laugh, Spit Nails, Or Go 'Awwwwww' Are Being Missed By A Lot Of People",3939.0,3939.0,29.0,0.007362274689007363,0.011205187116204501
68680,15831,"What If The Videos That Make You Cry, Laugh, Or Spit Nails Are Being Missed By A Lot Of People?",3790.0,3790.0,16.0,0.004221635883905013,0.009737740575702489
68681,15831,"You Know, It Hadn't Even Occurred To Me That Doing Something So Simple Would Include So Many People",3760.0,3760.0,24.0,0.006382978723404255,0.008806089615425224
68682,15832,Pretty Much A No-Brainer. So Why Are So Many People WITH Brains (And Hearing) Forgetting Do To This?,3835.0,3835.0,51.0,0.013298565840938721,0.01056586255471989
68684,15832,Pretty Much A No-Brainer. So Why Are So Many People WITH Brains Forgetting This In Their Videos?,3724.0,3724.0,41.0,0.01100966702470462,0.013327474941112059
68685,15832,Pretty Much A No-Brainer. So Why Doi So Many People WITH Brains Forget To Add This To Their Videos?,3864.0,3864.0,51.0,0.013198757763975156,0.018470599344234465
68697,15836,A Little Girl And Her Mom Staged A Protest In Their Living Room And It's Just Freaking Awesome,3149.0,3149.0,40.0,0.012702445220704985,0.02475873294944469
68698,15836,This 3-Year-Old Girl Has An Important Message For Adults That's Shouldn't Be So Hard,3095.0,3095.0,34.0,0.01098546042003231,0.019887824358353845
68700,15836,Calling All Adults! This Toddler Wants You To Know Why She's Saying No.,3157.0,3157.0,33.0,0.010452961672473868,0.020989802044011786
68701,15836,"Zuri's Only 3-Years-Old, But It's Never Too Early To Have This Conversation With Your Kid",3216.0,3216.0,26.0,0.00808457711442786,0.016222736964824243
68739,15845,A Mine Company Promises To Protect Alaskan Waters Just Like In Canada. Guess How That Turned Out.,3156.0,3156.0,9.0,0.0028517110266159697,0.01777320979836419
68741,15845,"August 14, 2014, Some Canadian Lakes Turned Black. Alaska Better Watch Because They Could Be Next.",3211.0,3211.0,18.0,0.005605730302086578,0.012306625765990117
68742,15845,A Company Says Their Mine And Fish Will Happily Co-Exist And We Believe It - Till Those Canadians Pipe In,3126.0,3126.0,20.0,0.006397952655150352,0.003268860941965361
68743,15845,"Hold On Before You Take That Next Swim, You Might Wanna Hear A Truth-Bomb Before You Dive In",3188.0,3188.0,22.0,0.006900878293601004,0.015737126434754348
68744,15845,A Big Truth Bomb Coming From Canada That Might Have You Kinda Pissed Off ... But Not At Them,3029.0,3029.0,28.0,0.00924397490921096,0.014336441236541445
68809,15858,"So, You’re Partial To Your Sushi, And You Don’t Want To Be Selfish About Your Shellfish...",3082.0,3082.0,16.0,0.005191434133679429,0.01616599891512136
68810,15858,"Dream of Sushi? Me Too, Which Is Why I'm Happy To Learn How To Eat It Right.",2973.0,2973.0,20.0,0.006727211570803902,0.0057444424325527816
68811,15858,"There's A Right Way To Catch A Fish, And Doing It Right Saves Lives. Lots Of Them.",3091.0,3091.0,6.0,0.0019411193788417987,0.003130876887343552
68812,15858,It's Heart-Wrenching To Think About Sea-Turtles Drowning In Those Nets — So Hooray For These Guys.,3039.0,3039.0,5.0,0.0016452780519907865,0.005661086245997235
68819,15860,"1 Way Your Friend Might Complain About You, That Means They're Not A 'Real' Friend Anyway",3334.0,3334.0,29.0,0.008698260347930415,0.0059138861507476645
68820,15860,"If You're In This Type Of Relationship, You Might Wanna Shut Up About It",3384.0,3384.0,35.0,0.010342789598108746,0.019375765304582352
68821,15860,How To Respond To That Sweet Guy Who's Disappointed You're 'Just Friends',3367.0,3367.0,42.0,0.012474012474012475,0.013983353434495766
68823,15860,1 Kind Of Relationship You Need To Stop Whining About Right Now,3347.0,3347.0,22.0,0.006573050492978787,0.01311409920324428
68888,15873,Imagine If Someone Actually Responded That Way To 'Let's Just Be Friends?' The Best Ever.,3304.0,3304.0,24.0,0.007263922518159807,0.015189530022147285
68889,15873,An Alternative (And Perfect) Reaction To Someone Who Says 'Let's Just Be Friends',3350.0,3350.0,32.0,0.00955223880597015,0.014601462015215179
68891,15874,A Reporter Talks To Kevin Spacey Like An Actress And He Doesn't Like It So Much,3273.0,3273.0,80.0,0.024442407577146347,0.024276067232170805
68892,15874,A Reporter Talks To Kevin Spacey Like An Actress And He's Not Feeling It,3374.0,3374.0,73.0,0.021636040308239478,0.025682084383405794
68893,15874,A Reporter Asks An Incredible Actor Questions Reserved For Actresses And He's Not Feelin' It,3428.0,3428.0,76.0,0.022170361726954493,0.02752948113647043
68894,15875,"If You Knew A Way To Eat Seafood That Was Better For All Sea Life, You'd Choose It, Right?",3323.0,3323.0,14.0,0.004213060487511285,0.0014228545676294921
68895,15875,"Salmon, Crab, Lobster – Nothing Better Right? Well, There's A Dark Side You Should Know About.",3367.0,3367.0,22.0,0.006534006534006534,0.00625644486891363
68896,15876,"I Love Seafood, So I Was Pretty Unhappy To Learn About This Dark Side Of Fishing.",3386.0,3386.0,9.0,0.0026580035440047253,0.009538561405533007
68897,15876,Dolphins and Sea Turtles Are So Beautiful. I'm Happy To Know I Can Eat Seafood And Not Harm Them.,3299.0,3299.0,9.0,0.002728099424067899,0.004108508021045949
68965,15892,"When Billie Holiday Performed This Live, Almost Everybody In The Club Stopped What They Were Doing",2765.0,2765.0,71.0,0.025678119349005425,0.020884544862795226
68967,15892,"When Billie Holiday Performed This Song Live, She Refused To Come Back For An Encore",2818.0,2818.0,89.0,0.03158268275372605,0.0251902902828693
69006,15900,"They’re About To Give Corporations Control Of The Internet, And It Scares The Hell Out Of Me",2860.0,2860.0,11.0,0.0038461538461538464,0.002049556688209537
69007,15900,This Scares The Crap Out Of Me. They’re About To Give Control Of The Internet To Corporations.,2771.0,2771.0,14.0,0.005052327679538073,0.01
69008,15900,Unbelievable. World Leaders Are Giving Control Of The Web To The Corporations.,2865.0,2865.0,9.0,0.0031413612565445027,0.00524944125511006
69009,15900,This Terrifies Me. There’s A Secret Treaty Being Written To Give Corporations Control Of The Web.,2858.0,2858.0,23.0,0.008047585724282715,0.004261387147458443
69020,15903,A Farmer's Final Ask For Money Reveals Effects Of Greed But A Triumph For Innovation,2760.0,2760.0,29.0,0.010507246376811594,0.015332482509782976
69021,15903,"A Big Burly Farmer Chokes Up On National Television. They Start Ripping Him Apart, But Then...",2878.0,2878.0,51.0,0.017720639332870047,0.02412003419963407
69022,15903,They Start By Ripping His Life's Work To Shreds. Then The Guy With The Ponytail Steps Forward.,2837.0,2837.0,76.0,0.026788861473387382,0.021703054899972166
69023,15903,"He Took A Shot At A Chance Of A Lifetime. It Looked Bleak, Until One Guy Stepped Forward.",2952.0,2952.0,33.0,0.011178861788617886,0.012134574785266233
69024,15903,A Big Burly Farmer Chokes Up On National TV Just Talking About It. They Don't Go Easy On Him.,2821.0,2821.0,53.0,0.018787663948954272,0.0211690357116499
69026,15904,They Keep Calling A Sick Girl 'Weird And Crazy.' Then They Finally Catch On.,2885.0,2885.0,55.0,0.019064124783362217,0.027836270380072612
69027,15904,"We Pretty Much All Use The Word, But Do We Realize It's A Form Of Bullying?",2811.0,2811.0,40.0,0.014229811454998222,0.012580060777456239
69028,15904,"It's 1 Label We Use Almost Every Day, That's Hurting 1 In 5 People",2807.0,2807.0,31.0,0.0110438190238689,0.018621918269139996
69029,15904,Why The Term 'Crazy Girl' Drives Me Absolutely Cr... To The Point Of Being Annoyed,2855.0,2855.0,23.0,0.008056042031523642,0.016136535232107882
69030,15904,The Reason They Call A Girl Weird And Crazy Shows How Little They Know,2892.0,2892.0,25.0,0.008644536652835409,0.018487163596568053
69126,15926,This Canadian Woman Is Politely Telling Me About A Secret Treaty That’s Scaring The Crap Out Of Me,2873.0,2873.0,38.0,0.013226592412112773,0.01574889991197152
69127,15926,Even Canadians Are Worried About What These 12 Countries Are Signing In Secret,2929.0,2929.0,26.0,0.008876749743939911,0.013744479538391158
69128,15926,It’s Not Just Canadians Who Are Terrified About What This Is Going To Do To The Web,2731.0,2731.0,25.0,0.009154155986818015,0.009498112129678757
69129,15926,She’s Calm — She’s Canadian — But What She’s Saying About The Web Is Making Me Spit Maple Syrup,2849.0,2849.0,28.0,0.009828009828009828,0.0067195119047168215
69130,15926,There’s A Terrible Web Treaty Being Signed By 12 Countries With Just 1 Way Out. Maybe.,2835.0,2835.0,14.0,0.0049382716049382715,0.014362939884047389
69149,15931,What's It Like To Be A Black Child In America? Ask Them.,2842.0,2842.0,14.0,0.0049261083743842365,0.012101788863893882
69150,15931,Put Yourself In Their Shoes. Think You’d See The World Any Differently?,2827.0,2827.0,13.0,0.004598514326140785,0.011414204734164268
69152,15931,"Young, Innocent Boys. A Simple Question. And I’m Devastated.",2907.0,2907.0,35.0,0.012039903680770554,0.027166567254612996
69231,15949,She Watches As They Turn It On For The First Time And They Feel Like They’re Seeing A Miracle,2829.0,2829.0,29.0,0.010250972074938141,0.006096276871970301
69232,15949,"When They Turn It On For The First Time, It’s Like Getting A Gift From The Creator",2793.0,2793.0,27.0,0.00966702470461869,0.006267933457017217
69233,15949,"To Us It Seems Like Technology, But It Springs From A Place Deep In A Navajo's Heart",2855.0,2855.0,12.0,0.004203152364273205,0.006865681732365498
69234,15949,"It Starts With A Conversation About Their Sun God, And Ends With What Feels Like A Miracle",2885.0,2885.0,16.0,0.005545927209705373,0.01
69235,15949,"It’s Just Free Solar Panels, But It Feels Like A Miracle To These Navajo Elders",2861.0,2861.0,11.0,0.003844809507165327,0.0068518038810706635
69268,15956,Would You Change If It Was The Only Way You Could Get Coffee Each Morning?,2844.0,2844.0,34.0,0.011954992967651195,0.016911505640530747
69269,15956,People Are Kinda Shocked By What A Coffee Shop Refuses To Do For Them,2797.0,2797.0,69.0,0.02466928852341795,0.027653281143381017
69270,15956,Do We Have A Drinking Problem? Maybe. Whatever. Pfffshh. You Do. P*#flkg&%#;2m,2817.0,2817.0,31.0,0.011004614838480652,0.004402012894932548
69271,15957,These Navajo Elders Can’t Believe The Power She’s Bringing Them Comes From Their Sun,2834.0,2834.0,25.0,0.008821453775582216,0.009114552055921746
69273,15957,Navajo Elders Living Without Power Can Barely Believe Where She's Getting Hers,2898.0,2898.0,45.0,0.015527950310559006,0.018230533060272672
69274,15957,"She’s Bringing Free Power To Navajo Elders, And They’ve Never Seen Anything So Miraculous",2817.0,2817.0,19.0,0.0067447639332623354,0.009645012825258533
69275,15957,She’s Going Door-To-Door With Light. They’ve Never Seen Anything So Magical.,2836.0,2836.0,31.0,0.010930888575458392,0.0001531008243154039
69286,15960,Have You Ever Seen A Fitness Craze This Adorable?,2849.0,2849.0,26.0,0.009126009126009126,0.014826647812666667
69289,15960,"They've Got Tiny Phones, Super Fast Internet, And Now The Cutest Grandma Fitness Program Ever",2769.0,2769.0,25.0,0.00902853015529072,0.00265899900293109
69290,15960,"At First, I Was Like, 'Huh?' And Then I Got It And Was Like 'Awwwwww'",2836.0,2836.0,27.0,0.009520451339915375,0.012526492677319664
69309,15964,"It’s Just Hardware. But To Her People And One Young Navajo, Here’s How It’s A Miracle.",2842.0,2842.0,22.0,0.007741027445460943,0.004704267787144127
69310,15964,"When I See The Way Her Faith Makes The Sale, It’s No Wonder The Old Navajos Sign On",2779.0,2779.0,17.0,0.0061173083843109035,0.008997210986832328
69311,15964,Here’s What A Young Navajo Did When She Wanted Her Life To Stand For Something,2871.0,2871.0,27.0,0.009404388714733543,0.015693716022938217
69312,15964,Who’s She To Tell Old People How To Live? Then She Showed Them This. Smiles All Around.,2830.0,2830.0,25.0,0.0088339222614841,0.01034392456869943
69313,15964,"When She Climbs Down Off The Roof, She Flips A Switch, And They’re Stunned At What She’s Done",2853.0,2853.0,22.0,0.0077111812127585,0.019619199740319344
69381,15979,A Doctor Explains How Inner Happiness Comes From Outer Behaviors,2893.0,2893.0,29.0,0.010024196335983409,0.015921011782784635
69382,15979,A Doctor's Advice For Inner Happiness Is So Easy I Wasn't A Believer Until I Tried It,2815.0,2815.0,41.0,0.014564831261101243,0.01619991651128119
69383,15979,How Broken Bones Have More In Common Than Broken Hearts Than We’re Thought,2863.0,2863.0,17.0,0.005937827453719874,0.008800966289747263
69384,15979,"A Doctor Argues Emotional Pain Is As Real As Physical Pain, And Says What You Can Do About It",2868.0,2868.0,37.0,0.01290097629009763,0.011076858362368285
69385,15979,One Doctor Took What He Learned About Happiness And Turned It Into A Lesson We Can All Learn From,2778.0,2778.0,21.0,0.00755939524838013,0.010038194503827619
69386,15979,"To Have A Happier Brain, Follow 2 Steps That Seem Like They Have Nothing To Do With Your Brain",2783.0,2783.0,38.0,0.013654329859863456,0.008830201146287533
69418,15987,CAUGHT BY MOM: Watch These Street Harassers Get What Was Coming To Them,2847.0,2847.0,52.0,0.0182648401826484,0.03269039500895084
69419,15987,New Approach To Ending Street Harassment Is Turning Heads On Purpose,2789.0,2789.0,32.0,0.011473646468268197,0.011649106074383669
69420,15987,Street Harassment Is All Fun And Games Until Your Mom Gets Involved,2820.0,2820.0,46.0,0.016312056737588652,0.026337527860648365
69421,15987,If You Wouldn't Say It To Your Mother... Why Would It Be OK To Say It To Anyone Else?,2758.0,2758.0,37.0,0.013415518491660623,0.01026559611000474
69422,15987,Watch These Guys Unknowingly Cat-Call Their Moms And Get An Embarassingly Hard Lesson On Harassment,2928.0,2928.0,68.0,0.023224043715846996,0.026750180777932307
69423,15987,Some Gussied-Up Moms Hit The Street To Catch Their Sons In Action... And Teach Them A Lesson,2900.0,2900.0,53.0,0.018275862068965518,0.017086758652374457
69514,16007,"669 Children Thanked The Man Who Saved Them From The Holocaust, And Their Cameras Caught It All",2904.0,2904.0,25.0,0.008608815426997245,0.014764747984230154
69515,16007,669 Jewish Children Were Saved From The Nazis By Just One Quiet Man. Watch How They Thanked Him.,2887.0,2887.0,27.0,0.009352268791132663,0.025431403315754914
69522,16009,They Told Her She Wasn’t Like Other Black Women. Her Response Is Killer.,2834.0,2834.0,48.0,0.016937191249117856,0.021563268325862653
69523,16009,They Said She Was Different From The Rest. The Reason Made My Head Spin.,2872.0,2872.0,25.0,0.008704735376044569,0.012924643814005543
69524,16009,"They Said She Didn’t Talk Like The Rest, So She Served Them Some Realness",2771.0,2771.0,35.0,0.012630819198845183,0.014388743507213435
69525,16009,"I’ve Always Wanted To Say This When People Say  ‘You Speak So Well, For A Black Girl’",2805.0,2805.0,51.0,0.01818181818181818,0.013336093425817331
69526,16009,Here’s A Really Simple Way To Offend Some  Women,2856.0,2856.0,31.0,0.010854341736694677,0.021781696535052696
69579,16022,1 Part Of Your Brain May Be Keeping You From That Genius Moment You’ve Been Waiting For,2875.0,2875.0,19.0,0.006608695652173913,0.009157289716759616
69580,16022,Ever Feel Like You’re Self-Editing Out All The Interesting Stuff? That May Be Exactly Right.,2836.0,2836.0,22.0,0.007757404795486601,0.006692319981406798
69582,16022,"No Idea Is Too Stupid For A Genius, A New Study Suggests",2854.0,2854.0,16.0,0.005606166783461808,0.009764860975058312
69583,16022,Congrats. You’ve Got An Awesome Filter. Everyone Else Is Happy. Here’s How It’s Holding You Back.,2835.0,2835.0,17.0,0.00599647266313933,0.004739787863237245
69643,16035,That Time Roger Ebert Saved The 'Fast And Furious' Franchise By Standing Up For Asian Americans,2831.0,2831.0,6.0,0.0021193924408336277,0.01302424515649626
69644,16035,Did This Old White Guy Help Revive The Asian American Film Industry?,2775.0,2775.0,6.0,0.002162162162162162,0.008989616060731866
69645,16035,How This Unlikely Spokesman For Asian American Rights Changed The Course Of Film History,2881.0,2881.0,6.0,0.0020826102047900035,0.019889832171262268
69647,16035,"How An Unexpected Rant Saved A Film's Life,  And Possibly A Few Careers, To Boot",2835.0,2835.0,19.0,0.006701940035273368,0.026891901193899503
69648,16035,How This Guy Used 'Air Quotes' To Shut Down A Racist Argument At Sundance Film Festival,2848.0,2848.0,25.0,0.00877808988764045,0.03140466996380847
69741,16055,Here's All The 'Scary Stuff' He Found In A Bunch Of Studies About What Fluoride In Our Water Does,2890.0,2890.0,15.0,0.005190311418685121,0.005925982785556552
69742,16055,Here's All The 'Scary Stuff' He Found When He Looked At Hundreds Of Studies On Fluoride In Our Water,2731.0,2731.0,17.0,0.006224826071036251,0.00486170062186572
69787,16065,The Only Thing More Heartbreaking Than Giving Her Their Kids? Not Giving Them To Her.,2806.0,2806.0,19.0,0.0067712045616536,0.011154232181681604
69788,16065,"There's A Place Where If A Woman Goes To Prison, Her Kids Go Too. Shocking.",2851.0,2851.0,22.0,0.007716590669940372,0.007875016798222056
69790,16065,These Women Didn't Give Up Their Kids When They Went To Jail. What They Forced Them To Do Was Worse.,2887.0,2887.0,41.0,0.014201593349497749,0.01863253572606469
69841,16076,"3 Chances To Save Money Throughout Your Day, Every Day",3163.0,3163.0,11.0,0.0034777110338286435,0.007003829207108757
69842,16076,"We Recycle, But Recycling Leaves Out Our #1 Type Of Trash",3269.0,3269.0,12.0,0.0036708473539308656,0.0014319006817856954
69843,16076,Did You Know You Probably Waste $371 A Year On Food You Don’t Eat?,3289.0,3289.0,7.0,0.002128306476132563,0.006941555022931898
69845,16076,Food Can Be Lots Of Tasty Or Terrible Things. But Here’s 1 Thing It Never Is.,3343.0,3343.0,18.0,0.0053843852826802275,0.01
69884,16086,I Would Love On You,2894.0,2894.0,10.0,0.0034554250172771253,0.015540554132443367
69886,16086,Who Would You Love On?,2857.0,2857.0,5.0,0.0017500875043752187,0.01027723168468208
69887,16086,It Begs The Question: What Do Zombies Do On Valentine's Day?,2786.0,2786.0,3.0,0.0010768126346015793,0.017706494590177736
69888,16086,They Have A Camera That Can See Love,2815.0,2815.0,5.0,0.0017761989342806395,0.010496092860633115
69902,16090,A CEO Straps His Daughter To His Chest And Female Employees Love It For A Good Reason,2819.0,2819.0,32.0,0.011351543100390209,0.014764036525936532
69903,16090,A Boss Carries His Daughter To Work All In The Name Of #EqualPay,2894.0,2894.0,28.0,0.009675190048375951,0.006123607449230546
69904,16090,"When His Daughter's At Work, All Of The Women Know What That Means",2792.0,2792.0,28.0,0.01002865329512894,0.012793555760790885
69905,16090,His Daughter Has No Idea What She Does For The Women In The Office,2869.0,2869.0,41.0,0.014290693621470896,0.019615033807363465
69930,16097,"This Guy Shook Up The 1% So Badly, They Threw In In Jail. Twice. Did It Stop Him?",2875.0,2875.0,17.0,0.00591304347826087,0.010005792646177916
69931,16097,The 1% Tried To Silence Him By Putting Him In Jail. That Didn't Work So Well.,2791.0,2791.0,18.0,0.006449301325689717,0.009521328381791544
69932,16097,That One Time A Convicted Felon Got 6% Of The Votes Cast For President,2828.0,2828.0,8.0,0.002828854314002829,0.014019356948231327
69933,16097,The 1920 Presidential Election Was Like None Other — Convict #9653 Was On The Ballot,2794.0,2794.0,10.0,0.0035790980672870437,0.01520655867097954
69934,16097,Shake Up The 1%? Check. Get Thrown In Jail? Check. Get A Million Votes For President? Check.,2900.0,2900.0,10.0,0.0034482758620689655,0.009022217011542938
69950,16101,Fox News Host Megyn Kelly Has Some News About Women — But Not Everyone's On Board,2860.0,2860.0,42.0,0.014685314685314685,0.019849149196959688
69951,16101,Megyn Kelly Has Some News About Women — But Not Everyone Approves,2877.0,2877.0,44.0,0.015293708724365659,0.022044526143991584
69989,16109,Are You Ready For Some Football? How About Some Socialism?!,2935.0,2935.0,10.0,0.0034071550255536627,0.009712070343196443
69990,16109,"The NFL, And The Super Bowl, Are Actually Kinda Subversive. No, Really.",2952.0,2952.0,10.0,0.0033875338753387536,0.007746473362606821
69991,16109,I'm Surprised Conservatives Haven't Noticed This Before About Football And The NFL,2748.0,2748.0,22.0,0.008005822416302766,0.012019495782210274
70010,16114,The Carnegies And Rockefellers Tried To Silence Him With Jail Time. That Didn't Work So Well.,2878.0,2878.0,31.0,0.010771369006254344,0.0067461722544056345
70011,16114,The Carnegies And Rockefellers Tried To Silence Him With Jail Time. That Didn't Work So Well.,2838.0,2838.0,36.0,0.012684989429175475,0.0067461722544056345
70012,16114,The Carnegies And Rockefellers Tried To Silence Him With Jail Time. That Didn't Work So Well.,2878.0,2878.0,25.0,0.008686587908269632,0.0067461722544056345
70013,16114,The Carnegies And Rockefellers Tried To Silence Him With Jail Time. That Didn't Work So Well.,2857.0,2857.0,24.0,0.00840042002100105,0.006774932827192921
70014,16114,The Carnegies And Rockefellers Tried To Silence Him With Jail Time. That Didn't Work So Well.,2817.0,2817.0,28.0,0.009939652112176074,0.007822652965272615
70015,16114,The Carnegies And Rockefellers Tried To Silence Him. That Didn't Work So Well For Them.,2823.0,2823.0,16.0,0.005667729365922777,0.012763609688035932
70031,16119,"He Started An Online Dating Company. 10 Years Later, He Knows All Kinds Of Things About Humanity.",2842.0,2842.0,21.0,0.007389162561576354,0.018946421548595552
70032,16119,Nearly All Men Want Exactly One Thing In A Woman,2972.0,2972.0,30.0,0.010094212651413189,0.02760082668411563
70033,16119,He Runs An Online Dating Company. He's Seen Your Data. He's Very Disappointed In You.,2794.0,2794.0,15.0,0.005368647100930566,0.015499329972847288
70034,16119,Everyone Really Is A Little Bit Racist (At Least When It Comes To Dating),2855.0,2855.0,27.0,0.009457092819614711,0.01633559248748962
70035,16119,He Examined 25 Million Adults To Learn Who We Are When We Think No One Is Looking,2799.0,2799.0,20.0,0.007145409074669525,0.015531146056712145
70043,16122,Ever Wonder Why There Aren't Enough Hot Women On Dating Sites? Blame The Men.,2836.0,2836.0,27.0,0.009520451339915375,0.019391904012139985
70045,16122,"Answer 25 Questions. He'll Tell You Who You Should Date, Who You Will Date, And Who Will Date You.",2825.0,2825.0,35.0,0.012389380530973451,0.016560944181843805
70046,16122,Nearly All Men Want Exactly One Thing In A Woman,2851.0,2851.0,32.0,0.011224131883549631,0.02752739183111117
70146,16145,"In This Sketch, Women Apologize For People Who Had To Watch That Viral Abortion Apology Video",2788.0,2788.0,30.0,0.010760401721664276,0.019172865996989204
70147,16145,Funny Or Die: Women Apologize For People Who Had To Watch That Viral Abortion Apology Video,2850.0,2850.0,28.0,0.009824561403508772,0.0253838836975031
70148,16145,This Hilarious Skit Is An Apology To People Who Saw That Viral Abortion Apology Video,2898.0,2898.0,24.0,0.008281573498964804,0.01557384322509386
70149,16145,Hilarious: These Women Apologize To All Of The People Who Watched That Viral Abortion Apology Video,2782.0,2782.0,32.0,0.011502516175413372,0.025363369779249474
70150,16145,These Women Hilariously Apologize To People Who Had To Watch That Viral Abortion Apology Video,2826.0,2826.0,38.0,0.013446567586694975,0.021169561057480045
70151,16146,"They Knew She Loved Legos, So Why'd She Find These So Confusing?",2934.0,2934.0,28.0,0.00954328561690525,0.0057979869581040525
70161,16148,"If Lego's Making Toys Just For Girls, Let's Hope It's Just This Piece",2940.0,2940.0,31.0,0.01054421768707483,0.008803849376834785
70162,16148,Forget Shopping Malls And Cafes. This Tiny Piece Makes Lego's 'For Girls'.,2836.0,2836.0,7.0,0.002468265162200282,0.015558680516221793
70163,16148,Legos For Girls? Here's The Only Piece Necessary.,2804.0,2804.0,20.0,0.007132667617689016,0.00618250361397283
70273,16172,A Boy In America Explains To A Girl On The Other Side Of The Globe How Racism Feels,3032.0,3032.0,67.0,0.022097625329815303,0.014531803127822675
70274,16172,A Boy In America Explains To A Girl On The Other Side Of The Earth How Racism Feels,3117.0,3117.0,55.0,0.017645171639396856,0.014429421177774276
70392,16197,It's All Fun And Games Before The Baby Is Born. But This One Price Tag!? WTF.,1719.0,1719.0,17.0,0.009889470622454915,0.013959157736573875
70393,16197,A Lot Of Parents Have No Idea This Cost Is Coming — Until They Have No Other Choice,1772.0,1772.0,40.0,0.022573363431151242,0.015620050308622187
70394,16197,I Knew Kids Were Expensive. But Daycare Costs More Than College? WTF.,1718.0,1718.0,5.0,0.002910360884749709,0.00886160664148104
70395,16197,Parents Are Having To Choose Between Working And Staying Home. Because Guess Which One Is Cheaper?,1759.0,1759.0,18.0,0.01023308698123934,0.012236024149169751
70472,16212,Would You Call Yourself A Feminist?,2253.0,2253.0,18.0,0.007989347536617843,0.006971446779971809
70473,16212,Maybe We Are All Feminists Now?,2146.0,2146.0,13.0,0.0060577819198508855,0.0052420729780495445
70474,16212,How To Tell If You Are A Dude Feminist,2187.0,2187.0,17.0,0.007773205304069501,0.017681065749169965
70475,16212,Would You Call Yourself A Feminist? See How Guys Who Wouldn't Say That Finally Admit It.,2308.0,2308.0,20.0,0.008665511265164644,0.017572246281316064
70476,16212,Do You Believe Women Should Have The Same Rights As Men? Then The Math Is Simple.,2236.0,2236.0,16.0,0.007155635062611807,0.002457946694171425
70487,16215,He Had A Heart Attack And Got Rushed To The Hospital But The Next Emergency Wasn't Taken Seriously,2224.0,2224.0,9.0,0.0040467625899280575,0.01772172137588457
70488,16215,"The First Time, It Took 24 Hours To Save His Life. The Second Time It Took 2 Weeks. The Third Time?",2313.0,2313.0,11.0,0.004755728491137051,0.01597322970994581
70489,16215,"He Almost Died 3 Times. The First Time, Doctors Saved His Life. The Other 2? Not So Much.",2238.0,2238.0,10.0,0.004468275245755138,0.01152988811605363
70490,16215,His Question: Why Do They Only Care About My Health Crisis When It's Physical?,2239.0,2239.0,9.0,0.00401965163019205,0.006391361466282787
70491,16215,It's Incredibly Unfair That He Almost Died Twice Because No One Took Him Seriously,2193.0,2193.0,13.0,0.005927952576379389,0.01572665934360175
70492,16215,He Was About To Die So They Took Him To The ER. But Not The Next Time Or The Time After. Why?,2205.0,2205.0,25.0,0.011337868480725623,0.014426801541300589
70539,16226,"I Turned Off The TV When They Showed The River. 1 Year Later, I've Tuned Back In, And It's Gorgeous.",1566.0,1566.0,22.0,0.0140485312899106,0.0057655748508783035
70667,16254,"Deciding To Work Together Was Everything. Now They’re One Big, Caffeinated Family.",2088.0,2088.0,3.0,0.0014367816091954023,0.007374332978931571
70669,16254,It's The Only Thing They Grow. The Only Thing They Need To Grow. The Only Thing They Want To Grow.,2076.0,2076.0,18.0,0.008670520231213872,0.00433175208633173
70670,16254,"Since They Stopped Competing, They’re Free To Embrace Their Precious Bean",1975.0,1975.0,10.0,0.005063291139240506,0.01
70671,16254,"I Guess If This Is What I Smelled All Day, I’d Be Happy, Too",2100.0,2100.0,14.0,0.006666666666666667,0.004852227533581469
70738,16269,They’re Proud To Grow What So Many People Get Hooked On,1526.0,1526.0,8.0,0.005242463958060288,0.006366487462708386
70740,16269,"They Love The Crop They Grow, And They’re As Addicted To It As Anyone",1601.0,1601.0,12.0,0.007495315427857589,0.0008145627322662143
70741,16269,"They’re Not Shy About It. People Get Hooked On It, But They Love Growing It.",1502.0,1502.0,10.0,0.006657789613848202,0.010222744080544006
70742,16269,They’re Totally Into It. They Love The Addictive Crop They Grow.,1495.0,1495.0,9.0,0.006020066889632107,0.00039139215848621976
70758,16273,A Group Of Bullied Friends Had A Plan - Their City Has Not Been The Same Since,1589.0,1589.0,15.0,0.009439899307740718,0.01613159487143581
70762,16274,This Feminist Isn't Down With 'Girl Power' But Not For The Reasons You'd Suspect,1519.0,1519.0,5.0,0.0032916392363396972,0.009862576712153022
70763,16274,"'Who Runs The World?' Sounds Like A Catchy Song, But The Reality Isn't So Great",1551.0,1551.0,12.0,0.007736943907156673,0.008485993530664988
70764,16274,Is It Really A Girl Power Anthem If It Calls Women 'B****?' I'm Starting To Change My Mind.,1510.0,1510.0,10.0,0.006622516556291391,0.01535864130221996
70765,16274,"She Belts Out, 'Who Run The World? Girls!' This Woman Explains, 'Not So Much!'",1469.0,1469.0,8.0,0.005445881552076242,0.006528733577898813
70796,16281,A Simple Little Song That Could Actually Help Change Our Daughters' Lives,5917.0,5917.0,29.0,0.004901132330572926,0.015279222163549835
70797,16281,As Soon As I Heard Them Sing I Knew — These Girls Are The Future,5925.0,5925.0,44.0,0.007426160337552743,0.007783382272271183
70798,16281,No One Ever Told Her It's A 'Boy's Subject'... Because It Isn't.,5762.0,5762.0,42.0,0.007289135716765012,0.016617133892700597
70800,16281,These Girls Are Singing About Doing The Thing That A Lot of Adults Told Them They Couldn't,5847.0,5847.0,41.0,0.007012142979305627,0.011632045402188929
70819,16285,These Huge Stars Took Their Big Night And Made It About This Important Movement,3519.0,3519.0,95.0,0.026996305768684285,0.00983931316764214
70820,16285,One Music Legend Used Music's Biggest Night To Remind Us What Matters,3581.0,3581.0,107.0,0.029879921809550406,0.014060030308472023
70821,16285,4 Grammy Performers Remind The World That  #BlackLivesMatter,3542.0,3542.0,61.0,0.017221908526256352,0.007067718267396613
70822,16285,"Prince, Beyonce and John Legend All Agreed On 1 Thing At The Grammys",3560.0,3560.0,107.0,0.030056179775280897,0.01838844016581132
70823,16285,4 Moments That Prove The Grammy Awards Weren't Just About Music,3569.0,3569.0,123.0,0.03446343513589241,0.009775186496980554
70854,16292,They Tried To Make Legos For Girls. But They Should've Just Put Her In The Box.,3179.0,3179.0,33.0,0.010380622837370242,0.017756404488707425
70855,16292,A Cartoon And 4 Images Of POTUS Sum Up A Totally Obvious Point About Kids,3324.0,3324.0,43.0,0.012936221419975932,0.010818522171445598
70856,16292,They Spent Millions Trying To Sell Their Product To Girls. They Only Needed To Change 1 Tiny Thing.,3361.0,3361.0,62.0,0.018446890806307646,0.018406218021213186
70857,16292,"She School's Him On His Company's Biggest Product, And He's So Embarrassed",3228.0,3228.0,47.0,0.014560099132589838,0.02000647954932041
70858,16292,"In Panel 26 Of The Comic, The Businessman Literally Facepalms",3138.0,3138.0,30.0,0.009560229445506692,0.013394246888443468
71077,16340,Why You May Be An Erotic Person And Not Even Know It,2492.0,2492.0,29.0,0.011637239165329053,0.010781167338101241
71078,16340,Why You And Your Partner May Be Erotic And Not Even Know It,2496.0,2496.0,14.0,0.005608974358974359,0.010035963046828739
71079,16340,Why We May All Live Erotic Lives And Not Even Realize It,2442.0,2442.0,23.0,0.009418509418509418,0.013701977283930342
71081,16340,You May Be Into Eroticism And Not Even Know It,2398.0,2398.0,16.0,0.006672226855713094,0.015274032633711285
71098,16345,Here’s How Too Many Schools Are Becoming Loser Factories,2496.0,2496.0,10.0,0.004006410256410256,0.012027150527113858
71099,16345,Strict School Discipline Isn’t Fixing Troubled Kids. It’s Breaking Futures.,2481.0,2481.0,4.0,0.0016122531237404273,0.0012783818335466365
71100,16345,"Schools Can’t Be Kicking Out Kids Because It Works, Since What Happens Next Is Often Heartbreaking",2393.0,2393.0,4.0,0.001671541997492687,0.012751032428915177
71101,16345,"Schools Are Making Bad Words Punishable By A Life In Prison. Wait, What?",2401.0,2401.0,11.0,0.004581424406497293,0.013171760235971542
71102,16345,"The Odds Are Bad Enough For Some Kids, But When A School Gives Up On Them, GAME OVER",2424.0,2424.0,6.0,0.0024752475247524753,0.009874632326980493
71103,16346,I'm Furious At This Bank's Decision To Stop Money Transfers To One Of The Poorest Countries On Earth,2394.0,2394.0,9.0,0.0037593984962406013,0.017191378215130282
71104,16346,A Bank Has Stopped Money Transfers To This Country For A Terrible Reason,2479.0,2479.0,19.0,0.007664380798709157,0.017916189541413753
71105,16346,Banks Assumed They Were Sending Money To Terrorists. They're Not. They're Just Trying To Feed Others,2481.0,2481.0,18.0,0.007255139056831923,0.010857252562818862
71106,16346,How 1 Small California Bank Might Be Letting People Starve Across The World,2461.0,2461.0,15.0,0.006095083299471759,0.00243584154731704
71107,16346,6 Tweets That Show What Happens When The War On Terror Goes Wrong,2400.0,2400.0,24.0,0.01,0.01577610827508639
71157,16357,What It Looked Like When A Heterosexual Couple Was Denied Their Right To Marry,2267.0,2267.0,41.0,0.01808557565063961,0.015818597855816872
71158,16357,Straight Couples Were Told They Weren't Allowed To Get Married. 1/2 Way Through They 'Get It'.,2375.0,2375.0,46.0,0.01936842105263158,0.025303521530922753
71159,16357,They Were Told They Couldn't Get Married. Their Reply Was 'But We're Straight'. Alabama Said 'I Know'.,2321.0,2321.0,61.0,0.026281775096940973,0.011570180423727122
71160,16357,Straight Couples Can't Get Married In Alabama. They Suddenly Seem To Understand How It Feels.,2432.0,2432.0,50.0,0.02055921052631579,0.011054831412861607
71161,16357,It's Not A Prank. What It Looks Like When Straight Couples Were Denied The Right To Marry.,2334.0,2334.0,26.0,0.011139674378748929,0.012633580343860048
71197,16366,They put her picture on a poster and told everyone her secret. So she owned it all the way.,1522.0,1522.0,15.0,0.00985545335085414,0.01925010238569866
71198,16366,She was 'outed' in a really public way. You'll love what she did with the opportunity.,1564.0,1564.0,18.0,0.011508951406649617,0.017029458144895794
71199,16366,They outed her without her permission but it changed her life in a great way.,1500.0,1500.0,11.0,0.007333333333333333,0.009988448511586786
71200,16366,A charity put her face on a poster and told all of London her secret. How would you have handled it?,1529.0,1529.0,22.0,0.014388489208633094,0.016124631155150327
71211,16369,These puppies were going to be put down. Now they're doing amazing in the most unlikely place.,1503.0,1503.0,8.0,0.0053226879574184965,0.011285704308488454
71212,16369,"The way these big, burly men love these dogs fills me with pure joy.",1560.0,1560.0,17.0,0.010897435897435897,0.004579329875888121
71213,16369,One of them has been in for prison for 14 years. He never knew he'd find a best friend.,1507.0,1507.0,18.0,0.011944260119442602,0.008549965573591082
71214,16369,"When these men meet their new best friends, it's just the most adorable moment.",1474.0,1474.0,17.0,0.011533242876526458,0.01330804534964199
71256,16377,He took time off of work and earned more than he'd ever dreamed of,1480.0,1480.0,3.0,0.002027027027027027,0.01
71258,16377,"They had no money, so they played under the bridge … until he came looking",1583.0,1583.0,2.0,0.0012634238787113076,0.003103331462859737
71259,16377,"There was no money, no books and no space, but that didn’t stop them from having school.",1538.0,1538.0,2.0,0.0013003901170351106,0.01
71284,16383,"The more we ignore what's going on in Nigeria, the bigger the problem gets",1497.0,1497.0,6.0,0.004008016032064128,0.007533134157298938
71285,16383,"She stares straight into the camera and admits that she's ignorant, but she’s not alone.",1600.0,1600.0,9.0,0.005625,0.004483575309363906
71286,16383,They’re being taken from their homes and turned into slaves. So why is everyone so quiet?,1511.0,1511.0,20.0,0.013236267372600927,0.008156735419724857
71287,16383,"2000 were killed,  hundreds are missing, and some were made slaves, but we stay quiet",1581.0,1581.0,21.0,0.013282732447817837,0.003754950393681412
71322,16391,"For any kid who's ever been depressed, here are 9 things to remember.",1551.0,1551.0,9.0,0.005802707930367505,0.01714510707177768
71323,16391,9 things anyone who's ever been depressed should remember.,1440.0,1440.0,17.0,0.011805555555555555,0.01837072544568985
71324,16391,The first 30 seconds show a terrible place we've all been. Then it shows you 9 ways to get out.,1573.0,1573.0,17.0,0.01080737444373808,0.013574721299356416
71359,16399,She made a cool invention. Now she's using it to save 12 million people.,1524.0,1524.0,21.0,0.013779527559055118,0.012568525442021203
71360,16399,"A woman came up with an invention to get 12 million people water. Is it magic? Nope, just hard work.",1452.0,1452.0,9.0,0.006198347107438017,0.005398006947089624
71361,16399,"As beautiful as Sao Paolo is, 12 million people still need water. One woman found a way.",1524.0,1524.0,5.0,0.0032808398950131233,0.004829630689058862
71362,16399,"Drinking rain water doesn't sound ideal, but it's better than no water at all.",1589.0,1589.0,7.0,0.004405286343612335,0.0034073399393481363
71363,16399,Know someone going to Sao Paolo for vacation? Here's a 2-minute primer for them.,1519.0,1519.0,4.0,0.0026333113890717576,0.007151829585237799
71364,16399,"12 million people, one cool invention, and a beautiful city",1556.0,1556.0,9.0,0.005784061696658098,0.004198778530879084
71381,16403,A funny thing happens when big companies like McDonald’s ask for feedback on Facebook.,1574.0,1574.0,24.0,0.015247776365946633,0.01662615177916714
71382,16403,"McDonald’s has a new approach to Facebook. That is, to answer every question asked. Except …",1542.0,1542.0,17.0,0.011024643320363165,0.008348424418468213
71383,16403,"When you ask questions on McDonald’s Facebook page, it’ll answer every one of them. With one exception.",1460.0,1460.0,17.0,0.011643835616438357,0.017727354402104437
71384,16403,"One of the best policies for companies on Facebook is to engage with fans. Well, most of them, anyway.",1539.0,1539.0,9.0,0.005847953216374269,0.01
71385,16403,They asked McDonald’s a fair question about love for its workers. They’re still waiting for an answer.,1540.0,1540.0,18.0,0.011688311688311689,0.014552951397791744
71386,16403,People who work for McDonald’s aren’t 'Lovin’ it.' So they asked the company some questions.,1495.0,1495.0,25.0,0.016722408026755852,0.011371314330383298
71391,16405,"Every day, women walks miles and miles just to get fresh water. Here's what we can do about it.",1541.0,1541.0,4.0,0.0025957170668397143,0.0076143464674371915
71392,16405,"In 3 minutes, you will find out the *real* problem with water. Hint: It's not your shower.",1523.0,1523.0,8.0,0.005252790544977019,0.010725103400576112
71394,16405,Getting people water to survive takes more than a shorter shower,1520.0,1520.0,1.0,0.0006578947368421052,0.01
71503,16429,This comedian has something to say about Disney's 'Pocahontas' and it's absolutely hilariously true.,2116.0,2116.0,32.0,0.015122873345935728,0.020790213942291268
71504,16429,"When this Ethiopian-American comic says his name, people are always confused. Here's why that is.",1987.0,1987.0,27.0,0.013588324106693507,0.020474045165156073
71505,16429,This comedian makes a hilariously true point about how sheltered we can be in first world countries.,2062.0,2062.0,27.0,0.013094083414161009,0.01583822699255652
71506,16429,An American asked this Ethiopian waiter for Himalayan sea salt. What he wanted to say is SO clever.,2025.0,2025.0,55.0,0.027160493827160494,0.0238520303477096
71507,16429,"A snooty lady asked this waiter for fancy salt, and his response is hilariously, internationally true.",2002.0,2002.0,83.0,0.041458541458541456,0.01661023175125308
71508,16429,Watch a super-smart stand-up routine about how America irks this hilarious African-American comic.,1981.0,1981.0,21.0,0.01060070671378092,0.019044246741078887
71526,16433,Fox News finally went off on Walmart for their shady practices. PSYCH.,1513.0,1513.0,31.0,0.020489094514210177,0.014804040724900297
71527,16433,"If you love watching Fox News go after moochers, you're gonna love this",1537.0,1537.0,26.0,0.016916070266753416,0.010438257225542947
71528,16433,It takes less than a minute to see that Fox News and Walmart are a match made in hell.,1505.0,1505.0,26.0,0.01727574750830565,0.017724264084307013
71529,16433,Here's what it would look like if an obnoxious TV anchor's questions were pointed in the right direction.,1544.0,1544.0,20.0,0.012953367875647668,0.015583271280646935
71530,16433,Sean Hannity and two Walmart owners walk into a video. I *really* wish it was a joke.,1526.0,1526.0,25.0,0.0163826998689384,0.015659893005275864
71594,16447,The Grammys weren't the only time that President Obama had a message women could say 'hell yes' to.,3991.0,3991.0,16.0,0.004009020295665247,0.01
71595,16447,I've been waiting to hear a message like this from an elected official since my kids were little.,4072.0,4072.0,46.0,0.011296660117878193,0.007783815372835239
71596,16447,President Obama has a message for women that makes sense and almost anyone can agree with.,4017.0,4017.0,21.0,0.005227781926811053,0.01882168883741784
71597,16447,You know you want to say 'heck yeah' to this long overdue message from President Obama,4082.0,4082.0,29.0,0.007104360607545321,0.010722789344655832
71598,16447,"From daycare rates many can't afford to unfair pay, President Obama lays out how women get robbed",3946.0,3946.0,10.0,0.002534211860111505,0.009414182276910262
71599,16447,"Lately, I've been seeing just how much President Obama understands what women are up against. Bravo!",4138.0,4138.0,28.0,0.006766553890768487,0.0071853785056251365
71733,16475,"The bully punches him in the face. Later, he follows the bully home, and it all suddenly makes sense",2059.0,2059.0,64.0,0.03108305002428363,0.021439698756386953
71734,16475,"After the bully punches him in the face, all he wants is revenge. But then he sees it happen.",2051.0,2051.0,75.0,0.036567528035104824,0.019613439702409516
71735,16475,"After the bully punches him in the face, all he wants is revenge. But then he follows him home.",2013.0,2013.0,74.0,0.03676105315449578,0.014545717066571148
71737,16475,"After the bully punches him in the face, he doesn't just lay down. He follows the bully home.",2062.0,2062.0,67.0,0.03249272550921436,0.01802716372565725
71803,16491,2 trans men made a very clear point with their  recent photo shoot.,2071.0,2071.0,68.0,0.03283437952679865,0.014494916377850754
71804,16491,2 trans men make a very clear point with this  revealing photo shoot.,2016.0,2016.0,91.0,0.04513888888888889,0.016210948529370037
71805,16491,2 trans men prove an important point with a simple photo shoot.,2038.0,2038.0,78.0,0.038272816486751716,0.016682362962606286
71812,16493,You shouldn't always trust that sex advice is good. Even if Alan Cumming is giving it to you.,2045.0,2045.0,12.0,0.0058679706601467,0.006890758166813282
71813,16493,"Stop having sex today, and the FDA will let you give blood next year. #celibacychallenge,",2022.0,2022.0,11.0,0.005440158259149357,0.01
71814,16493,"The FDA thinks gay men shouldn’t have sex for a year. Yes, seriously. #celibacychallenge",2050.0,2050.0,15.0,0.007317073170731708,0.0028109678754823352
71815,16493,"I thought Alan Cumming had lost his mind, then I watched the video and was so wrong.",2048.0,2048.0,19.0,0.00927734375,0.009630617358590663
71834,16497,Dad took blood samples at his kid's birthday party. And that's not the worst part.,2105.0,2105.0,36.0,0.0171021377672209,0.011285037595291519
71835,16497,"I had some weird birthday parties, but none that started an outbreak of an ""eradicated"" disease.",2020.0,2020.0,17.0,0.008415841584158416,0.0015189875421009668
71836,16497,"Worst birthday party ever: Dad messes up 100 years of progress, doesn't even get kid a Furby.",1998.0,1998.0,25.0,0.012512512512512513,0.011974606735550127
71902,16512,The Taylor Swift parody that gets right to what the Oscars keep getting wrong,3518.0,3518.0,76.0,0.02160318362706083,0.019839366712357958
71903,16512,The only version of 'Blank Space' that deserves to be at the 2015 Oscars,3518.0,3518.0,71.0,0.020181921546333144,0.017562698336725326
71904,16512,A catchy pop song that captures why so many of us are over award season,3655.0,3655.0,66.0,0.018057455540355677,0.019296961737897075
71974,16526,It’s hard enough for a teen to feel liked without having to worry about being Liked.,3531.0,3531.0,11.0,0.003115264797507788,0.005217499132071431
71975,16526,Some kids swap stories about how they make social media work for them.,3544.0,3544.0,6.0,0.001693002257336343,0.004378651831225495
71976,16526,"With social media, teen drama gets bigger faster. Kids are figuring out how to survive it.",3619.0,3619.0,9.0,0.0024868748273003593,0.01
71977,16526,First you have to get people to like you. Then get them to Like you. Being a teen is tough.,3579.0,3579.0,7.0,0.0019558535903883767,0.007263514952157403
72102,16552,"The science of how Hollywood handles race, what it can do to kids, and how to start fixing it.",2938.0,2938.0,20.0,0.0068073519400953025,0.009025270924540557
72103,16552,Dear Oscars: It's time to talk thoughtfully about that whole race thing. With science!,3063.0,3063.0,27.0,0.00881488736532811,0.008274802336950994
72104,16552,Infographic about how the Oscars handle race and how they can do better. With facts and solutions!,3009.0,3009.0,14.0,0.004652708541043536,0.00753346209076719
72105,16552,Dear Oscars: It's time for an intervention about your little race problem.,2857.0,2857.0,29.0,0.010150507525376268,0.014682835837791085
72140,16560,"Their parents expected a cute musical, but the cows left their jaws on the floor",2543.0,2543.0,28.0,0.01101061738104601,0.009906738937585872
72142,16560,It's starts like a cute musical but when the cows come out everyone cringes,2441.0,2441.0,32.0,0.013109381401065138,0.016243045560268045
72143,16560,It's a cute musical until the kids come out in hazmat suits. #Awkward,2569.0,2569.0,21.0,0.008174386920980926,0.007003412616425208
72153,16563,The stuff about the Oscars and race you probably hadn't considered. And really should.,2630.0,2630.0,32.0,0.012167300380228136,0.014637593292676186
72278,16591,"Let's try treating teachers the way you want your boss to treat you: Like adults, not whiny kids.",3067.0,3067.0,18.0,0.0058689272905119005,0.00025023387164272424
72289,16594,"Obama's come out swinging. If he'd acted like this before, where would we be?",3616.0,3616.0,15.0,0.004148230088495576,0.016145430066839484
72340,16606,He finally stopped lying. But the truth was just too much for his mom.,3633.0,3633.0,24.0,0.006606110652353427,0.010697324901320578
72341,16606,"After so much pain, he finally got the call he desperately wanted: His mom told him to come home.",3748.0,3748.0,11.0,0.002934898612593383,0.008320910958705453
72343,16606,"He was a good kid, he was very smart, and he made his parents proud. And they still rejected him.",3726.0,3726.0,23.0,0.006172839506172839,0.013689324187602114
72344,16606,She did the unthinkable as a parent: rejected her child. But then the truth dawned on her...,3550.0,3550.0,21.0,0.005915492957746479,0.023400542451505673
72406,16619,Sometimes a story can be so unforgettable it changes your life. These could do that.,3676.0,3676.0,6.0,0.001632208922742111,0.0014906053004033522
72407,16619,"‘Women hold up half the sky.’ Beautiful, and they’ve inspired something amazing.",3702.0,3702.0,4.0,0.0010804970286331713,0.003009604907817512
72408,16619,"Do you love stories about challenge, hope, and change? This is all that and more.",3579.0,3579.0,4.0,0.0011176306230790724,0.01
72569,16654,3 sickening myths food companies are shoving down our throats. Gross.,1584.0,1584.0,23.0,0.01452020202020202,0.0072933065951049075
72570,16654,3 gross myths food corporations are shoving down our throats. Get fed up.,1498.0,1498.0,21.0,0.014018691588785047,0.003673312816340075
72580,16658,"A dad writes a problematic letter to his unborn daughter, then fixes it.",1536.0,1536.0,20.0,0.013020833333333334,0.01588270613106013
72581,16658,Dear dads: Don't say what he said at the beginning. Follow his lead at the end.,1460.0,1460.0,19.0,0.013013698630136987,0.017420181055643934
72582,16658,"A dad tries to talk to his daughter about life, screws up, redeems himself",1572.0,1572.0,16.0,0.010178117048346057,0.016395302502635087
72594,16661,Real doctors sound off on the vaccine debate on late night TV. It's golden.,3033.0,3033.0,24.0,0.00791295746785361,0.015064207583076276
72595,16661,Anti-vaxxers have these doctors talking. And cussing. It's sorta funny.,3048.0,3048.0,30.0,0.00984251968503937,0.013479766205596152
72596,16661,Jimmy Kimmel gets a bunch of doctors together and they all sound so annoyed,3051.0,3051.0,27.0,0.008849557522123894,0.023407825566842844
72597,16661,Real doctors show us just how fed up they are on Jimmy Kimmel's late night show,3055.0,3055.0,41.0,0.01342062193126023,0.02474186645956869
72598,16661,These doctors get asked about vaccinating your kids. Their responses couldn't be clearer.,3056.0,3056.0,33.0,0.010798429319371727,0.00735584205897101
72607,16663,This Philadelphia pizza parlor found a scrumdiddlyumptious way to show its 'brotherly love.',3045.0,3045.0,8.0,0.002627257799671593,0.0067826232949256505
72608,16663,"As a pizza lover *and* people lover, you can imagine how excited I was to learn about this place.",2975.0,2975.0,12.0,0.004033613445378151,0.0024369139091989754
72609,16663,Now here's one way I'd be more than happy to 'pay it forward.' Why? Because pizza. That's why.,3004.0,3004.0,10.0,0.003328894806924101,0.0024051724153902956
72610,16663,What's better than a slice of freshly-baked pizza for only $1? This shop figured it out.,3040.0,3040.0,18.0,0.0059210526315789476,0.004629505444597986
72611,16663,"I thought pizza was already the perfect sharing food, but this little shop took it to another level.",3030.0,3030.0,11.0,0.0036303630363036304,0.012168838832298143
72812,16703,Here are the powerful final minutes of the stunning documentary that's going viral in China.,3063.0,3063.0,51.0,0.01665034280117532,0.01571478111169346
72813,16703,"She knew it might be censored, but she put her controversial film out anyway. It went mega-viral.",3048.0,3048.0,45.0,0.014763779527559055,0.010419221489008083
72814,16703,"She puts a five digit number on the screen. For millions, it could mean life or death.",3038.0,3038.0,31.0,0.01020408163265306,0.006071647328568809
72815,16703,Few people in the U.S. have seen this mega-viral Chinese documentary. We translated it into English.,3044.0,3044.0,50.0,0.0164257555847569,0.021239441012716572
72821,16705,This hilarious new video looks at the joy of brutal honesty.,2474.0,2474.0,43.0,0.017380759902991108,0.008358825523532405
72822,16705,Here's an empowering look at what happens when the funniest women on TV take a pop song literally.,2659.0,2659.0,43.0,0.016171493042497178,0.012902453217996695
72823,16705,Women should be seen and not heard? Not if the ladies of 'SNL' have anything to say about it.,2451.0,2451.0,24.0,0.009791921664626682,0.00921120472266364
72824,16705,These late night ladies show they're no shrinking violets in this hilarious new video.,2584.0,2584.0,20.0,0.007739938080495356,0.010788046649451407
72862,16713,"After he made his final point about climate change, there was no more arguing.",3068.0,3068.0,20.0,0.00651890482398957,0.006227536568090053
72863,16713,This is maybe the worst way to win an argument about climate change.,3077.0,3077.0,21.0,0.0068248293792655184,0.019146730642400314
72864,16713,This is how you win an argument about climate change.,3037.0,3037.0,32.0,0.010536713862364174,0.015409705471016881
72865,16713,This is one way to win an argument about climate change.,3005.0,3005.0,19.0,0.00632279534109817,0.008066866675279645
72866,16713,This is called ‘winning the argument and losing the war.’,3038.0,3038.0,27.0,0.008887425938117182,0.01748688947214403
72884,16717,"He knows he can't fix 70,000 broken wells, even with help. Still, he's going to try.",2553.0,2553.0,8.0,0.003133568350959655,0.01
72886,16717,More kids went to school. People got healthier. What did it take? Fixing a couple of wells.,2454.0,2454.0,3.0,0.0012224938875305623,0.01
72887,16717,It's amazing what fixing a well could do. Just hear him explain.,2565.0,2565.0,8.0,0.0031189083820662767,0.0012281735231777311
72888,16717,His hometown is littered with dirty rivers and contaminated wells. So he fixed them.,2588.0,2588.0,15.0,0.005795981452859351,0.008567316004046355
72889,16717,Journeys of 1000 miles begin with a step. His starts with a well.,2535.0,2535.0,6.0,0.002366863905325444,0.01
72890,16718,You know it's meditation. But do you KNOW-KNOW about meditation???,2482.0,2482.0,22.0,0.008863819500402902,0.011313624883169933
72891,16718,"If superfit brains were as sexy as superfit bods, their brains would be in Sports Illustrated",2595.0,2595.0,10.0,0.0038535645472061657,0.013250971004435817
72892,16718,"Once you SEE this brain getting awesomely denser and more wrinkly, I bet you'll try meditating",2546.0,2546.0,22.0,0.00864100549882168,0.01130196953517162
72893,16718,"Meditation. It seems like doing nothing, but it helps EV-ER-RE-THANG.",2599.0,2599.0,15.0,0.005771450557906887,0.01
72894,16718,Straight-up chilllin' out for 20 minutes a day will make your brain better. Here's how.,2467.0,2467.0,25.0,0.010133765707336847,0.01
72938,16728,"Yes! This is the brave, all-inclusive, pro-choice, feminist message we've been needing.",2568.0,2568.0,1.0,0.0003894080996884735,0.0024513697625462086
72939,16728,"When just being the owner of a vagina can feel like a trap in this world, we need to hear this.",2605.0,2605.0,1.0,0.00038387715930902113,0.016359755114144066
72940,16728,"Well, one guy in this video just comes out and says it. 'Stop treating women like baby-machines.'",2478.0,2478.0,1.0,0.0004035512510088781,0.010277563558821092
72941,16728,They're saying some pretty brave things in this pro-women's rights video. And it's not just women!,2533.0,2533.0,2.0,0.0007895775759968417,0.00551438467417968
72942,16728,They're sharing some brave thoughts and experiences with womanhood. You may find yourself agreeing.,2464.0,2464.0,0.0,0.0,0.006785500685634458
72943,16728,Should being a woman make it harder to live the life of your dreams?,2587.0,2587.0,1.0,0.00038654812524159255,0.004930384160546158
73008,16741,10 interesting facts about Iran you probably won’t hear on the news,2555.0,2555.0,58.0,0.022700587084148727,0.017397665208506427
73009,16741,10 surprisingly unsurprising facts about Iran you probably won’t hear on the news,2491.0,2491.0,32.0,0.012846246487354477,0.016628179142539574
73010,16741,Take 5 minutes to learn 10 facts about Iran that you probably won’t hear on the news,2459.0,2459.0,30.0,0.012200081333875559,0.021225136913772032
73011,16741,10 facts about Iran that make that whole 'Axis of Evil' thing seem kinda silly,2565.0,2565.0,28.0,0.01091617933723197,0.011997462962088997
73012,16741,10 facts about Iran that make the 'evil' country seem kinda... normal,2602.0,2602.0,31.0,0.01191391237509608,0.014740656495177688
73035,16748,"What does it really mean if someone says you ""throw like a girl""",2490.0,2490.0,10.0,0.004016064257028112,0.008424785871125114
73036,16748,"""You throw like a girl!"" MythBusters puts the classic insult to the test.",2551.0,2551.0,22.0,0.00862406899255194,0.010878343174481647
73037,16748,Are boys really better at throwing than girls? They're about to find out.,2526.0,2526.0,17.0,0.006730007917656373,0.012125724602646144
73038,16748,They compare the way a girl throws to the way a boy throws to test a big myth,2606.0,2606.0,19.0,0.0072908672294704525,0.009698437736801624
73058,16753,"Yes! This is the brave, all-inclusive, pro-choice, feminist message we've been needing.",2453.0,2453.0,0.0,0.0,0.0024513697625462086
73059,16753,"Well, one guy in this video just comes out and says it. 'Stop treating women like baby-machines.'",2541.0,2541.0,3.0,0.0011806375442739079,0.010294271095206125
73060,16753,They're saying some pretty brave things in this pro-women's rights video. And it's not just women!,2486.0,2486.0,0.0,0.0,0.005455020582122161
73061,16753,They're sharing some brave thoughts and experiences with womanhood. You may find yourself agreeing.,2649.0,2649.0,0.0,0.0,0.006541189812128706
73062,16753,"When just being the owner of a vagina can feel like a trap in this world, we need to hear this.",2547.0,2547.0,2.0,0.0007852375343541421,0.016359755114144066
73063,16753,Should being a woman make it harder to live the life of your dreams?,2571.0,2571.0,0.0,0.0,0.004930384160546158
73112,16764,Not real people totally care about a very real problem in a big way. And it's funny.,1856.0,1856.0,8.0,0.004310344827586207,0.00012326104376157374
73113,16764,She sat down and she watched her favorite thing get destroyed.,1889.0,1889.0,17.0,0.008999470619375331,0.01062611797307117
73114,16764,'I can't believe we lost the glacier.' — A guy not talking about sports.,1825.0,1825.0,3.0,0.0016438356164383563,0.0046613243676110255
73115,16764,Watch 2 kids fight over who gets to play Al Gore.,1860.0,1860.0,5.0,0.002688172043010753,0.012405838271091766
73117,16764,Meet a group of fake people who care about something in the perfect way.,1835.0,1835.0,11.0,0.005994550408719346,0.005049421643091578
73142,16770,Can human-beings create glaciers? These guys are off to a good start.,2031.0,2031.0,3.0,0.0014771048744460858,0.01
73143,16770,"At the rooftop of the world, glaciers are in trouble. These ice-makers have answers.",2099.0,2099.0,5.0,0.0023820867079561697,0.01
73144,16770,Engineers in a remote region use natural forces and ingenuity to make things grow.,2017.0,2017.0,8.0,0.0039662865642042635,0.01
73145,16770,"If water doesn't flow, farmers have to leave their homes for the city. DIY glaciers to the rescue.",2010.0,2010.0,8.0,0.003980099502487562,0.01
73237,16789,It's such a relief when you realize what they do to their dog is fake. But I was livid at first.,1519.0,1519.0,25.0,0.016458196181698487,0.007933181344999454
73238,16789,A couple gave their son a cute little puppy. So why am I sorta creeped out?,1519.0,1519.0,51.0,0.03357472021066491,0.016307632657394273
73239,16789,It's such a relief when you realize what they do to their dog is fake.,1534.0,1534.0,14.0,0.009126466753585397,0.013219236669544365
73240,16789,A creepy parody commercial that shows exactly the wrong way to treat a puppy.,1528.0,1528.0,28.0,0.01832460732984293,0.016540307939434222
73241,16789,A creepy parody commercial for a pet company that made me so angry until I realized it was fake.,1540.0,1540.0,32.0,0.02077922077922078,0.027527134135110837
73250,16791,Brilliant Harvard psychologist explains how to achieve long-term happiness in this popular TED talk.,1512.0,1512.0,15.0,0.00992063492063492,0.012994125237446514
73251,16791,A brilliant Harvard psychologist explains how to achieve long-term happiness.,1534.0,1534.0,21.0,0.013689700130378096,0.010301597908379154
73252,16791,There are 2 steps to achieving long-term happiness. Almost everybody reverses them.,1489.0,1489.0,9.0,0.006044325050369375,0.009060797534113717
73253,16791,There are 2 steps to achieving long-term happiness. You're probably doing them backwards.,1606.0,1606.0,8.0,0.0049813200498132005,0.009464964118387889
73254,16791,"He says there are 2 steps to long-term happiness, but it's not as simple as it sounds.",1489.0,1489.0,7.0,0.0047011417058428475,0.0029083529004391723
73286,16799,Here's what a brain does when you're making music. It's pretty incredible.,2043.0,2043.0,12.0,0.005873715124816446,0.00640101376918027
73287,16799,Here’s why scientists believe music works a brain like nothing else.,1997.0,1997.0,8.0,0.00400600901352028,0.0041619961448394
73288,16799,"They might seem calm on the outside, but inside musicians' brains, there's a party going on.",2125.0,2125.0,13.0,0.00611764705882353,0.01
73289,16799,"Which lights up your entire brain: Reading, math, or music?",1990.0,1990.0,11.0,0.005527638190954774,0.008003278881542914
73290,16799,"Wanna fire up your brain? Just turn on the radio. Or better yet, pick up that old guitar.",2042.0,2042.0,12.0,0.005876591576885406,0.0028266781993945616
73291,16799,Do you know the brain's equivalent of a full body workout?,1967.0,1967.0,5.0,0.002541942043721403,0.010518056680712158
73292,16799,What is it about music that sets the brain on fire?,2042.0,2042.0,12.0,0.005876591576885406,0.005943822532248849
73293,16799,Here's why musicians have better brains. And it's pretty incredible.,2024.0,2024.0,24.0,0.011857707509881422,0.008172099069383985
73306,16802,This emotional game takes 'good sportsmanship' to an entirely new level.,2033.0,2033.0,13.0,0.006394490900147565,0.012831014305963614
73307,16802,"There wasn't a dry eye, on court or off. Even the refs were crying.",2073.0,2073.0,30.0,0.01447178002894356,0.008015819865811721
73309,16802,Student diagnosed with terminal cancer still plays first college basketball game of the season.,1995.0,1995.0,11.0,0.005513784461152882,0.018133317659110394
73310,16802,Terminal cancer didn't get in the way of making student Lauren Hill's dream come true.,2003.0,2003.0,7.0,0.003494757863205192,0.00724942213146668
73314,16804,She felt she didn't deserve to live. Then Robin Williams died and everything changed.,1982.0,1982.0,9.0,0.004540867810292634,0.016100411044627772
73315,16804,"After Robin Williams' death, she realized just how wrong she had been about her life.",2078.0,2078.0,22.0,0.010587102983638113,0.021445761292947715
73316,16804,A celebrity's passing made her realize just how much her own life matters.,2057.0,2057.0,16.0,0.007778317938745746,0.01473930473742387
73317,16804,Her personal battle with depression offers an important lesson for all.,2006.0,2006.0,14.0,0.006979062811565304,0.006232112350035528
73359,16814,"Some think they live in the past. When it comes money, women are the future.",1712.0,1712.0,13.0,0.007593457943925234,0.005274822090111042
73360,16814,"Some think she lives in the past. When it comes her money, she’s the future.",1692.0,1692.0,10.0,0.00591016548463357,0.005033029612344835
73361,16814,"Some are stuck on history, but when it comes to money, they're the future.",1749.0,1749.0,6.0,0.003430531732418525,0.002729578513267796
73362,16814,"Some women want a man to secure their future. 
And then there's her.",1743.0,1743.0,21.0,0.012048192771084338,0.003064777352323156
73363,16814,"Her name is Minerva. She's very clear about her money, man and future.",1751.0,1751.0,12.0,0.006853226727584237,0.0014069723313710272
73364,16814,Her name is Minerva and she's doing what some  haven't done in decades.,1712.0,1712.0,13.0,0.007593457943925234,0.004122756423819459
73365,16814,She doesn't want a man in the future. She's got too much money to make.,1715.0,1715.0,8.0,0.004664723032069971,0.013027326686185564
73463,16835,A New York City woman just made the kind of movie that Hollywood never wants to make.,2271.0,2271.0,45.0,0.019815059445178335,0.012968964358364768
73464,16835,A New York woman just made the kind of movie that Hollywood never wants to make.,2246.0,2246.0,39.0,0.017364203027604632,0.01653278481600465
73465,16835,A New York City woman just made the kind of movie that Hollywood never wants to make.,2255.0,2255.0,50.0,0.022172949002217297,0.012951068917347718
73466,16835,A New York woman just made the kind of movie that Hollywood never wants to make.,2181.0,2181.0,51.0,0.023383768913342505,0.016491406893097204
73537,16850,She's the first American to ever win the International Children's Peace Prize. Hear her speech.,2199.0,2199.0,8.0,0.0036380172805820826,0.01191254307058762
73602,16865,Celebs reading mean tweets is funny. Why doesn't it work with teens?,2225.0,2225.0,21.0,0.00943820224719101,0.01591460285354547
73603,16865,Here's what their classmates are saying about them. It needs to stop.,2257.0,2257.0,14.0,0.006202924235711121,0.017244263140344076
73604,16865,Bullies are never easy. But Twitter is making it brutal.,2193.0,2193.0,10.0,0.004559963520291838,0.002097241722827446
73641,16873,"I take water for granted, but there's 3 reasons why she can't",2183.0,2183.0,9.0,0.004122766834631242,0.012030553791490135
73642,16873,It's so cool to see their lives change by the turn of a faucet,2262.0,2262.0,9.0,0.003978779840848806,0.01
73643,16873,There are 3 life-changing things that water does for her. When she lists them it really gets to me.,2166.0,2166.0,9.0,0.004155124653739612,0.011351598747134822
73644,16873,There are so many jobs in the water industry — but first you gotta find water,2220.0,2220.0,4.0,0.0018018018018018018,0.0043228394046852525
73663,16878,"C is for ""cookie."" That's good enough for ... government work?",2240.0,2240.0,16.0,0.007142857142857143,0.01
73672,16880,Some women in the depths of poverty just became water science experts.,2175.0,2175.0,4.0,0.0018390804597701149,0.01
73673,16880,An Upworthy &amp; TOMS event: Let's talk about water.,2356.0,2356.0,4.0,0.001697792869269949,0.00020255861651505454
73674,16880,Grab your knowledge cup and fill it up with our special World Water Day event,2256.0,2256.0,4.0,0.0017730496453900709,0.005964578727389994
73676,16881,What does this silly little robot cartoon critter teach us about feminism?<br>,2235.0,2235.0,9.0,0.004026845637583893,0.005839062874735889
73677,16881,Don't judge this lovable creature until you know him. Or her. Actually it's both.,2193.0,2193.0,6.0,0.0027359781121751026,0.010661804652529305
73678,16881,A cartoon that teaches us we don't have to pick a gender,2271.0,2271.0,13.0,0.005724350506384853,0.01594047475340332
73679,16881,"Why ladies, fellas, and talking bubbles all think this critter is sexy<br>",2224.0,2224.0,6.0,0.002697841726618705,0.0030908536533342194
73680,16881,"If feminism means you can be whoever you want, we can all be like this cartoon<br>",2250.0,2250.0,5.0,0.0022222222222222222,0.0105174667935304
73689,16884,A city of 8.5 million needed a better way to ration out its water supply.,2173.0,2173.0,9.0,0.0041417395306028535,0.005955507371623439
73690,16884,"Imagine living in NYC, but only having water for 4 hours/day. What would you do?",2240.0,2240.0,12.0,0.005357142857142857,0.010469976770737528
73691,16884,"In this city of 8.5 million, one essential resource can be extremely unreliable. What's the fix?",2261.0,2261.0,4.0,0.0017691287041132243,0.0016878613293452999
73692,16884,A new app helps this Indian city distribute its limited water supply.,2272.0,2272.0,2.0,0.0008802816901408451,3.3366985334366134e-05
73693,16884,People here used to sit by their taps for hours waiting for water. The new system is SO much better.,2227.0,2227.0,3.0,0.001347103726986978,0.01
73720,16890,"What if registering to vote were so easy, you didn't have to do ANYTHING? She thinks it should be.",2226.0,2226.0,6.0,0.0026954177897574125,0.01
73721,16890,"Oregon's Governor just did something that could change everything, if other states copy hers.",2265.0,2265.0,23.0,0.010154525386313467,0.020001296219518058
73722,16890,"She made registering to vote so easy, you don't even have to do ANYTHING.",2224.0,2224.0,4.0,0.0017985611510791368,0.0015026169980454744
73723,16890,She had a revolutionary idea: instantly being able to vote if you're eligible to vote. Brilliant!,2228.0,2228.0,3.0,0.0013464991023339318,0.004722612857667587
73724,16890,"Watch out, enemies of democracy. This lady wants to make it super easy for voters to vote.",2229.0,2229.0,4.0,0.001794526693584567,0.003868658589396381
73725,16890,People who think registering to vote should be a chore don't like this lady. Not one little bit.,2182.0,2182.0,6.0,0.002749770852428964,0.008819852813724684
73827,16911,What Kate Brown and Oregon are doing to simplify voting is nothing short of brilliant,2265.0,2265.0,12.0,0.005298013245033113,0.004938467463180168
73828,16911,"If what she just did in Oregon sweeps the nation, it's going to get very easy to vote.",2283.0,2283.0,14.0,0.006132282084975909,0.002848951006353899
73829,16911,Voting in her state wasn't easy enough for her. There. She fixed it.,2242.0,2242.0,11.0,0.004906333630686887,0.006972041971450963
73848,16915,First he describes the tragedy that changed his life. But then he reveals what he did with it.,2063.0,2063.0,11.0,0.005332040717401842,0.006833074443922855
73850,16915,"She died at age 7, but because of her lots of kids are learning to read.",2075.0,2075.0,16.0,0.0077108433734939755,0.017323637899161956
73870,16920,That one time a lawyer showed up to talk about 'right-to-work' and had the room in stitches.,3551.0,3551.0,21.0,0.005913827090960293,0.01179825682132221
73872,16920,A business owner drops in on hearings about right-to-work and gets everybody giggling.,3537.0,3537.0,18.0,0.005089058524173028,0.008903984564481
73873,16920,"Normally, hearings about laws are dry and pretty meh. This guy showed up and flipped the table.",3561.0,3561.0,26.0,0.007301319853973603,0.008514163987294961
73874,16920,"When he talked about a law that will cost working people money, he went all Stephen Colbert.",3571.0,3571.0,18.0,0.00504060487258471,0.00589307595634049
73875,16920,"He starts talking, and I'm thinking … groan. But he quickly gets me. I see what you did there.",3532.0,3532.0,16.0,0.004530011325028313,0.021576250957150083
73929,16934,These kids aren't all right. 7 beautiful photos from the front lines of climate change.,3638.0,3638.0,30.0,0.008246289169873557,0.011597857839412671
73930,16934,These kids aren't all right. 7 beautiful photos of children on the front lines of change.,3445.0,3445.0,19.0,0.0055152394775036286,0.011667205994322048
74073,16966,Kate Mara from House of Cards has a way to make Mondays something to get excited about.,1995.0,1995.0,24.0,0.012030075187969926,0.00666765740458475
74074,16966,3 big problems we have because Americans eat more of this than just about anyone.,1998.0,1998.0,40.0,0.02002002002002002,0.008449857509877978
74160,16988,Now *that's* what I call an acceptance speech. <br>,2102.0,2102.0,13.0,0.006184586108468126,0.004378344176464238
74161,16988,"Now *that's* what I call an acceptance speech. Thank you, Kerry Washington.<br>",2010.0,2010.0,7.0,0.003482587064676617,0.0037261573826645085
74173,16992,"I heard Rick Scott banned the term ""climate change."" I doubted it until I saw this hilarious video.",1990.0,1990.0,31.0,0.015577889447236181,0.01943535266783715
74174,16992,"I had to see it to believe it. Rick Scott banned the term 'climate change,' causing utter hilarity.",2000.0,2000.0,25.0,0.0125,0.01595276871702856
74175,16992,What hilarity ensues when people are banned from using words they need to use in their daily jobs?,2057.0,2057.0,24.0,0.01166747690811862,0.02139702649898918
74176,16992,"'Climate change.' One man is banned from saying it, but those who *can* have a field day with him.",2030.0,2030.0,23.0,0.011330049261083743,0.003050121800754638
74177,16992,"I didn't believe that Florida had banned this term, but something hilarious happened to prove it.",2065.0,2065.0,31.0,0.015012106537530266,0.027377922623038353
74179,16993,The kids aren't all right. 7 photos show you climate change from a special point of view.,2063.0,2063.0,31.0,0.015026660203587009,0.012374929269383026
74180,16993,The kids aren't all right. 7 worldwide photographers share how kids are living climate change.,2022.0,2022.0,26.0,0.012858555885262116,0.005086444914385171
74181,16993,The kids aren't all right. 7 photos show you a world of change.,2020.0,2020.0,44.0,0.02178217821782178,0.012721629876937509
74297,17022,"So many wise things fall out of this kid's mouth in such a short period of time, it's unbelievable.",2582.0,2582.0,18.0,0.006971340046475601,0.021155021338909934
74298,17022,I'd heard of Kid President but never saw him before this. That guy is fantastic.,2470.0,2470.0,15.0,0.006072874493927126,0.0019079953303457568
74302,17024,Let's talk turkey about the ruckus beef is causing,2515.0,2515.0,1.0,0.00039761431411530816,0.0019612712248029433
74303,17024,"There's a ruckus bubbling, which is sorta weird if there's no water",2598.0,2598.0,3.0,0.0011547344110854503,0.008692356154397732
74304,17024,Our food is causing a mighty big ruckus and you are right there a part of it,2519.0,2519.0,5.0,0.001984914648670107,0.003708149463425077
74312,17027,"Angelina Jolie had another major elective surgery, but wants you to know you don't have to",2539.0,2539.0,37.0,0.0145726664040961,0.018834268355256832
74313,17027,Angelina Jolie's just coming off major surgery. Here are her words for women facing cancer.,2522.0,2522.0,31.0,0.012291831879460745,0.014679846289232815
74314,17027,It was Angelina Jolie's 2nd cancer scare. But it's not just about her.,2490.0,2490.0,20.0,0.008032128514056224,0.013176669483593023
74315,17027,Angelina has access to preventative care. She knows not every woman is as lucky.,2572.0,2572.0,21.0,0.008164852255054433,0.010039075402556611
74327,17030,'Life is all about moments. No one in history has been able to hold onto one. Not a single soul.',2543.0,2543.0,8.0,0.0031458906802988595,0.009788814460026012
74328,17030,"As you lay dying, what moments will you remember?",2561.0,2561.0,21.0,0.008199921905505662,0.015360817119484598
74329,17030,"If you're watching this video at work, you're giving up something so incredibly precious.",2521.0,2521.0,17.0,0.006743355811186037,0.01
74330,17030,'How many moments have you lost thinking about the next one?',2543.0,2543.0,11.0,0.004325599685410932,0.0020217132608313856
74341,17033,"You've probable heard about one group of black men from Tuskegee, Alabama. But likely not the other.",2548.0,2548.0,24.0,0.009419152276295133,0.0030738185506120203
74342,17033,It's not often that one town is both famous and infamous at the same time.,2602.0,2602.0,12.0,0.004611837048424289,0.010888908830323684
74343,17033,"I never heard about Tuskegee, Alabama in school. Boy, did I miss a lot ...",2474.0,2474.0,11.0,0.00444624090541633,0.003193400360771926
74344,17033,One of these groups of black men was studied and left to die. The other took on Hitler.,2493.0,2493.0,12.0,0.0048134777376654635,0.010267449530380175
74345,17033,"One of these stories is horrifying. The other? Inspiring. Both happened in Tuskegee, Alabama.",2513.0,2513.0,11.0,0.004377238360525269,0.008695861908285663
74433,17053,Let me show you what discrimination looks like in real life. It hurts.,2524.0,2524.0,24.0,0.009508716323296355,0.01877106466313157
74563,17087,"It's a totally wild and pristine area. So naturally, someone wants to destroy it.",2058.0,2058.0,21.0,0.01020408163265306,0.003196333223074166
74564,17087,"Today, they see something beautiful and wild. But what will they see in 5 years?",1959.0,1959.0,6.0,0.0030627871362940277,0.0079870080920961
74565,17087,"They went to Alaska to document a wild river. Because soon, it may not be there at all.",2127.0,2127.0,5.0,0.0023507287259050304,0.01
74566,17087,It would be the largest mine of its kind in Alaska. That's a REALLY big deal — here's why.,1968.0,1968.0,2.0,0.0010162601626016261,0.0054589146539978095
74567,17087,"Imagine the wildest, most beautiful place you know. Now destroy it.",2065.0,2065.0,3.0,0.0014527845036319612,0.008285305741164897
74574,17089,Penélope Cruz may make you rethink all the water humans take for granted.,2026.0,2026.0,10.0,0.004935834155972359,0.007418767201500276
74575,17089,Penélope Cruz gives water a voice in this powerful and beautiful clip.,2070.0,2070.0,13.0,0.006280193236714976,0.01112556302648903
74576,17089,We often take this resource for granted. But it will survive long after we're gone.,1980.0,1980.0,3.0,0.0015151515151515152,0.01
74577,17089,Penélope Cruz stars in a role she's never played: water. So powerful.,2017.0,2017.0,5.0,0.002478929102627665,0.007418430259123206
74583,17091,A NASA astronaut explains how to get to the Space Station and why he's living there for a year.<br>,2035.0,2035.0,5.0,0.002457002457002457,0.01
74585,17091,"If we want to live on Mars, we need what this guy is going to learn living on ISS for a year",2007.0,2007.0,5.0,0.002491280518186348,0.0012088235632664581
74586,17091,"He's going to live on the Space Station for a year, so that someday we can all live on Mars<br>",1957.0,1957.0,7.0,0.0035769034236075624,0.0028426833728911628
74606,17096,An American and a Russian are about to live together in space for a whole year. <br>,2058.0,2058.0,5.0,0.0024295432458697765,0.012140138241532835
74607,17096,These two guys are going to live in a tiny tin can in space. For a year. <br>,2049.0,2049.0,8.0,0.003904343582235237,0.01
74681,17116,Shorter showers won't end our water-shortage crisis; it's this shared understanding that will.,2045.0,2045.0,10.0,0.004889975550122249,0.01
74682,17117,"Scientists are learning more about mind control, and it's nowhere near as rare as you might think.",2028.0,2028.0,17.0,0.008382642998027613,0.006763631896962056
74683,17117,"Scientists are learning more about mind control, and now they're finding it everywhere.",2022.0,2022.0,22.0,0.010880316518298714,0.0052098993319866435
74684,17117,"Scientists are learning more about mind control, and zombies are far more common than we thought.",2088.0,2088.0,10.0,0.004789272030651341,0.010208421388077534
74685,17117,Mind control is far more common than scientists used to think. Now I'm worried.,1999.0,1999.0,25.0,0.01250625312656328,0.008056999201394676
74795,17142,Got a 401-K? Do you know what your money is doing when you're not watching it?,2061.0,2061.0,1.0,0.00048520135856380397,0.002234016078024536
74796,17142,Their vests look silly. No wonder they want to divest.,2033.0,2033.0,4.0,0.001967535661583866,0.002306217529246024
74797,17142,It's a rap video. About money. That isn't even theirs.,2056.0,2056.0,5.0,0.0024319066147859923,0.005035743147314782
74798,17143,Here's what you need to know about the guy taking over for Jon Stewart on 'The Daily Show.',2008.0,2008.0,35.0,0.01743027888446215,0.010809647718721423
74799,17143,You might not know the guy who's taking over 'The Daily Show.' You should.,2096.0,2096.0,36.0,0.01717557251908397,0.015086569878806511
74800,17143,Trevor Noah is taking over 'The Daily Show.' Here's what he was doing before he got there.,2039.0,2039.0,28.0,0.01373222167729279,0.020205276779241513
74801,17143,The guy taking over for Jon Stewart is absolutely hilarious. Here's the evidence.,1986.0,1986.0,50.0,0.025176233635448138,0.011952286378982343
74802,17143,"Trevor Noah is taking over the 'Daily Show' from Jon Stewart, and that's super exciting.",2021.0,2021.0,24.0,0.011875309252845126,0.01852189169234602
74811,17146,Students are walking out of classrooms and pulling off clothes to send a message about dirty money.,2064.0,2064.0,7.0,0.003391472868217054,0.01208439054011971
74813,17146,True fact: Your school might be getting its money from dinosaurs. Not old people. Literal dinosaurs.,2031.0,2031.0,7.0,0.0034465780403741997,0.01
74844,17153,"Even after the repeal of 'Don't Ask, Don't Tell,' they have to keep their identities secret.",2042.0,2042.0,9.0,0.004407443682664055,0.01
74845,17153,It's an open secret among the members of her platoon. It shouldn't have to be a secret.,2063.0,2063.0,27.0,0.013087736306349976,0.009092824518110902
74846,17153,"Even after the repeal of 'Don't Ask, Don't Tell,' these people can still be fired from the military.",2048.0,2048.0,2.0,0.0009765625,0.0016413448589994578
74852,17155,It takes a community: how one man got support from his neighbors to save its water supply.,2010.0,2010.0,1.0,0.0004975124378109452,0.009549217954535177
74889,17165,Have you ever thought about how much of what you buy is to keep you 'normal'?,1967.0,1967.0,6.0,0.003050330452465684,0.0075102632423349235
74890,17165,"Could 'self-acceptance' help fight climate change? If you said 'wait, what,' you're in for a treat.",2064.0,2064.0,3.0,0.0014534883720930232,0.003419857424686125
74941,17178,MRSA is a modern superbug. The way to kill it is right out of history. The 9th century to be exact.<br>,2035.0,2035.0,8.0,0.003931203931203931,0.01
74942,17178,A remedy from a 9th century medieval text kills scary superbugs like MRSA. Here's how they found it.<br>,2070.0,2070.0,4.0,0.001932367149758454,0.007270195429995303
74943,17178,"Superbugs like MRSA may have just met their match thanks to this 9th century potion. Yes, really.<br>",2014.0,2014.0,11.0,0.005461767626613704,0.009127794593246221
74997,17192,They were told their salmon could be replaced by a farmed version. They politely declined the offer.,2024.0,2024.0,8.0,0.003952569169960474,0.008741451343457341
74998,17192,See the untamed river that may be destroyed just to ship coal overseas.,2062.0,2062.0,9.0,0.004364694471387003,0.00227754537223302
74999,17192,"It's a totally wild and pristine area. So naturally, someone wants to destroy it.",2035.0,2035.0,8.0,0.003931203931203931,0.003193760091990308
75000,17192,Watch: A community fights to preserve their river and the pristine land that surrounds it,2009.0,2009.0,7.0,0.003484320557491289,0.0011275442001928773
75002,17192,Watch how a community bravely stands up to a big coal corporation,1997.0,1997.0,5.0,0.0025037556334501754,0.009635512982563134
75014,17196,"It's a totally wild and pristine area. So naturally, someone wants to destroy it.",2092.0,2092.0,13.0,0.00621414913957935,0.003193760091990308
75162,17227,Helen Mirren says what every woman who's ever been on a crowded train has been thinking.,3195.0,3195.0,93.0,0.02910798122065728,0.025687560867076346
75163,17227,Helen Mirren says what every woman who's ever been on a crowded train has been thinking.,3157.0,3157.0,93.0,0.029458346531517264,0.025686754785711086
75164,17227,Helen Mirren says what every woman who's ever been on a crowded train has been thinking.<br>,3163.0,3163.0,107.0,0.03382864369269681,0.023368895118599946
75165,17227,Helen Mirren says what every woman who's ever been on a crowded train has been thinking.,3163.0,3163.0,130.0,0.04110022130888397,0.02570891738991714
75166,17228,Thought-provoking: Check out this argument for raising the minimum wage. From a rich guy.,2067.0,2067.0,13.0,0.006289308176100629,0.015156305218539383
75168,17228,The most interesting argument I've heard for raising the minimum wage. From a rich guy.,2047.0,2047.0,20.0,0.009770395701025891,0.02049804675908952
75169,17228,The best argument I've heard for raising the minimum wage. From a rich guy.,2030.0,2030.0,20.0,0.009852216748768473,0.020220169911509038
75180,17231,These students know a secret about how their school makes money. They made up a silly song about it.,3023.0,3023.0,45.0,0.014885874958650347,0.0068695737319367355
75181,17231,"Students follow the money and learn where it comes from. They are so mad, they take off their vests.",3099.0,3099.0,29.0,0.00935785737334624,0.004741009661424798
75182,17231,"They got silly vests, a rhyming dictionary, and a message for their school: drop big oil.",3067.0,3067.0,26.0,0.008477339419628301,0.01
75288,17254,Every sip could mean life or death. But they have no other choice.,2054.0,2054.0,6.0,0.0029211295034079843,0.002802712976575151
75289,17254,Clean water must come first. And then everything else will follow.,1984.0,1984.0,4.0,0.0020161290322580645,0.01
75290,17254,Nearly 1 in 3 people here lack access to a basic human necessity. Hear their story.,2037.0,2037.0,8.0,0.0039273441335297005,0.002117677866777417
75292,17254,Average life expectancy is 20 years shorter than in the U.S. — but one resource could change it all.,2060.0,2060.0,9.0,0.004368932038834952,0.01
75512,17301,Bicycle parts: One surprising way a country that was closed off to the USA has dealt with scarcity.,2027.0,2027.0,7.0,0.003453379378391712,0.00939375983327008
75513,17301,My bike broke. I got a new one. When that happens in Cuba — it's intense.,2016.0,2016.0,6.0,0.002976190476190476,0.006986770765120328
75514,17301,"Whether you're a 1990's or 1950's kid, if you're in Cuba you've seen these.",2063.0,2063.0,7.0,0.0033931168201648087,0.0022485960887292673
75515,17301,"They haven't had a new bike in decades, but that doesn't stop them from using what they've got.",2092.0,2092.0,10.0,0.004780114722753346,0.01
75516,17301,"Some might say it's sad, but I think that how they make them is inventive.",2020.0,2020.0,7.0,0.0034653465346534654,0.011491735550683349
75517,17301,One look at Cuba's bike culture and the creative people behind it,1975.0,1975.0,5.0,0.002531645569620253,0.005422127049416435
75598,17319,"Two comedians walk into the exact same job. One gets $60, the other gets $10.",2081.0,2081.0,41.0,0.019702066314271984,0.008511068726621983
75599,17319,"Two comedians walk into the same job. One gets $60, the other gets $10. Sarah's got some thouhts.",2007.0,2007.0,25.0,0.01245640259093174,0.004670005614804762
75600,17319,Sarah Silverman just life-coached everyone who's felt undeserving in their lives,2068.0,2068.0,31.0,0.014990328820116054,0.016552244805692687
75601,17319,Sarah Silverman's secret weapon to fight the gender pay gap is amazing persepctive on confidence,1970.0,1970.0,21.0,0.01065989847715736,0.014287705139245307
75621,17324,Sarah Silverman just life-coached everyone who's felt undeserving in their lives.,2028.0,2028.0,39.0,0.019230769230769232,0.01686258657833612
75622,17324,Ever felt undeserving? Sarah Silverman is your new life-coach. Listen up.,1974.0,1974.0,28.0,0.014184397163120567,0.014248997251538201
75623,17324,Expecting a standard Sarah Silverman rant on unequal pay? It's *so* much better than that.,2034.0,2034.0,33.0,0.016224188790560472,0.019982076838431423
75624,17324,Sarah Silverman just life-coached everyone who's felt undeserving. Such a cool perspective.,2101.0,2101.0,43.0,0.020466444550214184,0.012282884413988953
75749,17353,Gay propaganda transformed to make gay weddings more festive? Now that's lemons into lemonade.,2099.0,2099.0,10.0,0.004764173415912339,0.01
75767,17358,Here's a story you won't hear every day about a garment factory in Cambodia,1979.0,1979.0,10.0,0.005053057099545225,0.014039819255800914
75768,17358,Here's a program worth praising from a Cambodian garment factory. I was happy to see it.,2078.0,2078.0,6.0,0.0028873917228103944,0.011392317724796324
75769,17358,Take a look at this Cambodian factory's health program. It's rather impressive.,2095.0,2095.0,15.0,0.007159904534606206,0.004044088371509783
75770,17358,Take a look at this health education program in a garment factory. Everyone wins.,1996.0,1996.0,7.0,0.0035070140280561123,0.008453714888834589
75772,17358,"Cambodian women have it tough, but here's one way they're making it better",2036.0,2036.0,7.0,0.00343811394891945,0.010175260395057301
75821,17373,She carried her mattress to protest her rape. A nation joins her — for the second time.,2137.0,2137.0,16.0,0.007487131492746842,0.01186012657384959
75822,17373,Why students across the nation will carry mattresses on April 13,2002.0,2002.0,9.0,0.004495504495504496,0.007340098260927318
75823,17373,It started with a mattress. Then thousands of other people joined in.,1963.0,1963.0,14.0,0.007131940906775344,0.01
75824,17373,"Before, a mattress was just a place to sleep. Now it has a whole other meaning.",2029.0,2029.0,10.0,0.0049285362247412515,0.006858000225541775
75871,17385,He can't watch his girlfriend read tabloids anymore. She always ends up hating herself a bit more.,1988.0,1988.0,28.0,0.014084507042253521,0.022441185584025816
75872,17385,A huge enemy to women is not a person. It's printed on cheap paper. Tabloids can be so evil.,2014.0,2014.0,32.0,0.015888778550148957,0.01686273204882731
75874,17385,One of the biggest enemies to women? Tabloids. Why? Women buy and read them. And hate themselves.,2086.0,2086.0,27.0,0.012943432406519654,0.01622813932181754
75875,17385,His girlfriend lost herself in the pages of cheaply printed tabloids. He's had enough.,2031.0,2031.0,44.0,0.021664204825209258,0.020708125520501865
75876,17385,"Tabloids are so bad in the UK, they nickname body parts they think are gross or ugly. And it sells.",2041.0,2041.0,38.0,0.018618324350808426,0.021209476183919954
75881,17387,Thousands of survivors will carry mattresses to protest assault. We should all join them.,1962.0,1962.0,7.0,0.003567787971457696,0.0011782283794560325
75882,17387,She carried her mattress to protest her rape. A nation joins her — for the second time.,2008.0,2008.0,24.0,0.01195219123505976,0.01186012657384959
75883,17388,She carried her mattress to protest her rape. A nation joins her — for the second time.,2041.0,2041.0,15.0,0.007349338559529643,0.011866895491802289
75884,17388,Thousands of survivors will carry mattresses to protest assault. Here's why we should support them.,2063.0,2063.0,4.0,0.0019389238972370335,0.0032332262106755903
75909,17394,"50 years ago, it became illegal to pay women less than men. 50 years later, it still happens.",1989.0,1989.0,8.0,0.004022121669180492,0.009307942843452046
75910,17394,When a PSA from the 1970s can illustrate a problem still happening today. that's a PROBLEM.,2048.0,2048.0,17.0,0.00830078125,0.0024240942130646917
75911,17394,Batgirl thinks it's time to end the gender wage gap.,2033.0,2033.0,6.0,0.002951303492375799,0.006552419108432161
75912,17394,"Women have made a lot of progress the recently, but there's still a huge issue to be addressed.",2082.0,2082.0,11.0,0.005283381364073006,0.005974448242872547
75913,17394,"It's illegal to pay women less than men for doing the same job, but it happens anyway.",2001.0,2001.0,5.0,0.0024987506246876563,0.0027432761087319343
75914,17395,"They've produced 50,000 beautiful stories, but StoryCorps is far from done. They want yours!",1976.0,1976.0,5.0,0.0025303643724696357,0.01
75915,17395,The single largest collection of human voices ever recorded needs one more — yours.,2094.0,2094.0,3.0,0.0014326647564469914,0.01
75916,17395,The founder of StoryCorps talks about its history and its fun new app available right now.,2088.0,2088.0,5.0,0.0023946360153256703,0.01
75917,17395,Ever listen to a story on the radio and think you've got one better? StoryCorps has an app for that.,1984.0,1984.0,2.0,0.0010080645161290322,0.01
75918,17396,A woman explains her feelings about what men say about her face,2018.0,2018.0,34.0,0.01684836471754212,0.020981596075921254
75919,17396,She explains how men have opinions about her face when she's not even trying to make one,2011.0,2011.0,30.0,0.014917951268025857,0.017965667490951662
75920,17396,Men have an issue with her face and she's not even trying to make one,2087.0,2087.0,43.0,0.020603737422137038,0.017679161199018203
75921,17396,Men have opinions about her face so she explains her thoughts on all that,2023.0,2023.0,21.0,0.010380622837370242,0.015160224788963388
75936,17400,Get to know a VSLA. They're popping up all over the place.,2006.0,2006.0,21.0,0.010468594217347957,0.01
75939,17400,"Millions are participating in this rural savings program. After seeing it in action, I get why.",2120.0,2120.0,15.0,0.007075471698113208,0.01
76065,17429,These protest photos from around the world should scare the pants off of McDonald's and Walmart.,1986.0,1986.0,27.0,0.013595166163141994,0.007832440495398416
76066,17429,These photos from around the world should make companies like McDonald's and Walmart kinda nervous.,2005.0,2005.0,32.0,0.01596009975062344,0.00906910264685938
76067,17429,These protest photos from around the world should make McDonald's and Walmart kinda nervous.,2077.0,2077.0,30.0,0.014443909484833895,0.009841761252965379
76092,17434,We asked people why they're fighting to raise the minimum wage to $15. Here's what they told us.,2087.0,2087.0,11.0,0.005270723526593196,0.009518469771887205
76116,17439,We asked 11 people why they're fighting for $15 and this is what they said.,2031.0,2031.0,15.0,0.007385524372230428,0.008091340731637107
76119,17439,We asked 11 people why they're fighting for $15 and this is what they said.,2044.0,2044.0,12.0,0.005870841487279843,0.008145688274374039
76120,17439,We asked 11 people why they're fighting for $15 and this is what they said.,1982.0,1982.0,11.0,0.005549949545913219,0.008145688274374039
76141,17443,A new music video shows just how much education transforms girls' lives,2096.0,2096.0,11.0,0.005248091603053435,0.00479808611977534
76142,17443,"We've got a major education problem in the world, and this music video captures it beautifully.",2070.0,2070.0,7.0,0.003381642512077295,0.007759549188262781
76143,17443,What's it going to take to get 58 million kids back in school?,2040.0,2040.0,1.0,0.0004901960784313725,0.004620256138884127
76144,17443,Millions of girls are missing from the classroom — and it's fixable,2018.0,2018.0,6.0,0.002973240832507433,0.0005533674717235725
76221,17460,"Starting farm season by killing every living thing you see with fire? Yes? Farming palm oil, then?",2044.0,2044.0,12.0,0.005870841487279843,0.01
76222,17460,"If Indonesians keep farming palm oil this way, more than their jungles will be ruined forever.",1979.0,1979.0,8.0,0.00404244567963618,0.01
76223,17460,Would you set a forest full of animals on fire for your family to live well? Do you farm palm oil?<span></span>,2058.0,2058.0,12.0,0.0058309037900874635,0.004798922967886197
76225,17460,They treat land so destructively that forests full of endangered animals are blown out like candles.,2017.0,2017.0,7.0,0.0034705007436787306,0.005353321221224366
76232,17462,The TSA is being sued for one pretty much useless way it scans us at airports.,2060.0,2060.0,21.0,0.010194174757281554,0.009845318517558519
76233,17462,One way the TSA scans us at airports is about to be tried in court.,2012.0,2012.0,27.0,0.01341948310139165,0.012560796682547401
76234,17462,One way the TSA scans us at airports has cost $1 billion and ... doesn't work?!,2033.0,2033.0,22.0,0.010821446138711265,0.009056718934174693
76278,17472,It's a controversial test. What if I told you your kids might not have to take it?,1978.0,1978.0,11.0,0.005561172901921132,0.010226805732281284
76279,17472,Don't want your kids to take this test? Cool news for you.,2053.0,2053.0,10.0,0.004870920603994155,0.015233081218491415
76280,17472,"That controversial testing your child is about to take in school?  They don't have to, in many cases.",2012.0,2012.0,18.0,0.008946322067594433,0.010398391717863758
76281,17472,The thing parents don't know about these tests is that you can often opt your child out of them.,2032.0,2032.0,16.0,0.007874015748031496,0.016214999561920317
76283,17472,New tests are being rolled out. Some don't want you to know that your kids don't have to take them.,2002.0,2002.0,11.0,0.005494505494505495,0.0038113102858246817
76321,17483,Two dudes sing science facts to show you how stylish being smart is.,1972.0,1972.0,9.0,0.004563894523326572,0.011720269771997947
76323,17483,Watch two guys explain how science never has and never will go out of style.,1961.0,1961.0,6.0,0.0030596634370219276,0.00898293961720154
76324,17483,Fact: Science is stylish. Vogue Magazine has nothing on these two dudes.,1996.0,1996.0,2.0,0.001002004008016032,0.00906290643285608
76325,17483,Is science actually more stylish than designer clothes? These dudes make a compelling argument.,2004.0,2004.0,5.0,0.00249500998003992,0.011854387094333868
76326,17483,"This is the nerdiest Taylor Swift cover ever, which means it's the best Taylor Swift cover ever.",2081.0,2081.0,12.0,0.005766458433445459,0.02562515918155472
76341,17487,"Her mom didn't have any formal education, but she what she taught her daughter is huge.",2123.0,2123.0,13.0,0.006123410268487989,0.011694985876326901
76342,17487,"Kids learn a lot in school, but we shouldn't forget the value of hands-on experience.",1982.0,1982.0,8.0,0.004036326942482341,0.007273111609730957
76343,17487,How learning by *experiencing* helped a little girl turn a pineapple into a business.,2031.0,2031.0,9.0,0.004431314623338257,0.01
76352,17490,They asked people on the street to talk about their favorite teachers ever.,1978.0,1978.0,12.0,0.006066734074823054,0.010748027667901838
76353,17490,They asked people on the street to just start talking. About what? Teachers.,2086.0,2086.0,11.0,0.0052732502396931925,0.008849199638255398
76354,17490,They asked some people on the street to talk about their favorite teachers. The answers are perfect.,2026.0,2026.0,15.0,0.007403751233958539,0.012709984816793479
76448,17514,"Sex workers of the world, unite!",2043.0,2043.0,9.0,0.004405286343612335,0.006301475405225928
76449,17514,"The right to good working conditions, to be respected, the right to fair pay. Pretty basic. right?",2089.0,2089.0,9.0,0.00430828147438966,0.00591557257333944
76450,17514,"Most workers have the same rights, right? Umm … no.",1992.0,1992.0,11.0,0.005522088353413655,0.0004082486248181789
76451,17514,"When you are on the job, you have certain rights. Right?",2009.0,2009.0,6.0,0.0029865604778496766,0.01
76452,17515,A Minneapolis food bank teamed up with local cops to feed hungry people in a creative new campaign.,2018.0,2018.0,4.0,0.0019821605550049554,0.0017650522044319016
76454,17515,"Why cops in Minneapolis are carrying boxes of free, nutritious food on their daily patrols.",2097.0,2097.0,5.0,0.002384358607534573,0.007651172693960453
76455,17515,One food bank in Minnesota figured out a genius way of getting food to hungry people who need it.,2007.0,2007.0,17.0,0.008470353761833582,0.010174008417424569
76456,17515,When we think about solving hunger problem we talk big picture. Here's how thinking small helps too.,1997.0,1997.0,5.0,0.0025037556334501754,0.003037544740253165
76457,17515,"When you're hungry, eating spoiled food seems better than nothing. Here's how cops are fixing that.",2037.0,2037.0,8.0,0.0039273441335297005,0.0003668318618620086
76458,17515,"How cops giving out food will 'make a lot of people a little healthier in immediate, tangible ways.'",2023.0,2023.0,0.0,0.0,0.0006716213819567586
76459,17515,A Tumblr user explains why a food bank partnering with cops to give out free food is so helpful.,2038.0,2038.0,4.0,0.001962708537782139,0.01
76519,17529,This adorable little teacup Poodle does more than just look cute. She brings joy to the elderly.,2490.0,2490.0,14.0,0.005622489959839358,0.011760184593673168
76520,17529,"Nala is a working dog who sets her own schedule, decides who to see, and when to see them. Love.",2537.0,2537.0,18.0,0.007094994087504927,0.0022982907909045412
76521,17529,Nursing home residents are certain this tiny dog is from heaven. After seeing her in action I agree!,2481.0,2481.0,39.0,0.015719467956469165,0.006868613917020608
76522,17529,Enjoy this feel-good story about a little dog named Nala and the nursing home residents she loves.,2667.0,2667.0,22.0,0.008248968878890138,0.003043205008477279
76523,17530,This map will let you know what's happening in your own backyard. Literally.,2538.0,2538.0,6.0,0.002364066193853428,0.01
76524,17530,Meet the app that watches the forest when no one else is,2597.0,2597.0,11.0,0.004235656526761648,0.01
76525,17530,Meet the app that watches the forest when no one else is,2521.0,2521.0,7.0,0.002776675922253074,0.01
76526,17530,Here's the app that's going to make a lot of lumberjacks nervous,2527.0,2527.0,8.0,0.0031658092599920855,0.010159500267054459
76538,17533,An Iraq war veteran found the answer to his PTSD. On a mountain. With his dog. And his cat.,2547.0,2547.0,18.0,0.007067137809187279,0.003478392230256193
76539,17533,"See how a homeless war veteran with PTSD was saved by a mountain, a dog, and a cat.",2570.0,2570.0,16.0,0.0062256809338521405,0.0038007183381593476
76540,17533,"How a mountain, a dog, and a cat saved the life of a homeless war veteran with PTSD.",2523.0,2523.0,12.0,0.0047562425683709865,0.0037685806337926582
76541,17533,He came back from the war with PTSD. But he and his dog found an 'adventurous' way to deal with it.,2537.0,2537.0,24.0,0.009459992116673236,0.010476707356684184
76542,17533,A traumatized war veteran is fighting PTSD by climbing mountains — with 2 cuddly animals.,2435.0,2435.0,13.0,0.0053388090349075976,0.0037169612342536126
76565,17538,"This isn't JUST two adorkable acappella scientists singing about science to  Taylor Swift's ""Style"".",2531.0,2531.0,14.0,0.005531410509679968,0.011319486560415884
76566,17538,Taylor Swift's 'Style' gets parodied to show that science also has 'Style'.,2560.0,2560.0,8.0,0.003125,0.01268437798699401
76567,17538,Taylor Swift's 'Style' is so cool. Science is also just as cool. Don't believe me? I'll prove it.,2516.0,2516.0,5.0,0.001987281399046105,0.008149478944316448
76739,17573,"If these families can just get a promising drug to market, their sons may have a future after all.",2043.0,2043.0,6.0,0.002936857562408223,0.01
76741,17573,4 families are on a mission to speed up drug approval for their kids' best chance yet.,2062.0,2062.0,5.0,0.0024248302618816685,0.000386554807961079
76742,17573,An emotional film tells a story of 4 families trying to get a possible cure approved for use.,2024.0,2024.0,7.0,0.003458498023715415,0.01
76882,17606,"The Supreme Court has ruled on gay marriage before, but this is the big one.",2133.0,2133.0,8.0,0.003750586029067042,0.0114881216866299
76884,17606,"The Supreme Court has ruled on gay marriage before, but his case could make it legal everywhere.",1994.0,1994.0,7.0,0.003510531594784353,0.006978090711359751
76885,17606,Gay marriage could finally become legal this summer because of their incredible love story.,2004.0,2004.0,10.0,0.00499001996007984,0.010573658096612884
76886,17606,"When his husband died, his home state pretended he didn't exist. Now he's about to make history.",2036.0,2036.0,21.0,0.01031434184675835,0.012550509821331097
76887,17607,A woman making $300 a week gets a raise and paid maternity leave - finally.,2058.0,2058.0,27.0,0.013119533527696793,0.005026630574396467
76888,17607,A mom of 2 plus 1 on the way bursts into tears when she's finally paid what she deserves.,2058.0,2058.0,44.0,0.021379980563654033,0.009600203648350347
76889,17607,"No one wants to see a pregnant woman cry, but what he said about her future got me too.",2011.0,2011.0,46.0,0.022874191944306316,0.005269919110022574
76890,17607,How all hardworking women should be treated before their maternity leave,1989.0,1989.0,37.0,0.01860231271995978,0.015543777712638405
76891,17607,When people are actually paid what they deserve they can hardly believe it.,2084.0,2084.0,39.0,0.01871401151631478,0.020187125591239974
76892,17607,Watch how he treats a store manger who is about to go on maternity leave. It's perfect.,2038.0,2038.0,51.0,0.025024533856722278,0.01596015282134012
76928,17616,His husband died 2 years ago. Now he's *this* close to making gay marriage legal in every state.,2037.0,2037.0,7.0,0.003436426116838488,0.012310806167020905
76930,17616,This is the heartbreaking case that might finally make gay marriage legal in every state.,1977.0,1977.0,18.0,0.009104704097116844,0.015207713780857519
76931,17616,"By honoring his late husband, he might wind up making gay marriage legal in every state.",2058.0,2058.0,6.0,0.0029154518950437317,0.012220562909783707
76932,17616,This is the love story that could lead to gay marriage finally becoming legal in every state.,1997.0,1997.0,11.0,0.005508262393590386,0.012767883674785225
76933,17617,Let's give same-sex couples the memories we all deserve to have.,1998.0,1998.0,5.0,0.0025025025025025025,0.006876009535702082
76934,17617,15 hypothetical couples who never got to have a wedding album,2039.0,2039.0,20.0,0.00980872976949485,0.01439242040729831
76935,17617,Millions of couples never got the chance to have a wedding album. We can change that.,1973.0,1973.0,8.0,0.0040547389761784085,0.0020993406106116414
76936,17617,Here are the wedding memories that didn't get a chance,2144.0,2144.0,18.0,0.008395522388059701,0.0033070919269004174
76938,17618,Bees are in serious trouble. Part of the answer couldn't be easier — or more delightful.,2011.0,2011.0,13.0,0.006464445549477871,0.01
76939,17618,"We've been hearing a lot about the trouble with bees, but this scientist's solution is delightful.",2084.0,2084.0,18.0,0.008637236084452975,0.004515811537518316
76991,17630,Baltimore Orioles exec: 'We need to keep in mind people are suffering and dying around the U.S.',1991.0,1991.0,3.0,0.0015067805123053742,0.0015334500338723
76992,17630,Baltimore Orioles executive pens beautifully articulated defense of local protesters.,1969.0,1969.0,7.0,0.0035551041137633316,8.0353280516286e-05
76993,17630,A Baltimore Orioles executive tweets out an impassioned defense in support of local protesters.,2119.0,2119.0,4.0,0.0018876828692779614,0.01
76994,17630,Baltimore Orioles exec calls for end to 'needless suffering government is inflicting' on residents.,2073.0,2073.0,11.0,0.005306319343945972,0.01
77049,17641,Unlikely duo: Bill Nye and President Obama team up to get kids interested in science.,3072.0,3072.0,10.0,0.0032552083333333335,0.01686544929968733
77051,17641,Bill Nye and the POTUS hang out in the Everglades and discuss how to get kids interested in science.,3112.0,3112.0,12.0,0.0038560411311053984,0.006860719758648148
77052,17641,Brainstorming with Bill Nye and President Obama: How do we get more kids interested in science?,2898.0,2898.0,11.0,0.003795721187025535,0.014446413652395088
77053,17641,How do we make more kids fall in love with science? Bill Nye and President Obama discuss.,3125.0,3125.0,9.0,0.00288,0.008764935102403032
77054,17642,Leave those rocks alone. They might be a hellbender's home.,2063.0,2063.0,13.0,0.006301502666020358,0.01
77055,17642,"If you see a 2-foot-long salamander, you know you've found a healthy stream.",2035.0,2035.0,5.0,0.002457002457002457,0.0005483257783880785
77056,17642,They're searching for the last dragons: the Appalachian hellbender.,2007.0,2007.0,6.0,0.0029895366218236174,0.0004778065491791222
77076,17647,15 hypothetical couples who never got to have a wedding album,3102.0,3102.0,40.0,0.012894906511927788,0.01439242040729831
77077,17647,These 15 hypothetical couples never got to have wedding memories. Here's what they could've been.,3008.0,3008.0,37.0,0.012300531914893617,0.01099553590412387
77078,17647,These 15 hypothetical couples never got to have wedding memories. We can change that.,2998.0,2998.0,33.0,0.011007338225483656,0.009481745745206565
77079,17647,These 15 hypothetical couples never got to have wedding memories. Can we change that?,3067.0,3067.0,33.0,0.010759700032605152,0.011281230623512484
77227,17678,Being addicted to a particular drug should not be a death sentence. Ask her.,2018.0,2018.0,11.0,0.005450941526263627,0.0013599429915096238
77229,17678,What if there was a very simple way to prevent most heroin overdoses? There is.,2004.0,2004.0,5.0,0.00249500998003992,0.010838391936208258
77230,17678,"When heroin users overdose, their friends and family can keep them from dying. Here's how.",2086.0,2086.0,15.0,0.007190795781399808,0.0158462608300352
77231,17678,Here's an incredibly effective effort in Baltimore to save the lives of drug users.,2001.0,2001.0,7.0,0.0034982508745627187,0.004621041379591054
